data_id	experiment	sigma	calculated	residual_over_sigma
15_3	19.90379037	5	38.37329980996302	3.693901887992605
15_5	13.77531997	5	32.52355210096703	3.749646426193407
15_6	14.56319557	5	29.85484409598976	3.058329705197953
15_7	14.76479139	5	27.0236803723501	2.45177779647002
15_8	14.81736267	5	23.73804856881291	1.784137179762582
15_9	14.46347583	5	20.68944296481915	1.245193426963831
15_10	13.77698587	5	17.95182504988772	0.8349678359775432
15_11	13.0839521	5	14.543011232415	0.2918118264830006
15_12	10.7193247	5	11.68710282099883	0.1935556241997659
15_13	8.982664678000001	5	8.284282197074701	-0.13967649618506
15_14	7	5	5.713419894934995	-0.2573160210130011
15_16	7	5	3.714522842845956	-0.6570954314308088
15_17	7	5	5.840049692909362	-0.2319900614181275
15_18	10.52375062	5	8.557451174394275	-0.3932598891211448
15_19	12.14189717	5	11.25337860013525	-0.177703713972949
15_20	11.7587403	5	14.03207338968151	0.4546666179363015
15_21	13.13031892	5	16.03053441771758	0.580043099543515
15_22	13.15941374	5	18.80102037770483	1.128321327540965
15_23	12.80217703	5	19.80741073474483	1.401046740948967
15_24	9.484616344000001	5	21.839341042292	2.470944939658399
15_25	10.11846015	5	24.30753040979723	2.837814051959445
15_26	11.17948354	5	26.48132925007538	3.060369142015076
15_27	12.86419294	5	27.83728718870303	2.994618849740605
15_28	12.85240813	5	30.38922637803186	3.507363649606373
15_29	13.56182608	5	32.21025100636999	3.729684985273999
15_30	13.00304574	5	34.84973866299003	4.369338584598007
15_31	13.90433341	5	37.15058954506571	4.649251227013141
15_32	14.61951866	5	40.35438094342952	5.146972456685903
15_33	15.01208697	5	42.56234795955103	5.510052197910207
15_34	14.49328109	5	45.26750292488607	6.154844366977215
15_35	14.93349899	5	47.96451712158865	6.606203626317731
15_36	16.13564413	5	50.45150966683695	6.86317310736739
15_37	17.49043121	5	52.46332209858957	6.994578177717915
15_38	18.88968325	5	54.6021679495255	7.142496939905101
15_39	19.95834716	5	56.49578044434433	7.307486656868866
15_40	19.82732337	5	58.36102543891401	7.706740413782802
15_41	19.44170878	5	60.06415332146998	8.124488908293996
15_42	20.27151897	5	61.60551059348771	8.266798324697543
15_43	21.42533556	5	63.64531117562286	8.443995123124571
15_44	22.18888627	5	64.63653201952837	8.489529149905675
15_45	21.51964577	5	66.76512276691122	9.049095399382244
15_46	20.91033636	5	68.46411121262318	9.510754970524635
15_48	19.18824568	5	71.34138956891664	10.43062877778333
15_49	22.19766282	5	72.67806015537087	10.09607946707417
15_50	30.49433617	5	74.82090016680556	8.865312799361112
15_52	24.1224948	5	77.09861841656721	10.59522472331344
15_53	29.01281048	5	78.35915241163796	9.869268386327594
15_54	50	25	79.06776814095936	1.162710725638374
15_55	50	25	80.08211017847231	1.203284407138892
15_56	50	25	80.24921851277662	1.209968740511065
15_57	50	25	80.07664496928705	1.203065798771482
15_58	50	25	81.06153678344957	1.242461471337983
15_60	30.85456677	5	79.91780359375315	9.812647364750628
15_61	28.89701902	5	80.84835414433883	10.39026702486776
15_62	29.16154684	5	79.71390018605747	10.11047066921149
15_63	29.71288481	5	79.38752130150544	9.934927298301089
15_64	30.05856766	5	78.87786297081063	9.763859062162124
15_65	26.73686671	5	78.74689884324991	10.40200642664998
15_66	26.95230341	5	76.84807841977394	9.979155001954789
15_67	27.26439693	5	77.50955120634758	10.04903085526952
15_68	50	25	75.59027231589852	1.023610892635941
15_69	50	25	75.40920101379405	1.016368040551762
15_71	26.86058613	5	74.10145133849277	9.448173041698553
15_72	27.72024506	5	74.0030022914719	9.256551446294381
15_73	26.56271867	5	73.05542696874137	9.298541659748276
15_74	28.63228781	5	72.91547802146582	8.856638042293163
15_75	50	25	73.55908209204938	0.9423632836819752
15_76	50	25	72.93532027634159	0.9174128110536635
15_77	50	25	73.81247658183553	0.952499063273421
15_79	25.44483599	5	73.79305863308268	9.669644528616535
15_80	25.23325873	5	75.09971949986483	9.973292153972967
15_81	50	25	74.07420710285258	0.9629682841141033
15_82	50	25	75.97228401870684	1.038891360748274
15_83	29.97022333	5	74.48773089342278	8.903501512684556
15_84	50	25	75.52050837463597	1.020820334985439
15_86	50	25	73.2021587881044	0.928086351524176
15_87	50	25	73.00673039817565	0.9202692159270259
15_88	30.41240932	5	72.47043268098524	8.411604672197049
15_89	27.38136167	5	71.13405125183098	8.750537916366195
15_90	24.92114738	5	70.95990917355506	9.207752358711012
15_91	26.33349369	5	70.47230433822037	8.827762129644075
15_92	50	25	70.24130588628471	0.8096522354513883
15_94	26.27729722	5	69.7701410132466	8.698568758649319
15_95	50	25	68.84392772630383	0.7537571090521533
15_96	50	25	67.85300225690298	0.7141200902761193
15_97	50	25	67.61097705146541	0.7044390820586165
15_99	30.24243782	5	65.35486071924147	7.022484579848294
15_100	50	25	63.67050816163971	0.5468203264655884
15_101	50	25	62.37658782867509	0.4950635131470037
15_102	50	25	61.49738374609475	0.4598953498437899
15_103	50	25	59.7622398879905	0.3904895955196201
15_104	50	25	58.64169714248311	0.3456678856993244
15_105	50	25	57.28738623836942	0.2914954495347769
15_106	50	25	56.78919216245816	0.2715676864983263
15_107	50	25	55.10108141580087	0.2040432566320348
15_108	50	25	54.54189235351301	0.1816756941405203
15_109	50	25	53.14473522108091	0.1257894088432366
15_110	50	25	53.1583175735391	0.126332702941564
15_111	50	25	52.12682503148562	0.08507300125942464
15_113	50	25	51.22260418440564	0.04890416737622558
15_114	50	25	51.65323283638554	0.06612931345542165
15_115	26.09268355	5	51.65727224147071	5.112917738294143
15_116	29.04546023	5	52.38827110800037	4.668562175600075
15_117	28.37167356	5	53.04272159696364	4.934209607392729
15_118	50	25	54.34745985263051	0.1738983941052206
15_119	26.69924491	5	55.10071252717854	5.680293523435707
15_120	26.98809576	5	55.63743015410468	5.729866878820937
15_121	25.84694419	5	57.40814274167653	6.312239710335306
15_122	25.1366813	5	58.20828009860151	6.614319759720301
15_123	22.32033727	5	59.75031052434766	7.485994650869531
15_124	20.13689153	5	60.74802205429791	8.122226104859582
15_125	20.53634878	5	61.6335291942264	8.219436082845281
15_126	20.72007166	5	63.94290725053483	8.644567118106966
15_127	23.35179507	5	64.34485967545886	8.198612921091772
15_128	24.30446121	5	67.21596394755211	8.582300547510423
15_129	26.98107205	5	67.43587896616407	8.090961383232813
15_130	29.51285249	5	70.02838730174388	8.103106962348775
15_131	31.27937756	5	70.56272541695334	7.856669571390668
15_132	50	25	72.23412066623631	0.8893648266494523
15_133	28.96538346	5	73.58774305330937	8.924471918661874
15_134	26.18396177	5	74.63110705541601	9.689429057083203
15_135	26.76696348	5	76.59391674700363	9.965390653400727
15_136	27.0947927	5	77.11373984005398	10.0037894280108
15_137	50	25	78.638216105108	1.14552864420432
15_138	30.26516387	5	79.83409636449312	9.913786498898626
15_139	30.13694352	5	81.63982584595898	10.3005764651918
15_140	26.88985198	5	82.60338552801143	11.14270670960228
15_141	25.94082326	5	83.93780153197851	11.5993956543957
15_142	25.71975956	5	84.31824720362891	11.71969752872578
15_143	26.16305467	5	85.78362895392038	11.92411485678408
15_144	27.61367102	5	85.89939885548635	11.65714556709727
15_145	27.04270479	5	85.73986564181121	11.73943217036224
15_146	26.20113104	5	87.09746897607424	12.17926758721485
15_147	27.11363637	5	85.57968722184539	11.69321017036908
15_148	27.65954304	5	85.73899614372942	11.61589062074588
15_149	50	25	84.67649587619972	1.387059835047989
15_150	50	25	84.98040232063266	1.399216092825307
15_151	50	25	84.81412259070183	1.392564903628073
15_152	30.96615557	5	83.54613052964604	10.51599499192921
15_153	27.52344097	5	83.72700868889231	11.24071354377846
15_155	23.01292313	5	83.29616394991289	12.05664816398258
15_156	22.86318901	5	82.16407087421673	11.86017637284335
15_157	25.0549123	5	81.89608079177709	11.36823369835542
15_158	50	25	82.26389894276492	1.290555957710597
15_161	50	25	79.05499955068733	1.162199982027493
15_162	50	25	78.23204858067538	1.129281943227015
15_163	26.40320745	5	77.22985153150508	10.16532881630102
15_164	23.78084821	5	75.56352176976074	10.35653471195215
15_165	22.84923785	5	75.24629066947945	10.47941056389589
15_166	24.3087287	5	74.20000789994415	9.978255839988829
15_167	25.98038452	5	73.2956989063364	9.46306287726728
15_168	26.36773752	5	73.39995766577164	9.406444029154327
15_169	23.48668267	5	73.16799817690628	9.936263101381256
15_170	22.88829921	5	72.85177939063448	9.992696036126896
15_171	22.67187092	5	71.82887962459274	9.831401740918547
15_173	20.29757222	5	71.95961373586421	10.33240830317284
15_174	25.7939905	5	70.83945513913041	9.009092927826082
15_175	50	25	71.54992850327388	0.861997140130955
15_178	24.66184664	5	71.00324503086762	9.268279678173524
15_180	50	25	70.8367211377071	0.833468845508284
15_181	50	25	70.99532033895879	0.8398128135583517
15_184	50	25	71.43472515840044	0.8573890063360176
15_185	50	25	71.76252463581075	0.8705009854324299
15_186	50	25	71.37155343035806	0.8548621372143225
15_187	27.34314691	5	71.85800823683341	8.902972265366682
15_190	26.45719261	5	68.49148989013466	8.406859456026933
15_191	24.36659966	5	67.2016736412356	8.56701479624712
15_192	23.03011384	5	66.11832759697309	8.617642751394618
15_193	23.57243575	5	66.3639312298678	8.558299095973561
15_194	24.92180156	5	63.95665511278487	7.806970710556975
15_195	24.33144166	5	64.15846368821468	7.965404405642937
15_196	23.28088237	5	62.64286112317579	7.872395750635159
15_197	22.38750789	5	61.48910704476069	7.820319830952139
15_198	23.01345997	5	60.89119809656437	7.575547625312875
15_199	22.59206329	5	60.32990873352779	7.547569088705558
15_201	22.82764591	5	59.55006335033067	7.344483488066134
15_202	25.03249629	5	59.54043537615313	6.901587817230626
15_204	27.58437032	5	60.77890775250234	6.638907486500469
15_205	27.82314094	5	62.12149266495759	6.859670344991517
15_207	22.65233646	5	64.42671915908961	8.354876539817923
15_208	22.3553238	5	66.36085024894358	8.801105289788715
15_209	23.08953104	5	67.57642590489465	8.897378972978931
15_210	24.7204374	5	68.61748330373698	8.779409180747395
15_211	24.37202934	5	69.31556488973877	8.988707109947754
15_212	22.61593215	5	70.22167866294993	9.521149302589986
15_214	23.36848429	5	71.63626272223439	9.653555686446879
15_215	22.1089198	5	71.39828090942081	9.857872221884161
15_217	23.95190487	5	73.29673746451677	9.868966518903353
15_220	25.25400806	5	74.59349922418208	9.867898232836415
15_221	24.28656832	5	74.17479150815701	9.977644637631403
15_222	23.72629329	5	75.41335492968227	10.33741232793645
15_224	21.49590789	5	74.10298521556027	10.52141546511205
15_225	24.84164949	5	75.02956108783351	10.0375823195667
15_226	26.34759803	5	73.37260565803294	9.405001525606588
15_227	27.27354929	5	73.31029365296402	9.207348872592805
15_228	27.85100256	5	71.58933145315038	8.747665778630076
15_229	26.69753021	5	71.87197398679176	9.034888755358352
15_230	23.05950226	5	70.06863028077585	9.401825604155169
15_231	20.47283241	5	69.48918891633464	9.803271301266928
15_234	25.28158549	5	67.27830770648694	8.399344443297389
15_235	27.0367595	5	66.95105615846295	7.982859331692589
15_237	26.09633389	5	66.75011852130547	8.130756926261094
15_238	25.35209262	5	67.11084923261916	8.351751322523832
15_239	24.87010767	5	65.93306157849791	8.212590781699584
15_240	24.71575449	5	67.31429575109011	8.519708252218024
15_241	24.29824392	5	65.86347889553728	8.313046995107456
15_242	22.20158431	5	67.53290790137957	9.066264718275914
15_243	22.24987032	5	65.95332394959424	8.740690725918848
15_244	22.10783867	5	66.37450936097785	8.853334138195571
15_245	23.43831608	5	64.41837683699947	8.196012151399895
15_246	23.8303365	5	64.62543252327126	8.159019204654252
15_248	23.53807794	5	60.80635001218681	7.453654414437362
15_250	23.05408678	5	57.82603856557051	6.954390357114102
15_252	24.56790263	5	56.39907288534633	6.366234051069266
15_253	24.48913257	5	53.82994436882251	5.868162359764503
15_254	25.13282224	5	53.4258158573093	5.658598723461861
15_255	26.28715695	5	53.4181137681427	5.426191363628539
15_256	31.38489634	5	52.27830375143785	4.178681482287571
15_257	50	25	51.25784516411009	0.05031380656440348
15_258	29.90225995	5	49.4302576331035	3.9055995366207
15_259	26.60619581	5	49.12106001019077	4.502972840038155
15_260	28.62236269	5	48.11372537173039	3.898272536346078
15_261	27.08357388	5	47.93372106780053	4.170029437560105
15_262	29.95179062	5	48.16375789291535	3.64239345458307
15_263	25.47737439	5	48.2315866229123	4.55084244658246
15_264	29.27868996	5	48.51171928444447	3.846605864888895
15_265	25.63908391	5	48.63974934692052	4.600133087384103
15_266	26.34106327	5	48.33390791947433	4.398568929894867
15_267	23.5415976	5	48.77963544398195	5.047607568796389
15_268	20.75389482	5	48.63523217519598	5.576267471039197
15_269	22.24490549	5	49.57626286385961	5.466271474771922
15_271	26.61445766	5	50.66454403749438	4.810017275498876
15_273	28.81893857	5	51.12556995167098	4.461326276334195
15_274	25.39633992	5	52.31109098391949	5.382950212783898
15_275	24.63838937	5	51.09187395180192	5.290696916360385
15_276	24.92419699	5	51.84310778602367	5.383782159204735
15_277	24.51868306	5	50.683477840166	5.232958956033199
15_278	25.03881613	5	51.30705929097508	5.253648632195015
15_279	26.64934325	5	50.78022111607935	4.82617557321587
15_280	26.79673861	5	50.71368399827956	4.783389077655912
15_281	26.75663896	5	50.67655289255869	4.783982786511737
15_282	23.04067636	5	49.19486308250415	5.23083734450083
15_283	23.39118263	5	50.52200337302561	5.426164148605123
15_284	24.21454633	5	49.00033115722248	4.957156965444495
15_285	27.09550239	5	49.64713842366796	4.510327206733592
15_286	28.75600835	5	50.42417918284293	4.333634166568587
15_287	29.95732015	5	49.1948497976811	3.84750592953622
15_288	50	25	49.59298044602854	-0.01628078215885836
15_289	50	25	47.9010538572783	-0.08395784570886804
15_290	50	25	48.34453481264487	-0.06621860749420506
15_292	50	25	47.79102548423633	-0.08835898063054685
15_293	27.85948011	5	48.45172978664888	4.118449935329775
15_294	24.43031587	5	48.96483393452099	4.906903612904197
15_295	26.61533679	5	50.68890110760789	4.814712863521578
15_296	28.29065489	5	50.74707148009596	4.491283318019192
15_297	50	25	50.56738752529363	0.02269550101174531
15_298	29.06021508	5	51.27101918220195	4.442160820440391
15_299	27.85546862	5	49.24097740327833	4.277101756655666
15_300	26.67662833	5	50.08238962792317	4.681152259584634
15_302	25.04347106	5	49.26551459268008	4.844408706536017
15_305	22.13483661	5	50.28915555736935	5.630863789473869
15_306	23.54430106	5	48.95860886498716	5.082861560997433
15_307	25.47003962	5	50.59641936263534	5.025275948527067
15_308	25.82406972	5	48.51107277859384	4.537400611718768
15_309	25.41207792	5	50.1290444881794	4.94339331363588
15_310	23.32960551	5	49.15710611541358	5.165500121082717
15_311	21.62344412	5	49.77564767224344	5.630440710448689
15_313	19.7599755	5	48.98675106600031	5.845355113200062
15_314	21.23852763	5	50.78126061592418	5.908546597184836
15_315	22.91525229	5	49.08703827622134	5.234357197244266
15_316	23.91522962	5	50.10435901840074	5.237825879680148
15_317	25.47977456	5	50.44667653762535	4.993380395525071
15_318	28.8126487	5	49.43749502605376	4.124969265210752
15_319	50	25	49.65119704295701	-0.01395211828171966
15_320	50	25	47.75839271542136	-0.08966429138314566
15_321	50	25	48.54787666686246	-0.05808493332550171
15_323	30.84194435	5	47.80697797820683	3.393006725641366
15_324	27.95367078	5	49.21813880071594	4.252893604143188
15_325	24.91106519	5	50.34158046938499	5.086103055876998
15_326	27.10153339	5	50.89093336745382	4.757879995490764
15_327	26.82099859	5	52.39818647869441	5.115437577738882
15_328	50	25	51.74176291909023	0.06967051676360939
15_329	50	25	53.08067890063942	0.1232271560255768
15_330	25.86304504	5	52.14806257632781	5.257003507265562
15_331	18.75024713	5	53.38454874464377	6.926860322928752
15_333	28.99447555	5	54.26812065203146	5.054729020406291
15_336	23.75827719	5	57.58850526312561	6.766045614625122
15_337	25.71981176	5	56.30004720750389	6.116047089500777
15_338	26.83297538	5	57.62963432760619	6.159331789521238
15_339	27.749977	5	56.22009496352275	5.694023592704551
15_340	50	25	57.20334616621526	0.2881338466486105
15_341	50	25	57.32521361497501	0.2930085445990002
15_342	50	25	56.99187598696991	0.2796750394787964
15_343	50	25	57.9772398623273	0.3190895944930921
15_344	50	25	56.4421366610279	0.2576854664411158
15_345	29.74249558	5	57.82734554972126	5.616969993944251
15_346	25.01010083	5	56.28986822759571	6.255953479519142
15_347	23.75461505	5	57.71219225491794	6.791515440983588
15_348	25.8534187	5	57.77347519835565	6.38401129967113
15_349	27.13262162	5	57.53389023793034	6.080253723586069
15_350	50	25	55.90108210257505	0.2360432841030021
15_351	50	25	55.85680523619659	0.2342722094478637
15_352	50	25	54.25913537241654	0.1703654148966615
15_353	50	25	54.34663355965314	0.1738653423861254
15_354	50	25	53.25026438359114	0.1300105753436458
15_355	27.17110092	5	52.60922515534711	5.087624847069423
15_356	25.53515642	5	52.14972846615262	5.322914409230523
15_357	23.9878275	5	50.85980054581393	5.374394609162785
15_358	26.23511821	5	51.06768318369454	4.966512994738908
15_359	50	25	50.24092560511911	0.009637024204764373
15_360	28.98047631	5	49.90978574499066	4.185861886998133
15_361	23.93489993	5	49.7288201574866	5.158784045497319
15_362	23.6713843	5	50.35361819830297	5.336446779660595
15_363	50	25	51.14933367911589	0.04597334716463564
15_365	26.48475402	5	51.89372830753172	5.081794857506345
15_368	50	25	53.20313262481633	0.1281253049926531
15_369	29.78720185	5	52.23294055229231	4.489147740458462
15_370	22.76844323	5	53.09258947881152	6.064829249762304
15_371	22.9599883	5	51.48690416480982	5.705383172961964
15_372	22.39357759	5	51.89943369222673	5.901171220445346
15_373	27.45659043	5	51.2787695594418	4.76443582588836
15_374	27.2887296	5	51.11091680897873	4.764437441795746
15_375	27.31733311	5	51.33171575291691	4.802876528583383
15_376	27.40873075	5	49.5107113757301	4.420396125146021
15_377	22.88988072	5	49.28348490044418	5.278720836088835
15_378	21.73084463	5	48.29420636046549	5.312672346093097
15_379	22.13464267	5	47.3132357161912	5.03571860923824
15_380	25.35981431	5	47.52050117277943	4.432137372555885
15_381	50	25	46.05749707240459	-0.1577001171038162
15_382	27.11077616	5	46.37488392997344	3.852821553994688
15_383	26.4419915	5	45.91425253688285	3.894452207376569
15_384	25.23813	5	46.21415355705824	4.195204711411647
15_385	25.08704876	5	45.9281390706087	4.16821806212174
15_386	25.70823825	5	46.32963653447317	4.124279656894633
15_387	50	25	46.80479983932764	-0.1278080064268946
15_388	50	25	47.445862602331	-0.1021654959067598
15_389	27.15164593	5	47.70847925241607	4.111366664483214
15_390	24.00389463	5	48.29703452431718	4.858627978863437
15_391	24.46106434	5	48.95537455926426	4.898862043852851
15_392	28.88208507	5	48.91104469945292	4.005791925890583
15_393	50	25	50.10503047315159	0.004201218926063745
15_394	27.26393057	5	50.49376398507898	4.645966683015796
15_395	25.33961129	5	51.76711722150787	5.285501186301573
15_396	27.92170598	5	52.9532384758264	5.006306499165279
15_398	50	25	55.28159099520459	0.2112636398081836
15_399	50	25	56.36887494358438	0.2547549977433752
15_400	50	25	56.56690734180409	0.2626762936721636
15_401	30.16113844	5	56.73238127191384	5.314248566382767
15_402	27.37113578	5	56.65489024399149	5.856750892798297
15_403	25.14773909	5	55.34302285110473	6.039056752220946
15_404	25.72598542	5	55.38126190674296	5.931055297348593
15_406	50	25	52.46696191606272	0.09867847664250888
15_407	50	25	51.91048123056801	0.07641924922272039
15_408	50	25	51.0384476522702	0.04153790609080801
15_409	30.94593284	5	50.42003264680743	3.894819961361486
15_410	50	25	49.70847595097508	-0.01166096196099687
15_411	50	25	48.69931175242143	-0.05202752990314281
15_412	50	25	48.31386120591711	-0.06744555176331574
15_413	50	25	47.32612970777195	-0.1069548116891221
15_414	50	25	46.99770082556717	-0.1200919669773131
15_415	50	25	47.02812775429184	-0.1188748898283262
15_416	29.86458681	5	47.95338817538028	3.617760273076056
15_417	30.53730761	5	47.5553551271823	3.403609503436459
15_418	26.13491134	5	48.56690794945737	4.486399321891474
15_419	50	25	48.64277834535532	-0.05428886618578702
15_420	50	25	49.62509052594823	-0.01499637896207076
15_421	50	25	50.31468034948357	0.01258721397934266
15_422	50	25	49.83503845880366	-0.00659846164785364
15_424	50	25	51.00138920565365	0.04005556822614608
15_425	50	25	50.02759839110591	0.001103935644236458
15_426	29.14031314	5	50.55235312829549	4.282407997659098
15_427	27.03364341	5	51.18589137640665	4.830449593281331
15_428	26.82478369	5	50.6303470605955	4.761112674119101
15_429	26.51544798	5	50.08108107014429	4.713126618028858
15_430	27.36610974	5	50.95181030932547	4.717140113865094
15_431	31.03913696	5	51.45110196689995	4.082393001379989
15_432	28.73251271	5	50.54512280802177	4.362522019604353
15_433	26.36323454	5	50.52412840636877	4.832178773273755
15_434	26.36299271	5	51.77013305180326	5.081428068360651
15_435	26.99850033	5	51.74654657382344	4.949609248764688
15_436	27.69478934	5	51.14982577352109	4.691007286704219
15_437	30.33447121	5	51.88535374521022	4.310176507042043
15_438	27.52331064	5	52.96639995745509	5.088617863491018
15_439	28.42868533	5	52.7996802259102	4.87419897918204
15_440	27.43084185	5	53.45878235543238	5.205588101086477
15_441	28.14017795	5	52.61118908397298	4.894202226794595
72_3	50	25	83.90878931110502	1.356351572444201
72_5	26.34065351	5	80.72405063237974	10.87667942447595
72_6	26.37280056	5	78.9854615364607	10.52253219529214
72_7	27.12324924	5	78.50445915025252	10.2762419820505
72_8	27.54463499	5	76.69021341220929	9.829115684441858
72_9	26.30251959	5	76.11786852509317	9.963069787018634
72_10	25.3499451	5	76.01220951898907	10.13245288379781
72_11	24.80574292	5	74.58624063420461	9.956099542840922
72_12	25.50058602	5	74.97672022401997	9.895226840803995
72_13	25.60180137	5	74.90015121393476	9.859669968786951
72_14	24.73209033	5	73.57032498178195	9.76764693035639
72_15	23.85629604	5	74.26033308189183	10.08080740837837
72_16	24.23516135	5	72.74512410864429	9.701992551728859
72_17	25.04615504	5	72.89255110917986	9.569279213835973
72_18	25.41329583	5	72.76943258810151	9.471227351620303
72_19	25.44043256	5	72.52477686522467	9.416868861044932
72_20	25.45983316	5	73.1331962116911	9.53467261033822
72_21	27.36053156	5	73.58636142440623	9.245165972881248
72_22	27.81662229	5	74.00185172851741	9.237045887703482
72_23	25.59390559	5	74.01222070792294	9.683663023584588
72_24	24.6230079	5	74.16495731158487	9.908389882316973
72_25	23.66943237	5	73.1642135524299	9.898956236485981
72_26	23.99280598	5	74.12764027294784	10.02696685858957
72_27	23.66846169	5	72.76111327682122	9.818530317364244
72_28	24.18160894	5	72.11180267765806	9.586038747531612
72_29	23.70382528	5	71.40337507391422	9.539909958782843
72_30	23.75878239	5	71.59523279996137	9.567290081992272
72_31	22.63323406	5	70.9920688238476	9.67176695276952
72_32	22.6532816	5	71.10946613907288	9.691236907814575
72_33	23.12227644	5	71.23641051797439	9.622826815594879
72_34	25.84926224	5	71.1291850783048	9.05598456766096
72_35	27.0527411	5	71.15738518232423	8.820928816464846
72_36	29.28410067	5	70.97128987283899	8.337437840567798
72_37	28.55376268	5	70.71531832896586	8.432311129793174
72_38	28.77132402	5	70.78450003620183	8.402635203240367
72_39	27.54234365	5	69.8681649155283	8.465164253105659
72_40	26.9608632	5	69.1842123491287	8.44466982982574
72_41	25.71306089	5	68.8349781771537	8.62438345743074
72_42	25.47345172	5	68.08390043631111	8.522089743262223
72_43	26.48600947	5	67.91367362781851	8.285532831563703
72_44	28.72955521	5	66.02781499104782	7.459651956209564
72_45	27.1332444	5	65.78411365116726	7.730173850233453
72_46	23.72563385	5	64.3614152279484	8.12715627558968
72_48	22.55220646	5	61.73252955455884	7.836064618911768
72_49	22.86384446	5	60.03113028809049	7.433457165618097
72_50	22.74082798	5	58.87809970061785	7.22745434412357
72_52	21.48232812	5	55.18524295304466	6.740582966608933
72_53	22.78781706	5	53.92446560058166	6.227329708116331
72_54	23.64790691	5	51.56859791029228	5.584138200058455
72_55	24.24585339	5	49.79095681503706	5.109020685007413
72_56	23.41053745	5	47.85326755065108	4.888546020130216
72_57	23.28793363	5	45.18917616951742	4.380248507903483
72_58	23.31631542	5	43.27021959177434	3.990780834354867
72_60	20.23096975	5	37.7550003112192	3.50480611224384
72_61	20.92867069	5	35.58705336957538	2.931676535915076
72_62	21.28935271	5	32.58781163132073	2.259691784264145
72_63	20.19236508	5	29.94122748347995	1.94977248069599
72_64	19.80157031	5	26.96421571542219	1.432529081084439
72_65	18.41621358	5	24.62590532374949	1.241938348749897
72_66	17.33745688	5	21.26255946460579	0.7850205169211577
72_67	16.09776383	5	18.37009641699806	0.4544665173996115
72_68	14.4796662	5	14.99173413391346	0.1024135867826921
72_69	9.474954325000001	5	11.8468083204374	0.4743707990874803
72_71	7	5	6.03964487661845	-0.19207102467631
72_73	7	5	3.783510628931541	-0.6432978742136918
72_74	7	5	6.516944806814681	-0.09661103863706373
72_75	12.9489679	5	9.588380211512362	-0.6721175376975275
72_76	13.096297	5	12.49537849042668	-0.1201837019146641
72_77	9.765962839	5	15.70408198314881	1.187623828829763
72_79	12.96324964	5	21.31831129116796	1.671012330233592
72_80	20.39999983	5	24.49678697403704	0.8193574288074081
72_81	22.83116808	5	26.54626532854704	0.7430194497094071
72_82	21.95822049	5	29.88662761535248	1.585681425070496
72_83	21.59445546	5	31.54613518824453	1.990335945648907
72_84	22.12213799	5	33.99939355718895	2.375451113437791
72_86	22.04633874	5	36.63925462868644	2.918583177737287
72_87	21.6095185	5	38.56630757157338	3.391357814314675
72_88	20.92448964	5	39.59723894339923	3.734549860679846
72_89	20.5704538	5	40.13704747822568	3.913318735645137
72_90	19.89718117	5	41.14391959813299	4.249347685626597
72_91	19.95736455	5	42.40334123252688	4.489195336505375
72_92	20.5686497	5	43.5902334726439	4.60431675452878
72_94	19.34319424	5	45.99777047173757	5.330915246347515
72_95	20.07175151	5	46.57628594496367	5.300906886992735
72_96	21.67874887	5	47.51117606183307	5.166485438366614
72_97	25.39032502	5	48.81152909252322	4.684240814504643
72_99	25.26317051	5	51.66421547688496	5.280208993376991
72_100	25.50499478	5	52.35476282161394	5.369953608322787
72_101	27.47941934	5	53.98841241189461	5.301798614378923
72_102	29.89369051	5	55.44595815261489	5.110453528522977
72_103	29.70291968	5	56.53309457420376	5.366034978840752
72_104	28.14797459	5	58.03866807082989	5.978138696165979
72_105	31.30913556	5	58.98056869259208	5.534286626518416
72_106	50	25	59.98434442831162	0.3993737771324649
72_107	50	25	59.89441194509457	0.3957764778037827
72_108	31.95740453	5	60.14971808676557	5.638462711353115
72_109	30.81508648	5	60.28878675867674	5.894740055735347
72_110	29.50392767	5	60.29527905828	6.158270277656
72_111	29.64816883	5	61.4787720815053	6.36612065030106
72_113	26.68935761	5	61.91257205679209	7.044642889358417
72_114	28.18947209	5	62.18568756318429	6.799243094636859
72_115	50	25	61.765431047418	0.4706172418967199
72_116	27.61579548	5	62.38266522622016	6.953373949244034
72_117	26.94171451	5	62.02693671620581	7.017044441241163
72_118	24.86086188	5	61.7956588281684	7.386959389633679
72_119	25.45995461	5	62.32899848133387	7.373808774266775
72_120	25.38736011	5	61.26504858118338	7.175537694236676
72_121	25.24591344	5	60.49080533385014	7.048978378770028
72_122	24.1207302	5	60.75277221784957	7.326408403569914
72_123	23.21237104	5	60.09824675841131	7.377175143682261
72_124	22.60444682	5	59.18219948328617	7.315550532657234
72_125	22.26442669	5	58.36967029684198	7.221048721368396
72_126	22.11060705	5	58.01046606068866	7.179971802137733
72_127	24.52458874	5	57.15177647492865	6.525437546985731
72_128	25.27857878	5	57.56335975147017	6.456956194294034
72_129	26.39735869	5	56.67080234976885	6.054688731953769
72_130	23.57202553	5	56.89396427018318	6.664387748036634
72_131	24.1008946	5	56.38276477432592	6.456374034865183
72_132	25.18606396	5	57.05289474104654	6.373366156209308
72_133	25.68097237	5	57.35167524914394	6.334140575828788
72_134	27.81478183	5	57.77743640144874	5.992530914289747
72_135	26.37042141	5	58.34161581181355	6.394238880362711
72_136	28.30434315	5	59.00555465976591	6.140242301953182
72_137	26.74795448	5	60.31562716102813	6.713534536205626
72_138	26.79061084	5	61.31752232959025	6.905382297918051
72_139	25.94008581	5	62.89341089415982	7.390665016831965
72_140	25.96648753	5	63.92763329363572	7.592229152727145
72_141	25.85085485	5	65.21616267761402	7.873061565522804
72_142	24.63774674	5	66.18136219167337	8.308723090334675
72_143	24.42653522	5	67.32774336731491	8.58024162946298
72_144	24.76025586	5	68.12527269528069	8.673003367056136
72_145	25.42560485	5	68.82634502396645	8.680148034793291
72_146	26.01507703	5	70.50235846131942	8.897456286263884
72_147	25.41688275	5	68.86422093095933	8.689467636191868
72_148	24.34269164	5	69.84979303775408	9.101420279550817
72_149	23.31761098	5	69.00920060179267	9.138317924358535
72_150	23.7038028	5	68.94483987803252	9.048207415606505
72_151	22.83739424	5	68.82633669902043	9.197788491804086
72_152	22.6436876	5	67.6609756618023	9.00345761236046
72_153	21.83079913	5	67.50815856449833	9.135471886899666
72_155	18.51880811	5	66.64516737045909	9.625271852091819
72_156	19.70016617	5	65.66059382792793	9.192085531585585
72_157	20.24922246	5	65.09591237537549	8.969337983075098
72_158	19.83287737	5	66.21950299649994	9.277325125299988
72_161	21.03679366	5	65.76843992228788	8.946329252457577
72_162	22.58916537	5	65.57374924412846	8.596916774825692
72_163	22.25024008	5	65.58248749097791	8.666449482195583
72_164	21.70997584	5	65.41972568511467	8.741949969022935
72_165	21.69882697	5	64.98290928576579	8.656816463153158
72_166	21.84383802	5	64.62137252410751	8.555506900821502
72_167	22.1926615	5	64.33176393353811	8.427820486707622
72_168	21.73295714	5	65.24758330963155	8.702925233926312
72_169	22.83669595	5	65.18070469982638	8.468801749965277
72_170	22.72750591	5	65.51935492964829	8.558369803929656
72_171	22.85866373	5	65.17840827782945	8.46394890956589
72_173	19.4256564	5	66.91114164456459	9.497097048912918
72_174	21.01417205	5	66.60695573088529	9.118556736177059
72_175	24.32316608	5	67.73909696093317	8.683186176186634
72_178	22.11638344	5	69.4958484933688	9.47589301067376
72_180	23.13257957	5	70.25729091634993	9.424942269269986
72_181	26.50326443	5	71.65002915338083	9.029352944676166
72_184	27.04992047	5	73.46960553263293	9.283937012526584
72_185	26.65150899	5	74.28258989065701	9.526216180131403
72_186	27.2276615	5	74.12206723453656	9.378881146907313
72_187	29.61124305	5	75.108394822188	9.099430354437601
72_190	26.31287527	5	73.22873639869759	9.383172225739518
72_191	25.6481412	5	72.58295650702243	9.386963061404487
72_192	24.30791411	5	71.05782713988617	9.349982605977235
72_193	22.33717	5	71.36126378599336	9.804818757198671
72_194	22.9690426	5	68.64489039670151	9.135169559340302
72_195	22.37548161	5	68.55104381334928	9.235112440669855
72_196	23.32492155	5	66.55233810730114	8.645483311460229
72_197	22.78241956	5	64.93082063728978	8.429680215457957
72_198	23.08785908	5	64.41425679557824	8.265279543115648
72_199	21.81319212	5	63.45230074170047	8.327821724340094
72_201	22.69077192	5	62.68018108925486	7.997881833850971
72_202	24.18842893	5	63.31150189947191	7.824614593894381
72_204	21.73175239	5	64.06537294515317	8.466724111030635
72_205	26.75545361	5	65.25112759230757	7.699134796461513
72_207	21.25227863	5	66.69682763701137	9.088909801402274
72_208	23.06637679	5	67.82673391426614	8.952071424853228
72_209	23.27368845	5	68.25794873850286	8.996852057700572
72_210	20.77550036	5	68.97754538819849	9.6404090056397
72_211	20.70611786	5	69.78601373456465	9.815979174912929
72_212	21.24999648	5	70.97078514420463	9.944157732840925
72_214	19.42568465	5	71.94553131652927	10.50396933330585
72_215	21.78475781	5	72.78220163801045	10.19948876560209
72_217	21.78822878	5	73.99854787326822	10.44206381865365
72_220	23.18044173	5	76.00605525552957	10.56512270510592
72_221	22.48832998	5	76.42481347764812	10.78729669952962
72_222	20.64945359	5	77.49783934603728	11.36967715120746
72_224	20.52256563	5	76.8873878670379	11.27296444740758
72_225	21.47550609	5	77.90919396276212	11.28673757455242
72_226	21.47328011	5	76.10649195520266	10.92664236904053
72_227	21.14070341	5	76.4252802223871	11.05691536247742
72_228	21.21784151	5	74.99340964273887	10.75511362654777
72_229	20.80354065	5	74.05971336144249	10.6512345422885
72_230	20.9221847	5	73.04091883850265	10.42374682770053
72_231	21.21890556	5	72.05451908423333	10.16712270484667
72_234	21.86301254	5	69.46827046536256	9.521051585072513
72_235	22.11988238	5	69.19966274570037	9.415956073140073
72_237	22.46591424	5	68.07184079203439	9.121185310406878
72_238	24.02334328	5	69.31548698918476	9.058428741836952
72_239	25.23408158	5	68.43773552063233	8.640730788126465
72_240	24.77341181	5	69.96603350406599	9.038524338813199
72_241	23.5341874	5	68.98332953542619	9.089828427085239
72_242	21.84752173	5	70.71861910141344	9.774219474282688
72_243	21.1266358	5	69.90902907776155	9.756478655552309
72_244	22.01870614	5	70.49305516319045	9.69486980463809
72_245	22.55159921	5	70.12875104293128	9.515430366586257
72_246	23.18101245	5	70.51671356007925	9.467140222015852
72_248	23.64947887	5	68.09131129973733	8.888366485947467
72_250	24.05025177	5	67.59255253597594	8.708460153195187
72_252	26.18665666	5	65.45347280314438	7.853363228628877
72_253	26.07373238	5	64.73280366559355	7.731814257118711
72_254	28.05824192	5	64.86335718152753	7.361023052305507
72_255	28.37007089	5	63.95645438729169	7.117276699458337
72_256	29.18052729	5	62.69496305947983	6.702887153895965
72_257	27.04080564	5	61.277563931023	6.847351658204599
72_258	25.58999751	5	60.15252914265998	6.912506326531997
72_259	25.20869264	5	58.63341013183955	6.684943498367912
72_260	23.79118895	5	58.14200097764247	6.870162405528494
72_261	24.67822812	5	56.85188390822258	6.434731157644515
72_262	24.91271806	5	56.37901070211656	6.293258528423312
72_263	28.32945491	5	55.91228438456834	5.516565894913669
72_264	27.96149281	5	56.43503215165212	5.694707868330424
72_265	27.03496352	5	56.67155841489117	5.927318978978234
72_266	25.66363701	5	56.86995644408933	6.241263886817865
72_267	26.3127371	5	58.03546169021901	6.344544918043802
72_268	26.49761527	5	58.50281417102823	6.401039780205645
72_269	25.15793632	5	60.66521419368173	7.101455574736346
72_271	23.5708303	5	63.0507311400974	7.89598016801948
72_273	24.41962743	5	66.06280230414356	8.328634974828713
72_274	25.36422634	5	69.10736498898974	8.748627729797949
72_275	25.14848137	5	67.36654965064288	8.443613656128576
72_276	24.72427279	5	68.60355600727101	8.775856643454201
72_277	24.0302289	5	67.12001499587271	8.617957219174542
72_278	25.10581761	5	66.5573553577731	8.290307549554621
72_279	24.44829668	5	66.33511184683591	8.377363033367184
72_280	22.71689298	5	64.60093324321176	8.376808052642351
72_281	22.74286698	5	63.88175012899737	8.227776629799475
72_282	26.28259457	5	61.50782204198559	7.045045494397118
72_283	29.40796051	5	60.67789076832803	6.253986051665607
72_284	50	25	58.80698775391001	0.3522795101564006
72_285	26.83786916	5	57.70887780547707	6.174201729095414
72_286	27.73289203	5	56.34432935194467	5.722287464388933
72_287	27.35727407	5	55.19760141316962	5.568065468633924
72_288	27.74464506	5	53.59949277336408	5.170969542672816
72_289	27.17075815	5	52.42108655270525	5.050065680541049
72_290	27.90304618	5	51.88076592758655	4.79554394951731
72_291	26.68703108	5	50.64940700430571	4.792475184861143
72_292	26.81676377	5	50.11056489186883	4.658760224373767
72_293	26.60628664	5	49.22875537413324	4.524493746826647
72_294	25.21269145	5	48.8869300171898	4.734847713437961
72_295	25.35150335	5	48.44943671825334	4.619586673650668
72_296	24.87086255	5	49.04516031242665	4.834859552485329
72_297	26.71581159	5	49.20949584058719	4.498736850117439
72_298	25.18641139	5	49.90310680461055	4.94333908292211
72_299	25.16624045	5	50.85523344686932	5.137798599373864
72_300	26.13627533	5	52.31740204456117	5.236225342912234
72_302	24.38684812	5	54.39044779488939	6.000719934977878
72_305	26.34028987	5	59.7660138111815	6.6851447882363
72_306	25.68384622	5	58.91359351910077	6.645949459820154
72_307	25.43889928	5	60.80713411957608	7.073646967915217
72_308	24.7900541	5	60.95424368187702	7.232837916375404
72_309	24.42309361	5	61.20637394041604	7.356656066083209
72_310	23.27825281	5	62.16350229790839	7.777049897581679
72_311	21.94583581	5	60.6605033449576	7.742933506991521
72_313	22.68152584	5	58.54382098955485	7.172459029910971
72_314	23.9308493	5	58.31375187032845	6.876580514065689
72_315	25.70796032	5	57.43236925952058	6.344881787904116
72_316	28.88059596	5	56.79370870824165	5.582622549648329
72_317	50	25	55.35865506913581	0.2143462027654323
72_318	50	25	54.45125284737048	0.1780501138948191
72_319	50	25	52.73699831573605	0.1094799326294418
72_320	28.88472294	5	51.92023855659473	4.607103123318945
72_321	28.63820363	5	50.45449660928566	4.363258595857133
72_323	28.28611843	5	48.19647096695829	3.982070507391658
72_324	26.95053378	5	47.11345507166717	4.032584258333434
72_325	26.99667155	5	46.27538776761588	3.855743243523177
72_326	25.2152028	5	45.19642703072289	3.996244846144577
72_327	26.81829544	5	44.38329210459038	3.512999332918076
72_328	27.17883514	5	44.20510538413333	3.405254048826666
72_329	27.67872954	5	43.63787489357274	3.191829070714547
72_330	26.03023824	5	44.40329231066225	3.674610814132451
72_331	23.79814418	5	44.28743986740594	4.097859137481189
72_333	31.12156669	5	46.14083110434251	3.003852882868502
72_336	31.83660911	5	50.7140389716677	3.775485972333541
72_337	30.0709417	5	51.53840016668734	4.293491693337468
72_338	29.26292656	5	53.7170431606926	4.890823320138519
72_339	28.80250267	5	54.34933389482637	5.109366244965274
72_340	29.03914423	5	55.65461471695539	5.323094097391077
72_341	29.57464282	5	57.30293188417283	5.545657812834565
72_342	30.81427761	5	57.8035132885956	5.397847135719119
72_343	28.30178171	5	59.97621896574697	6.334887451149394
72_344	26.70493596	5	58.64331731005939	6.387676270011879
72_345	27.32745288	5	60.54305224728568	6.643119873457136
72_346	50	25	59.96289971838365	0.3985159887353458
72_347	50	25	60.88366254392442	0.4353465017569766
72_348	50	25	60.48784512850417	0.4195138051401668
72_349	50	25	59.61086306883353	0.3844345227533412
72_350	28.34468403	5	58.45754951964638	6.022573097929276
72_351	27.1372472	5	57.5344765818966	6.079445876379319
72_352	28.03175827	5	56.66988541165261	5.727625428330523
72_353	50	25	55.61060765949232	0.224424306379693
72_354	50	25	55.68899987935185	0.2275599951740742
72_355	30.84835937	5	54.68355884021479	4.767039894042958
72_356	27.36835054	5	54.581283611057	5.4425866142114
72_357	27.78999133	5	54.29984958880207	5.301971651760414
72_358	28.16388343	5	54.77941825919573	5.323106965839147
72_359	50	25	55.03339806663323	0.2013359226653293
72_360	27.793914	5	54.94582671039688	5.430382542079376
72_361	31.01166285	5	55.40139867637856	4.877947165275711
72_362	50	25	55.57748797788556	0.2230995191154224
72_363	50	25	56.95581598258708	0.2782326393034833
72_365	31.62321055	5	58.07851113331689	5.291060116663377
72_368	50	25	60.20960732892481	0.4083842931569924
72_369	50	25	60.02105133741158	0.4008420534964631
72_370	50	25	61.57482537024028	0.4629930148096114
72_371	28.81280031	5	61.4120395141742	6.519847840834839
72_372	27.04923079	5	62.48326299231412	7.086806440462823
72_373	25.81695491	5	63.98107862743435	7.63282474348687
72_374	24.79252301	5	63.39341415660611	7.72017822932122
72_375	24.72953356	5	65.74229850606977	8.202552989213954
72_376	25.42359788	5	64.98024460710823	7.911329345421646
72_377	24.74276395	5	66.81720933191976	8.414889076383952
72_378	24.01422203	5	66.31637989487066	8.460431572974134
72_379	23.62547335	5	67.34520997120367	8.743947324240734
72_380	26.3508506	5	67.21519617953605	8.17286911590721
72_381	24.90364856	5	66.76155127885968	8.371580543771937
72_382	25.11568792	5	67.30994897976856	8.438852211953712
72_383	26.80383517	5	68.56559184113065	8.352351334226132
72_384	50	25	68.13524196777269	0.7254096787109074
72_385	50	25	69.39484970163078	0.775793988065231
72_386	50	25	69.3416743584858	0.7736669743394322
72_387	50	25	69.97889803014202	0.7991559212056808
72_388	50	25	70.10243589508768	0.8040974358035072
72_389	50	25	69.6621129046115	0.7864845161844601
72_390	50	25	70.49871020396613	0.8199484081586451
72_391	50	25	70.77993266423525	0.8311973065694098
72_392	50	25	70.13196060612252	0.8052784242449007
72_393	50	25	70.78256167021235	0.8313024668084938
72_394	50	25	70.30611830617873	0.8122447322471493
72_395	28.24486272	5	71.232905689036	8.5976085938072
72_396	29.27697489	5	71.22258361482281	8.389121744964561
72_398	50	25	72.27919936519935	0.8911679746079738
72_399	50	25	72.1149092567192	0.884596370268768
72_400	50	25	72.35580185920108	0.8942320743680432
72_401	50	25	71.76539183680852	0.8706156734723407
72_402	50	25	71.46458797488964	0.8585835189955856
72_403	50	25	69.96936535610587	0.7987746142442347
72_404	50	25	68.65015130025995	0.7460060520103979
72_406	25.41885054	5	65.4399778829852	8.00422546859704
72_407	50	25	64.44123524597846	0.5776494098391385
72_408	50	25	62.51114811403333	0.5004459245613333
72_409	50	25	62.06441587146409	0.4825766348585637
72_410	50	25	60.48163669528102	0.4192654678112407
72_411	50	25	60.29371901013786	0.4117487604055142
72_412	31.12958007	5	59.29415000743692	5.632913987487384
72_413	31.69401931	5	58.97000230886427	5.455196599772853
72_414	50	25	59.47427104580113	0.3789708418320453
72_415	50	25	59.62430680782433	0.3849722723129733
72_416	31.72331742	5	60.21495110889123	5.698326737778247
72_417	50	25	59.375559676037	0.37502238704148
72_418	50	25	60.35947284054531	0.4143789136218123
72_419	50	25	60.32529505676774	0.4130118022707097
72_420	31.48819187	5	60.45678222908349	5.793718071816699
72_421	50	25	61.70362648116532	0.4681450592466126
72_422	31.99412244	5	61.40659355301776	5.882494222603551
72_424	26.67305442	5	61.37362337665478	6.940113791330956
72_425	30.07111126	5	61.23732946340679	6.233243640681359
72_426	50	25	62.1750607929927	0.4870024317197081
72_427	50	25	63.07235949417354	0.5228943797669416
72_428	30.81097012	5	62.74521713559412	6.386849403118825
72_429	29.87384191	5	63.14604760104258	6.654441138208517
72_430	50	25	64.55255647721931	0.5821022590887724
72_431	50	25	65.09125598646001	0.6036502394584005
72_432	50	25	64.75892383733105	0.5903569534932421
72_433	50	25	65.69367969183629	0.6277471876734517
72_434	50	25	67.25374630763089	0.6901498523052356
72_435	50	25	67.36100070285953	0.6944400281143811
72_436	50	25	67.59103675287039	0.7036414701148158
72_437	50	25	69.1400797159523	0.7656031886380918
72_438	50	25	70.20055317476789	0.8080221269907156
72_439	50	25	70.60198651496923	0.824079460598769
72_440	50	25	71.9791554506258	0.8791662180250319
72_441	50	25	71.7591444604995	0.87036577841998
125_3	50	25	77.13975238338615	1.085590095335446
125_5	27.22539419	5	73.70271857958006	9.295464877916013
125_6	27.83186105	5	71.34948867807714	8.703525525615428
125_7	27.7807442	5	70.00371979944214	8.444595119888428
125_8	26.96047784	5	68.2563069352835	8.259165819056701
125_9	26.63816996	5	67.37136875330421	8.146639758660843
125_10	25.26892838	5	66.7944251596839	8.305099355936779
125_11	25.30567251	5	64.70280164967377	7.879425827934755
125_12	24.51861352	5	63.89374177924018	7.875025651848037
125_13	25.33259574	5	63.68570633807511	7.670622119615023
125_14	24.91100075	5	62.70617028114813	7.559033906229625
125_15	25.22472234	5	62.4226997838766	7.43959548877532
125_16	26.18210142	5	61.57950336825915	7.079480389651832
125_17	26.61621779	5	61.15585648447613	6.907927738895227
125_18	25.79550548	5	61.66570777532457	7.174040459064915
125_19	25.05310965	5	61.61759973075334	7.312898016150669
125_20	25.31710669	5	62.323731090149	7.401324880029799
125_21	29.19599657	5	62.27751766018734	6.616304218037468
125_22	29.68263142	5	62.384311901567	6.540336096313401
125_23	26.01929277	5	61.75704618862335	7.14755068372467
125_24	24.01144787	5	61.16852900911835	7.43141622782367
125_25	24.27042674	5	60.07291664146837	7.160497980293672
125_26	25.50951307	5	60.00789396943983	6.899676179887967
125_27	25.9653347	5	58.71041482125804	6.549016024251609
125_28	26.14479688	5	57.52144641520876	6.275329907041751
125_29	25.30868825	5	56.75068802105486	6.288399954210972
125_30	24.54551044	5	56.70172946529605	6.431243805059209
125_31	24.78457073	5	55.79849018956454	6.202783891912908
125_32	24.50391391	5	55.7581273217415	6.250842682348299
125_33	25.61246389	5	56.00800612235784	6.079108446471568
125_34	25.56697076	5	55.60828218952579	6.008262285905158
125_35	27.8933917	5	55.31912726167861	5.485147112335722
125_36	29.79168616	5	55.66427673299253	5.174518114598507
125_37	31.09655408	5	55.58023067200147	4.896735318400294
125_38	50	25	55.90152798458247	0.2360611193832989
125_39	30.90611104	5	55.77453308364269	4.973684408728539
125_40	31.04348431	5	55.66240850219392	4.923784838438784
125_41	29.17756576	5	56.19868027685624	5.404222903371247
125_42	50	25	55.50241033554068	0.2200964134216272
125_43	25.2936285	5	56.00017935841231	6.141310171682462
125_44	22.29428433	5	55.2384895322316	6.58884104044632
125_45	21.97797299	5	55.96213632379272	6.796832666758545
125_46	27.84515902	5	56.53497800599276	5.737963797198552
125_48	25.5376914	5	57.63260143367972	6.418982006735943
125_49	26.71554837	5	58.06485288893433	6.269860903786865
125_50	26.75485206	5	59.51650611998961	6.552330811997922
125_52	27.31945284	5	60.71558410635562	6.679226253271125
125_53	27.28064	5	61.79254495083529	6.902380990167058
125_54	28.05631324	5	62.12625693968045	6.81398873993609
125_55	29.6699433	5	63.10266368482311	6.686544076964621
125_56	31.41488333	5	63.06569421550991	6.330162177101983
125_57	26.14051659	5	62.9517020139717	7.362237084794339
125_58	21.58829156	5	63.87803601734223	8.457948891468448
125_60	27.48859101	5	62.88133567061512	7.078548932123025
125_61	29.5233012	5	63.36280478198309	6.767900716396618
125_62	31.0386996	5	62.64606091694749	6.321472263389498
125_63	31.27625358	5	62.37706306924191	6.220161897848381
125_64	29.40756808	5	62.42295315647252	6.603077015294505
125_65	29.75015303	5	61.95401606748128	6.440772607496255
125_66	29.82935815	5	60.08631511185693	6.051391392371385
125_67	31.64728505	5	60.50612345991244	5.771767681982489
125_68	29.8600909	5	58.98109510724184	5.824200841448368
125_69	28.37528553	5	58.82380450038576	6.089703794077151
125_71	30.95261886	5	57.78821278733907	5.367118785467814
125_72	26.9634351	5	57.81753851903197	6.170820683806394
125_73	26.08756348	5	57.2367332723022	6.229833958460439
125_74	27.69766997	5	57.16608313713617	5.893682633427234
125_75	30.6533061	5	57.80399078991539	5.430136937983078
125_76	30.5824752	5	57.42967361087766	5.369439682175531
125_77	26.64109017	5	57.68023189040007	6.207828344080015
125_79	24.65275363	5	57.56363102073523	6.582175478147046
125_80	25.7870465	5	58.19631110915202	6.481852921830404
125_81	26.23887936	5	56.83320129638803	6.118864387277607
125_82	26.00112145	5	57.98633029361065	6.39704176872213
125_83	26.83244805	5	56.71766242476357	5.977042874952714
125_84	27.4423754	5	57.22696436916273	5.956917793832546
125_86	22.41704799	5	55.97282121012063	6.711154644024125
125_87	24.15104903	5	56.48830562456693	6.467451318913388
125_88	23.95364163	5	56.37650148373893	6.484571970747785
125_89	22.93430092	5	56.27893275564042	6.668926367128084
125_90	22.5948615	5	56.73045439728531	6.827118579457061
125_91	21.78765751	5	56.84566465303465	7.011601428606928
125_92	20.10150571	5	57.50621703689033	7.480942265378067
125_94	18.58215714	5	57.85679230286239	7.854927032572478
125_95	18.42530975	5	57.2705975475495	7.769057559509901
125_96	19.02889543	5	57.07380920235114	7.608982754470229
125_97	20.5800654	5	57.19896384619572	7.323779689239146
125_99	17.58451216	5	56.92100272603387	7.867298113206775
125_100	17.92822336	5	55.78842636336923	7.572040600673847
125_101	18.67785456	5	55.49847898363985	7.364124884727969
125_102	18.35848818	5	54.85628482005385	7.29955932801077
125_103	16.82382269	5	53.63572810483905	7.36238108296781
125_104	16.90257321	5	53.11433265366318	7.242351888732635
125_105	17.84625358	5	51.70062838726865	6.770874961453731
125_106	17.71996768	5	50.23458869564137	6.502924203128273
125_107	16.40820787	5	47.82383438139703	6.283125302279406
125_108	14.64225866	5	45.72574465838244	6.216697199676488
125_109	15.85854795	5	43.42223225606583	5.512736861213166
125_110	15.24910633	5	41.61334685709967	5.272848105419934
125_111	14.74554075	5	40.15318866701285	5.08152958340257
125_113	12.58855725	5	35.87279601398399	4.656847752796797
125_114	10.9522133	5	33.56709840018672	4.522977020037344
125_115	14.99145178	5	30.93989034060872	3.189687712121744
125_119	13.23635889	5	21.51340362101559	1.655408946203118
125_120	11.73913981	5	17.9408801073273	1.24034805946546
125_132	11.84158415	5	21.9427985972643	2.020242889452859
125_133	14.24734181	5	24.70166273341133	2.090864184682267
125_134	16.31683046	5	27.70218832560819	2.277071573121639
125_135	16.52506787	5	30.47787886558082	2.790562199116164
125_136	17.60807719	5	32.60183157311704	2.998750876623408
125_137	18.57567192	5	35.19084047573654	3.323033711147308
125_138	20.72700928	5	37.32629835419277	3.319857814838554
125_139	20.81063895	5	39.72547680658735	3.78296757131747
125_140	20.03309465	5	41.67943681469206	4.329268432938412
125_141	17.75913962	5	43.9780753849181	5.24378715298362
125_142	16.56392355	5	45.52159898282103	5.791535086564207
125_143	16.42981678	5	47.89184591046838	6.292405826093676
125_144	18.28100349	5	49.2667396059297	6.19714722318594
125_145	19.9725108	5	50.526943828973	6.110886605794601
125_146	20.35268629	5	52.82395382387069	6.494253506774138
125_147	20.27534945	5	52.2687486731932	6.39867984463864
125_148	19.64868001	5	53.73838825964279	6.817941649928558
125_149	19.59333129	5	53.81045059959843	6.843423861919686
125_150	19.65579165	5	54.21453298979402	6.911748267958802
125_151	21.04039152	5	55.04796449799738	6.801514595599476
125_153	19.00615035	5	54.40702093749008	7.080174117498016
125_155	19.0358253	5	54.4891094245362	7.09065682490724
125_156	18.76283079	5	54.05993389198586	7.059420620397174
125_157	18.87730632	5	54.56452503204122	7.137443742408243
125_158	19.1394934	5	55.80512004459565	7.333125328919131
125_161	21.93703616	5	55.86506969247177	6.785606706494354
125_162	22.57254471	5	56.14727157424586	6.714945372849172
125_163	21.86685997	5	56.69325042545223	6.965278091090445
125_164	21.45461094	5	55.16926855226674	6.742931522453349
125_165	20.77537488	5	55.50621855944927	6.946168735889854
125_166	21.99063533	5	54.37115604369743	6.476104142739485
125_167	23.61474192	5	54.25777174934581	6.128605965869163
125_168	24.52550302	5	54.24326113410644	5.943551622821288
125_169	23.99027757	5	54.83776848959402	6.169498183918804
125_170	22.87585958	5	54.72681878338093	6.370191840676186
125_171	22.53371373	5	54.22137295576076	6.337531845152151
125_173	22.77183962	5	55.62855678091864	6.571343432183727
125_174	20.32051205	5	54.99215939426053	6.934329468852107
125_175	24.30960982	5	56.19610260036944	6.377298556073889
125_178	24.44318752	5	57.07712284148899	6.526787064297798
125_180	24.41643816	5	57.27798570027593	6.572309508055186
125_181	23.8053775	5	58.02783037267533	6.844490574535067
125_184	30.09712605	5	60.36934367305149	6.054443524610297
125_185	30.59884306	5	61.24659843231718	6.129551074463436
125_186	31.04363245	5	61.65038411516901	6.121350333033802
125_187	31.70118461	5	63.03917549052831	6.267598176105662
125_190	23.90740366	5	62.23868608866798	7.666256485733596
125_191	25.42291775	5	61.97866682772148	7.311149815544297
125_192	27.08689461	5	61.4897761312423	6.88057630424846
125_193	25.51218969	5	62.45698504107676	7.388959070215352
125_194	26.75531099	5	60.22249851396272	6.693437504792544
125_195	24.75341992	5	60.81905227263813	7.213126470527627
125_196	25.64363729	5	59.09494664133369	6.690261870266738
125_197	24.57955705	5	58.18338693438915	6.720765976877831
125_198	24.706927	5	57.2316993436642	6.504954468732841
125_199	23.25046709	5	56.98698679872686	6.747303941745372
125_201	25.50190628	5	55.98177632584019	6.095974009168037
125_202	50	25	56.46891833615948	0.2587567334463793
125_204	31.89620724	5	57.60770012223349	5.142298576446698
125_205	50	25	59.17518208707528	0.3670072834830111
125_207	25.87058485	5	61.48853332166934	7.123589694333868
125_208	25.94634824	5	63.51101644649823	7.512933641299647
125_209	23.78194008	5	64.64915201860956	8.173442387721911
125_210	20.48569905	5	65.4205167304854	8.986963536097081
125_211	19.77063926	5	66.64448722353787	9.374769592707574
125_212	21.15910636	5	67.87095058021642	9.342368844043284
125_214	23.90838971	5	69.41019731640675	9.10036152128135
125_215	28.61190297	5	70.81753286320439	8.441125978640878
125_217	27.64242854	5	73.20041802934608	9.111597897869217
125_220	27.52819562	5	75.93922631273914	9.682206138547826
125_221	26.45342913	5	76.42823911649711	9.994961997299422
125_222	23.46056941	5	77.86612038045725	10.88111019409145
125_224	25.17181113	5	77.28078275695249	10.4217943253905
125_225	24.71099594	5	78.64847952561638	10.78749671712328
125_226	25.24609114	5	76.90092307355579	10.33096638671116
125_227	26.61880214	5	77.47980117366944	10.17219980673389
125_228	27.12379008	5	75.99910483800289	9.775062951600578
125_229	26.62470637	5	75.73667683007795	9.822394092015591
125_230	26.33757573	5	73.95919790339462	9.524324434678926
125_231	27.31174996	5	73.5678486508171	9.251219738163419
125_234	25.34431236	5	69.16866630701649	8.764870789403298
125_235	50	25	67.61541652719555	0.7046166610878219
125_237	50	25	65.68377031489841	0.6273508125959364
125_238	50	25	65.94274215593676	0.6377096862374703
125_239	50	25	64.53888893504919	0.5815555574019675
125_240	50	25	64.86349310891391	0.5945397243565566
125_241	29.8720076	5	63.39260255209478	6.704118990418957
125_242	26.69450461	5	64.17880541728522	7.496860161457045
125_243	25.46661524	5	62.95761361948468	7.498199675896936
125_244	27.00581676	5	63.26935954215301	7.252708556430602
125_245	27.89371229	5	63.05255387058145	7.03176831611629
125_246	27.94273517	5	63.08503410249954	7.028459786499909
125_248	26.8391271	5	60.98289118429765	6.82875281685953
125_250	19.08862283	5	60.63533168998104	8.309341771996207
125_252	25.90806876	5	59.0238467047368	6.623155588947361
125_253	24.55914776	5	58.19256292057273	6.726683032114545
125_254	25.4157231	5	58.33466212098743	6.583787804197486
125_255	50	25	57.63713963969078	0.3054855855876312
125_256	30.07521076	5	56.48247876191582	5.281453600383164
125_257	30.38028128	5	55.27219705786902	4.978383155573805
125_258	27.63146653	5	53.90494509639383	5.254695713278766
125_259	29.64238531	5	53.00465703229225	4.672454344458449
125_260	30.30397306	5	52.11892666913181	4.362990721826362
125_261	50	25	50.93070030774529	0.03722801230981162
125_262	50	25	50.45507180725331	0.01820287229013246
125_263	50	25	50.42860452703108	0.01714418108124306
125_264	50	25	51.97008485391754	0.07880339415670164
125_265	50	25	52.83447276888128	0.1133789107552514
125_266	50	25	53.54303864628771	0.1417215458515085
125_267	28.90610139	5	55.19432104222413	5.257643930444825
125_268	27.49762719	5	56.06937953434277	5.714350468868554
125_269	26.16050254	5	58.21589482404822	6.411078456809645
125_271	50	25	61.01699288921343	0.4406797155685374
125_273	50	25	63.87594018211922	0.5550376072847689
125_274	27.40831263	5	66.34179051979831	7.786695577959662
125_275	26.74745989	5	64.9590300224389	7.642314026487779
125_276	25.87879202	5	65.7245013755257	7.969141871105141
125_277	26.28951197	5	64.56595470819526	7.655288547639053
125_278	27.66565959	5	63.83040358331719	7.232948798663438
125_279	29.18342665	5	63.90451907617827	6.944218485235655
125_280	50	25	61.75198259182831	0.4700793036731323
125_281	29.0290589	5	61.10266223358679	6.414720666717358
125_282	24.66106109	5	58.46181397310218	6.760150576620435
125_283	23.45513656	5	57.38891228737104	6.786755145474208
125_284	25.89292799	5	55.91049837974527	6.003514077949054
125_285	50	25	54.71331489303674	0.1885325957214695
125_286	50	25	53.31008219495087	0.1324032877980349
125_287	29.98730781	5	52.07466684621328	4.417471807242655
125_288	28.62288983	5	50.17169169761592	4.309760373523185
125_289	26.16403168	5	49.46320114595957	4.659833893191913
125_290	50	25	47.69010853170406	-0.09239565873183779
125_291	50	25	46.53470148683697	-0.1386119405265214
125_293	50	25	44.28216780255713	-0.2287132878977147
125_294	25.41269371	5	42.51038116395883	3.419537490791767
125_296	50	25	40.89602744702007	-0.3641589021191973
125_297	50	25	41.55577953946398	-0.3377688184214406
125_298	50	25	41.11436728726267	-0.3554253085094933
125_299	50	25	42.34349972213004	-0.3062600111147984
125_300	50	25	43.20844028673834	-0.2716623885304665
125_302	50	25	45.27778506221063	-0.188888597511575
125_305	50	25	51.1327034706016	0.04530813882406392
125_306	30.11100521	5	50.99128581272031	4.176056120544062
125_307	29.43726617	5	53.03823309736941	4.720193385473882
125_308	29.26301833	5	53.71702005589057	4.890800345178114
125_309	27.94390482	5	54.06052718407422	5.223324472814845
125_310	26.37566075	5	55.46850305694355	5.818568461388709
125_311	24.60562272	5	54.04073443189328	5.887022342378657
125_313	22.04624961	5	52.41946207026898	6.074642492053797
125_314	24.06231738	5	51.89138247238299	5.565813018476598
125_315	27.64141899	5	51.81684459755049	4.835085121510099
125_316	50	25	51.13570224664218	0.04542808986568701
125_317	50	25	49.42152318482851	-0.02313907260685966
125_318	50	25	48.70442122299932	-0.05182315108002711
125_319	50	25	46.71897383233624	-0.1312410467065504
125_320	28.98438853	5	46.72216473937414	3.547555241874829
125_321	25.66285599	5	44.5294233422275	3.773313470445499
125_325	50	25	39.806371590431	-0.4077451363827601
125_326	21.56571628	5	38.74349956807546	3.435556657615093
125_327	22.03401581	5	37.1690432150674	3.027005481013481
125_328	20.85120822	5	38.00679812757705	3.43111798151541
125_329	27.85809857	5	37.45408952560923	1.919198191121846
125_330	24.67912212	5	39.11907779500724	2.887991135001449
125_331	24.09189178	5	39.27555608300965	3.036732860601929
125_333	50	25	41.36728848680883	-0.3453084605276467
125_336	50	25	46.04178630936644	-0.1583285476253423
125_337	50	25	47.79048502397375	-0.08838059904104995
125_338	50	25	50.39824959690331	0.01592998387613249
125_339	50	25	51.70469897592521	0.06818795903700846
125_340	50	25	53.83783165487679	0.1535132661950715
125_341	50	25	56.31359819108013	0.2525439276432053
125_342	30.52297676	5	57.35707891517851	5.366820431035703
125_343	24.47421665	5	60.52454937761134	7.210066545522267
125_344	24.40770334	5	59.74861605145272	7.068182542290543
125_345	27.74487025	5	62.58502383368107	6.968030716736214
125_347	50	25	64.41147604477656	0.5764590417910626
125_348	50	25	64.34223230336134	0.5736892921344537
125_349	50	25	64.39434912431848	0.5757739649727392
125_350	50	25	62.66680604293001	0.5066722417172003
125_351	28.64181635	5	62.20019995533193	6.711676721066387
125_352	26.13656305	5	60.35615564820856	6.843918519641711
125_353	28.5567961	5	59.65544360107628	6.219729500215256
125_354	29.54997312	5	58.36835096175916	5.763675568351831
125_355	50	25	56.01283932928484	0.2405135731713938
125_356	50	25	54.03643652615406	0.1614574610461625
125_357	50	25	52.78216970003732	0.1112867880014929
125_358	50	25	52.23739261990092	0.08949570479603665
125_359	50	25	51.44362079326407	0.05774483173056297
125_360	50	25	51.19420368735219	0.04776814749408771
125_361	30.53272051	5	52.37238354335222	4.367932606670444
125_362	50	25	53.17760928821307	0.1271043715285228
125_363	50	25	55.02354256032245	0.2009417024128982
125_365	50	25	57.99326118021295	0.3197304472085182
125_368	50	25	62.95410315284884	0.5181641261139538
125_369	50	25	64.12275001291994	0.5649100005167975
125_370	50	25	66.83558280204846	0.6734233120819385
125_371	50	25	65.94320896148051	0.6377283584592203
125_372	50	25	68.59613167931815	0.7438452671727259
125_373	28.4039282	5	68.62760445959708	8.044735251919416
125_374	27.17142535	5	69.06742701130037	8.379200332260073
125_375	25.33763902	5	70.31954448163295	8.99638109232659
125_376	29.71885619	5	68.09924045007642	7.676076852015285
125_377	27.48141843	5	69.34956393848194	8.373629101696386
125_378	26.48268841	5	66.96210091962929	8.095882501925859
125_379	23.29320338	5	67.47521379542378	8.836402083084756
125_381	28.40702919	5	64.9666876481599	7.311931691631981
125_383	27.60175031	5	65.24280449061146	7.528210836122293
125_384	29.29233329	5	64.33660419539648	7.008854181079295
125_385	50	25	65.0640135135218	0.602560540540872
125_386	50	25	64.85768001130587	0.594307200452235
125_387	50	25	65.52499984885023	0.6209999939540092
125_388	50	25	66.21430722979167	0.6485722891916669
125_389	29.12353929	5	66.92840403192415	7.56097294838483
125_390	50	25	68.22351526489813	0.7289406105959251
125_391	27.00797678	5	69.01880251870118	8.402165147740236
125_392	27.90103107	5	69.87575236316933	8.394944258633865
125_393	27.86877278	5	71.35771047416549	8.697787538833097
125_394	50	25	72.22199565883152	0.8888798263532607
125_395	29.28123491	5	73.98337004069178	8.940427026138357
125_396	26.6679592	5	75.4925269877444	9.76491355754888
125_398	50	25	78.30615339610898	1.132246135844359
125_399	21.39327654	5	79.9128212351947	11.70390893903894
125_400	26.20255778	5	80.10743796732254	10.78097603746451
125_401	50	25	79.64247978228354	1.185699191291342
125_402	50	25	78.97495561489157	1.158998224595663
125_403	50	25	77.0274875186624	1.081099500746496
125_404	50	25	75.31351433239259	1.012540573295703
125_407	25.54889971	5	69.09243962520567	8.708707983041133
125_408	28.64433925	5	66.8857448942038	7.648281128840759
125_409	30.12592741	5	65.32323755385896	7.039462028771792
125_410	31.71186636	5	63.43462153364683	6.344551034729367
125_411	50	25	62.5390681529778	0.5015627261191122
125_412	50	25	61.03422664824321	0.4413690659297285
125_413	50	25	60.30713330557687	0.4122853322230748
125_414	50	25	61.37315431001986	0.4549261724007942
125_415	50	25	62.62764289477513	0.5051057157910052
125_416	32.08081789	5	64.96281958088198	6.576400338176397
125_417	26.30529194	5	64.26867944465681	7.592677500931361
125_418	23.98678588	5	66.70232496983847	8.543107817967694
125_419	25.14079448	5	67.48308337954673	8.468457779909347
125_420	28.34521598	5	68.67256166970687	8.065469137941374
125_421	50	25	70.6316929123454	0.825267716493816
125_422	50	25	70.59328089058572	0.8237312356234286
125_424	30.06841829	5	72.25135483554853	8.436587309109706
125_425	29.79739409	5	71.61943693088442	8.364408568176884
125_426	50	25	72.95917423137426	0.9183669692549705
125_427	50	25	74.40682392989564	0.9762729571958255
125_428	50	25	73.95079199717112	0.9580316798868449
125_429	50	25	74.07320121191285	0.9629280484765138
125_430	50	25	75.88381776628005	1.035352710651202
125_431	50	25	76.68568909323301	1.06742756372932
125_432	50	25	75.869868973264	1.03479475893056
125_433	50	25	76.65769366086995	1.066307746434798
125_434	50	25	78.72458033204353	1.148983213281741
125_435	50	25	78.7811498540738	1.151245994162952
125_436	50	25	78.53671269145674	1.14146850765827
125_437	50	25	80.18798277318385	1.207519310927354
125_438	50	25	81.62048361834424	1.264819344733769
125_439	50	25	81.68324616662012	1.267329846664805
125_440	50	25	82.94739913542296	1.317895965416918
125_441	50	25	82.18333179443502	1.287333271777401
178_3	50	25	77.37899699718963	1.095159879887585
178_5	28.61775042	5	74.98907046157717	9.274264008315434
178_6	27.35166824	5	73.1589134136201	9.16144903472402
178_7	27.22632197	5	72.14065606175826	8.982866818351653
178_8	28.18080373	5	70.94677311554021	8.553193877108042
178_9	27.44048214	5	70.84643539787348	8.681190651574695
178_10	25.20636834	5	70.48008862843203	9.054744057686406
178_11	24.38520406	5	69.01813054238561	8.926585296477121
178_12	23.9153948	5	69.03962808237792	9.024846656475583
178_13	25.31358833	5	69.24083016455795	8.78544836691159
178_14	25.30251323	5	68.99369449231362	8.738236252462723
178_15	25.63206331	5	69.5846403228467	8.790515402569339
178_16	25.66152874	5	69.62891324281202	8.793476900562403
178_17	24.80409435	5	70.03939262634174	9.047059655268347
178_18	23.61846275	5	71.03320758971908	9.482948967943816
178_19	23.30392102	5	72.20969156856759	9.781154109713517
178_20	23.71591332	5	73.76962480054075	10.01074229610815
178_21	25.14064776	5	75.06843026444879	9.985556500889759
178_22	24.99047193	5	76.08704347831257	10.21931430966251
178_23	23.69448097	5	76.31289331165368	10.52368246833074
178_24	23.60682408	5	76.57042742237185	10.59272066847437
178_25	23.51273018	5	76.75759607585528	10.64897317917105
178_26	23.77189986	5	77.38074237561774	10.72176850312355
178_27	23.48211104	5	76.52010225748725	10.60759824349745
178_28	24.28133424	5	76.13609918848297	10.37095298969659
178_29	23.57251579	5	75.57704246968846	10.40090533593769
178_30	23.12210716	5	76.20145231730537	10.61586903146107
178_31	23.40362028	5	75.57617198057811	10.43451034011562
178_32	23.00031736	5	76.12972712962123	10.62588195392425
178_33	23.78595472	5	75.91478664542446	10.42576638508489
178_34	24.14762264	5	75.55987405603187	10.28245028320637
178_35	26.29893391	5	75.06398354918119	9.753009927836237
178_36	27.12051553	5	74.92018577713947	9.559934049427893
178_37	26.79521849	5	74.00662114012025	9.44228053002405
178_38	27.31304678	5	73.70981587862065	9.279353819724129
178_39	28.86685324	5	72.80362647054812	8.787354646109625
178_40	28.76992223	5	72.06799600089195	8.65961475417839
178_41	28.50361181	5	71.78509177160386	8.656295992320773
178_42	27.54084537	5	71.16125584750569	8.724082095501137
178_43	27.48102027	5	70.66381264108007	8.636558474216013
178_44	27.35504692	5	69.84854556814162	8.498699729628324
178_45	26.19547486	5	69.5642111322458	8.673747254449159
178_46	24.36716693	5	69.49417755324382	9.025402124648764
178_48	21.73636386	5	69.68813285054131	9.590353798108262
178_49	23.28184566	5	68.81013652022332	9.105658172044665
178_50	25.08667711	5	69.19898806385235	8.822462190770471
178_52	24.11321724	5	68.35512491924281	8.848381535848564
178_53	25.11745823	5	68.37815539770638	8.652139433541276
178_54	25.85740994	5	67.96697666534608	8.421913345069218
178_55	27.61961144	5	68.09882299965949	8.095842311931898
178_56	27.25167388	5	67.08453011282673	7.966571246565346
178_57	27.78202729	5	67.25794281550144	7.895183105100287
178_58	27.37707752	5	66.94675622109456	7.913935740218912
178_60	25.36691554	5	65.85183491096844	8.096983874193686
178_61	27.0987782	5	66.01684366462102	7.783613092924204
178_62	28.71655792	5	66.11727679099099	7.480143774198197
178_63	28.0579451	5	65.86796262677744	7.562003505355489
178_64	28.31812196	5	65.73825636110851	7.484026880221703
178_65	27.42708085	5	66.00729599444516	7.716043028889032
178_66	26.92318867	5	65.90500361716514	7.796362989433026
178_67	26.37925859	5	66.39554606674375	8.00325749534875
178_68	25.88127588	5	66.73641114911905	8.17102705382381
178_69	25.67235725	5	66.41207632456857	8.147943814913713
178_71	27.27757387	5	67.6824095613577	8.080967138271541
178_72	26.49666574	5	68.51875146610978	8.404417145221956
178_73	26.13874345	5	68.72824922296903	8.517901154593805
178_74	26.99821262	5	69.14313131301266	8.428983738602531
178_75	25.53224692	5	70.30719157112178	8.954988930224356
178_76	25.88300963	5	70.53612437961704	8.930622949923407
178_77	27.0806902	5	71.46114260848532	8.876090481697064
178_79	25.34228679	5	71.03466267259216	9.138475176518432
178_80	26.89497625	5	72.17382655769498	9.055770061538997
178_81	27.87603824	5	71.00781437972516	8.626355227945032
178_82	25.33991117	5	71.77929573177934	9.287876912355868
178_83	25.85200564	5	71.2110175555608	9.071802383112161
178_84	50	25	71.58735355411952	0.8634941421647807
178_86	24.186043	5	71.45583701702915	9.453958803405831
178_87	26.20678248	5	72.1933262990481	9.19730876380962
178_88	27.03354729	5	72.74732403378734	9.142755348757467
178_89	26.56851128	5	73.21229599674908	9.328756943349816
178_90	26.12288018	5	73.95408352628253	9.566240669256507
178_91	25.46436636	5	74.44709935635694	9.796546599271389
178_92	24.48191212	5	75.26437555668029	10.15649268733606
178_94	22.30732523	5	76.19246334880461	10.77702762376092
178_95	22.70657256	5	75.28930748072132	10.51654698414426
178_96	23.66600463	5	75.04503800384192	10.27580667476838
178_97	25.70790618	5	75.50720032568259	9.959858829136518
178_99	22.94678994	5	75.25708225083386	10.46205846216677
178_100	24.20026412	5	73.94430532884263	9.948808241768527
178_101	24.974702	5	74.23519282521545	9.85209816504309
178_102	24.89193866	5	74.35738796644951	9.893089861289901
178_103	23.83038906	5	73.32226727773967	9.898375643547933
178_104	24.24125668	5	74.16510897909743	9.984770459819485
178_105	24.58154691	5	73.15870384276273	9.715431386552547
178_106	25.53002877	5	73.2720892302321	9.548412092046419
178_107	25.4837686	5	71.61059550806817	9.225365381613633
178_108	25.12878334	5	70.71952238440076	9.118147808880153
178_109	25.13720354	5	69.46104227651142	8.864767747302285
178_110	24.84106651	5	68.61696386858824	8.755179471717648
178_111	25.7775782	5	68.33709728170614	8.511903816341228
178_113	24.11849692	5	66.67719972559766	8.511740561119533
178_114	23.28204682	5	65.74490930107392	8.492572496214782
178_115	23.96858497	5	64.62036922242301	8.130356850484603
178_116	25.49938075	5	64.56834364850336	7.813792579700672
178_117	26.06052982	5	62.84238305717688	7.356370647435376
178_118	25.91038061	5	62.29871188498682	7.277666254997365
178_119	25.0664036	5	61.99991969040943	7.386703218081887
178_120	24.74207507	5	60.36540632094913	7.124666250189827
178_121	23.65281123	5	59.82678898446658	7.234795550893315
178_122	21.45195617	5	59.44506809012027	7.598622384024054
178_123	21.8021201	5	59.27216043948115	7.494008067896229
178_124	21.30390272	5	58.0783585560635	7.354891167212699
178_125	22.52133226	5	56.91269663083406	6.878272874166811
178_126	21.32942813	5	57.21095147555136	7.176304669110271
178_127	22.71826074	5	55.89243416283659	6.634834684567318
178_128	24.16526756	5	56.20688823750622	6.408324135501243
178_129	25.81316946	5	55.04109615400215	5.845585338800429
178_130	25.5517802	5	55.31673883495412	5.952991726990825
178_131	26.23893926	5	54.60105558010823	5.672423264021647
178_132	27.71201462	5	54.47513492598493	5.352624061196986
178_133	28.53654094	5	55.15091319329155	5.32287445065831
178_134	30.31993223	5	54.93159018820716	4.922331591641433
178_135	30.47686374	5	55.42751679043401	4.990130610086803
178_136	31.11344988	5	56.3340426939081	5.044118562781619
178_137	29.74428707	5	57.27924741509095	5.506992069018191
178_138	30.98255211	5	58.87047827615639	5.577585233231278
178_139	50	25	60.30181248674885	0.4120724994699541
178_140	50	25	61.1142069194515	0.4445682767780602
178_141	30.37147042	5	61.6567302999207	6.25705197598414
178_142	27.68832172	5	62.25157492618787	6.912650641237573
178_143	27.49410004	5	62.66527398336465	7.03423478867293
178_144	26.28290139	5	62.93053063528178	7.329525849056355
178_145	24.81806106	5	63.11466219560797	7.659320227121595
178_146	24.90982019	5	64.19692640885884	7.857421243771768
178_147	25.88059238	5	62.48225790140822	7.320333104281644
178_148	28.28293145	5	62.18939524389607	6.781292758779213
178_149	27.40981237	5	60.78370914833223	6.674779355666445
178_150	26.35027542	5	59.91886891655499	6.713718699310999
178_151	24.72302337	5	58.77184444536405	6.809764215072809
178_152	23.98187484	5	57.37125943642144	6.677876919284287
178_153	23.45102855	5	56.02168468991765	6.514131227983529
178_155	19.39670483	5	54.0814289936512	6.936944832730239
178_156	20.43542327	5	51.81589958005621	6.276095262011242
178_157	21.72318297	5	49.8459401758315	5.6245514411663
178_158	23.08196693	5	49.32928072987156	5.249462759974311
178_161	24.5149294	5	44.94460013289623	4.085934146579246
178_162	24.02765787	5	42.96578219711564	3.787624865423127
178_163	22.789719	5	41.47429862587821	3.736915925175641
178_164	22.3581637	5	39.34678354708243	3.397723969416487
178_165	21.6551572	5	37.49869607643831	3.168707775287662
178_166	22.15713904	5	35.20706689953224	2.609985571906448
178_167	23.01713901	5	33.56803792014137	2.110179782028274
178_168	22.89334926	5	30.77654229772284	1.576638607544568
178_169	23.39449418	5	28.71071986951528	1.063245137903057
178_170	22.64529836	5	26.36203968949747	0.7433482658994933
178_171	21.8391823	5	23.55893894467052	0.3439513289341036
178_173	17.28554241	5	18.48305197282303	0.2395019125646058
178_174	15.19203125	5	14.86332476220785	-0.06574129755842932
178_175	7	5	11.86607446231591	0.9732148924631815
178_180	11.63482463	5	5.637621396245385	-1.199440646750923
178_181	11.86113193	5	8.196212181896152	-0.7329839496207697
178_184	15.01805901	5	17.71146560798735	0.5386813195974692
178_185	18.36962225	5	21.07828964330372	0.5417334786607441
178_186	19.93244632	5	23.75999876991174	0.7655104899823471
178_187	20.21391996	5	26.56137098491145	1.269490204982291
178_190	19.74903836	5	33.19929584016062	2.690051496032123
178_191	17.97780036	5	35.27244496173962	3.458928920347923
178_192	17.69990383	5	36.32551470577393	3.725122175154785
178_193	17.35139457	5	38.92079642006347	4.313880370012694
178_194	18.62858742	5	39.17363083322306	4.109008682644612
178_195	17.4855318	5	41.2773812163616	4.758369883272319
178_196	17.70763953	5	41.81017905689364	4.820507905378728
178_197	17.16031165	5	43.06531557035329	5.181000784070658
178_198	18.32504394	5	43.9878955604418	5.13257032408836
178_199	18.97783126	5	45.32745724468548	5.269925196937097
178_201	18.55374002	5	48.67429233763975	6.02411046352795
178_202	21.86903858	5	51.16680742758218	5.859553769516435
178_204	28.37446249	5	55.44308011984045	5.41372352596809
178_205	23.25850475	5	58.26162670343865	7.00062439068773
178_207	20.38222119	5	61.75509949821607	8.274575661643215
178_208	19.75602131	5	64.29506447189137	8.907808632378273
178_209	21.16044846	5	65.71902661824305	8.91171563164861
178_210	21.03402642	5	66.90807614117369	9.174809944234738
178_211	22.31434642	5	68.98480749756632	9.334092215513264
178_212	24.75604117	5	71.07723584086921	9.264238934173841
178_214	20.68192594	5	74.75404192053401	10.8144231961068
178_215	22.52319171	5	76.75006916161823	10.84537549032365
178_217	23.925392	5	80.77760395677825	11.37044239135565
178_220	23.29425496	5	85.42628588863155	12.42640618572631
178_221	23.77904573	5	86.57367113418432	12.55892508083686
178_222	23.9063641	5	88.22831756796697	12.86439069359339
178_224	23.34744234	5	88.75461582960183	13.08143469792037
178_225	24.32037809	5	90.60859568408129	13.25764351881626
178_226	25.87855835	5	89.47812067764249	12.7199124655285
178_227	26.64786003	5	90.62933576871038	12.79629514774208
178_228	28.60653249	5	89.80945126524404	12.24058375504881
178_229	28.27491678	5	90.23453218776096	12.39192308155219
178_230	28.45728707	5	89.59528662951456	12.22759991190291
178_231	28.87390945	5	89.80620699909915	12.18645950981983
178_234	27.1442093	5	88.02727792679724	12.17661372535945
178_235	50	25	87.56666670324098	1.502666668129639
178_237	50	25	86.62603207630518	1.465041283052207
178_238	50	25	88.1776659918423	1.527106639673692
178_239	29.41167341	5	86.7485717032388	11.46737965864776
178_240	31.08050983	5	88.23255797715476	11.43040962943095
178_241	50	25	86.59312996516172	1.463725198606469
178_242	30.41615151	5	88.40645831558827	11.59806136111765
178_243	29.61442408	5	86.59488833086357	11.39609285017271
178_244	50	25	87.69831434267425	1.50793257370697
178_245	50	25	86.79377681339727	1.471751072535891
178_246	50	25	87.32702080216096	1.493080832086438
178_248	27.34966179	5	84.93439872809708	11.51694738761942
178_250	29.51454967	5	83.82268867036929	10.86162780007386
178_252	30.17750594	5	82.27193328246558	10.41888546849312
178_253	27.18717077	5	80.75496154184817	10.71355815436963
178_254	26.89872771	5	80.86948285115574	10.79415102823115
178_255	50	25	79.92505299335284	1.197002119734113
178_256	50	25	78.07912233279048	1.123164893311619
178_257	50	25	76.19677757121264	1.047871102848505
178_258	30.41482624	5	73.97314270070376	8.711663292140752
178_259	31.36144755	5	72.66425046882689	8.260560583765379
178_260	50	25	70.60423265362523	0.8241693061450093
178_261	50	25	69.42043011389302	0.7768172045557208
178_262	50	25	69.01931863121047	0.7607727452484186
178_263	50	25	68.49512519030756	0.7398050076123025
178_264	50	25	69.9999294282923	0.7999971771316922
178_265	50	25	70.52933925039656	0.8211735700158624
178_266	50	25	70.26100682439716	0.8104402729758863
178_267	29.09555758	5	72.06569977210272	8.594028438420542
178_268	29.19942141	5	71.21313630261196	8.402742978522392
178_269	50	25	73.70793805000562	0.9483175220002249
178_271	50	25	75.09207280069381	1.003682912027753
178_273	50	25	77.15172809033838	1.086069123613535
178_274	50	25	79.18003441837156	1.167201376734863
178_275	50	25	76.74406145572974	1.069762458229189
178_276	50	25	77.14416732732226	1.085766693092891
178_277	50	25	74.46155567197773	0.9784622268791093
178_278	50	25	74.27018011404752	0.9708072045619008
178_279	50	25	72.9325368335502	0.9173014733420081
178_280	50	25	71.40630447023402	0.8562521788093608
178_281	29.84181151	5	69.6056881551382	7.95277532902764
178_282	27.94441499	5	66.79080763169587	7.769278528339174
178_283	28.5788451	5	66.26014520104063	7.536260020208127
178_284	30.05531597	5	63.30557676675391	6.650052159350781
178_285	50	25	63.00149385622449	0.5200597542489794
178_286	50	25	61.64038266647879	0.4656153066591517
178_287	30.50401434	5	60.51458033146157	6.002113198292315
178_288	50	25	59.05358868134051	0.3621435472536206
178_289	28.51019891	5	57.50064389835391	5.798088997670781
178_290	50	25	57.18857080920557	0.2875428323682229
178_291	50	25	55.48789236379171	0.2195156945516683
178_292	50	25	55.4471197207899	0.217884788831596
178_293	50	25	54.35400425785997	0.1741601703143988
178_294	25.63373597	5	54.81652457777908	5.836557721555815
178_296	50	25	54.12746784830443	0.1650987139321774
178_297	50	25	53.90710036609189	0.1562840146436756
178_298	50	25	54.15744488641275	0.1662977954565099
178_299	50	25	54.83224983324612	0.193289993329845
178_300	50	25	56.04376948462804	0.2417507793851215
178_302	50	25	58.3552938644767	0.334211754579068
178_305	50	25	62.55534486678365	0.502213794671346
178_306	50	25	60.8866606422898	0.4354664256915919
178_307	29.69116712	5	62.19535821756866	6.500838219513733
178_308	50	25	61.38121876605428	0.4552487506421713
178_309	29.68938519	5	61.0687622044635	6.2758754028927
178_310	30.14700765	5	60.95009963632637	6.160618397265274
178_311	28.52055293	5	59.01088477151048	6.098066368302097
178_313	50	25	55.93982248880807	0.2375928995523228
178_314	50	25	54.83611278202742	0.1934445112810968
178_315	50	25	53.45318363322028	0.1381273453288111
178_316	50	25	52.47104321309497	0.09884172852379862
178_317	50	25	51.54008160596141	0.06160326423845646
178_318	31.75904587	5	50.89503165818359	3.827197157636718
178_319	29.31245641	5	49.55311727963723	4.048132173927447
178_320	50	25	49.00758063563284	-0.03969677457468634
178_321	50	25	48.60357645798824	-0.05585694168047042
178_323	50	25	47.73163657313068	-0.09073453707477284
178_324	50	25	46.69912937550916	-0.1320348249796336
178_325	50	25	46.92127782227677	-0.1231488871089292
178_326	30.50445441	5	45.71574672803879	3.042258463607757
178_327	50	25	45.51934137119645	-0.1792263451521421
178_328	28.95850973	5	45.84465564464568	3.377229182929137
178_329	30.37863222	5	45.49524812068488	3.023323180136976
178_330	26.97994078	5	45.44157187882227	3.692326219764455
178_331	25.18466394	5	45.28993095822455	4.021053403644911
178_333	50	25	45.37726090312494	-0.1849095638750023
178_336	50	25	46.34290014999859	-0.1462839940000563
178_337	50	25	46.52401668078249	-0.1390393327687005
178_338	50	25	47.28297363401483	-0.1086810546394068
178_339	50	25	47.76929093821676	-0.08922836247132949
178_340	50	25	48.52032477874723	-0.05918700885011077
178_341	50	25	49.07201460952606	-0.0371194156189577
178_342	50	25	49.97157930091447	-0.001136827963421183
178_343	29.14150458	5	51.53213499334929	4.478126082669858
178_344	27.40696088	5	51.72262898396809	4.863133620793619
178_345	25.99671939	5	53.37196085849837	5.475048293699674
178_347	50	25	54.93940632500883	0.197576253000353
178_348	50	25	55.02062142650924	0.2008248570603695
178_349	50	25	55.33098744682692	0.2132394978730767
178_350	50	25	54.71953919845646	0.1887815679382584
178_351	50	25	54.5901240328158	0.183604961312632
178_352	50	25	53.73325573822218	0.1493302295288873
178_353	50	25	53.50007074007188	0.1400028296028751
178_354	50	25	52.80601941054122	0.1122407764216487
178_355	50	25	51.3712010304048	0.05484804121619192
178_356	50	25	50.68771718251461	0.02750868730058443
178_357	50	25	49.9469003180977	-0.002123987276091839
178_358	50	25	49.0789741759795	-0.03684103296082014
178_359	50	25	48.47544252127479	-0.06098229914900855
178_360	50	25	48.1359235232582	-0.07456305906967202
178_361	30.51163354	5	47.83816127584028	3.465305547168056
178_362	28.30864674	5	46.56469158171826	3.651208968343651
178_363	27.19690257	5	46.43291231575715	3.84720194915143
178_365	50	25	47.01142147383292	-0.1195431410466833
178_368	50	25	49.30137958931769	-0.02794481642729238
178_369	50	25	50.77929948461862	0.03117197938474476
178_370	50	25	52.12509831041911	0.0850039324167642
178_371	50	25	53.34815274270464	0.1339261097081857
178_372	50	25	55.18000771586026	0.2072003086344105
178_373	50	25	56.22259282803363	0.2489037131213453
178_374	28.03037313	5	58.00653027315023	5.995231428630047
178_375	28.0981509	5	59.51030436037947	6.282430692075894
178_376	50	25	59.10564130831864	0.3642256523327456
178_377	50	25	60.84711117514487	0.433884447005795
178_378	50	25	59.89122367740301	0.3956489470961205
178_379	50	25	61.34307139778556	0.4537228559114223
178_381	50	25	61.32445220277377	0.4529780881109508
178_383	23.19467146	5	63.03191850006344	7.967449408012689
178_384	27.1848871	5	61.44422555919238	6.851867691838476
178_385	50	25	62.45845303293644	0.4983381213174576
178_386	50	25	62.1201905128658	0.4848076205146319
178_387	50	25	62.69952917889633	0.5079811671558531
178_388	50	25	62.29245465643012	0.491698186257205
178_389	29.20657523	5	63.00808366039307	6.760301686078614
178_390	50	25	63.19677441557874	0.5278709766231497
178_391	29.14323453	5	63.61805320293109	6.894963734586218
178_392	29.00452312	5	64.58937100401842	7.116969576803683
178_393	50	25	65.51518317914851	0.6206073271659404
178_394	50	25	66.15874494979805	0.6463497979919219
178_395	50	25	67.29737110253021	0.6918948441012083
178_396	50	25	68.36860239916281	0.7347440959665125
178_398	28.06820113	5	69.54189416447414	8.294738606894828
178_399	29.23510326	5	70.51476338875469	8.255932025750937
178_400	50	25	69.69064412642994	0.7876257650571978
178_401	50	25	68.7535537253564	0.7501421490142559
178_402	50	25	68.34506543143405	0.7338026172573621
178_403	50	25	67.48563304778052	0.699425321911221
178_404	50	25	66.38960587982972	0.6555842351931886
178_407	50	25	63.40898742019492	0.5363594968077967
178_408	50	25	62.62799159841166	0.5051196639364665
178_409	50	25	61.5783021114996	0.4631320844599838
178_410	50	25	60.88282550732737	0.4353130202930947
178_411	50	25	60.94026310814687	0.4376105243258749
178_412	50	25	60.80906986977412	0.4323627947909648
178_413	50	25	60.73759063251831	0.4295036253007325
178_414	50	25	61.76842028476881	0.4707368113907524
178_415	50	25	62.64798090163092	0.5059192360652367
178_416	32.09686014	5	63.36529079520343	6.253686131040686
178_417	30.51920479	5	63.63369954688035	6.62289895137607
178_418	29.52941804	5	65.18601620051982	7.131319632103964
178_419	50	25	65.85171682305781	0.6340686729223125
178_420	29.69939012	5	66.53370636333725	7.366863248667448
178_421	28.00643674	5	67.77632510841421	7.953977673682843
178_422	50	25	68.33520815734977	0.7334083262939908
178_424	50	25	70.52921351559132	0.821168540623653
178_425	50	25	69.705574170441	0.7882229668176399
178_426	31.114435	5	70.23882589164354	7.824878178328708
178_427	29.5538857	5	72.03216597925699	8.495656055851398
178_428	50	25	72.34673849522095	0.8938695398088379
178_429	50	25	71.87815742214684	0.8751262968858736
178_430	50	25	73.1979959635551	0.9279198385422041
178_431	50	25	74.95458413220761	0.9981833652883045
178_432	50	25	74.6120662546906	0.9844826501876242
178_433	50	25	74.52695019888773	0.9810780079555093
178_434	50	25	76.48164112930696	1.059265645172279
178_435	50	25	77.50323968471109	1.100129587388444
178_436	50	25	77.19073313563108	1.087629325425243
178_437	50	25	78.02402454087375	1.12096098163495
178_438	50	25	80.11854528225425	1.20474181129017
178_439	50	25	80.6262948416479	1.225051793665916
178_440	50	25	81.36870403268436	1.254748161307375
178_441	50	25	79.91509312533974	1.196603725013589
239_3	29.30564284	5	77.76262181233436	9.691395794466871
239_5	24.53298537	5	75.02041326931119	10.09748557986224
239_6	23.75269144	5	73.50140400865115	9.94974251373023
239_7	23.6068106	5	72.31461954389295	9.741561788778588
239_8	22.66731964	5	71.10198058285718	9.686932188571436
239_9	22.39413488	5	69.88664825198749	9.4985026743975
239_10	21.49876194	5	69.73265453775156	9.646778519550312
239_11	21.20960919	5	68.20980951049535	9.40004006409907
239_12	21.06007128	5	67.99810075116103	9.387605894232205
239_13	21.53001058	5	67.67735209489614	9.229468302979228
239_14	22.65525938	5	67.49154778498699	8.967257680997397
239_15	22.57100823	5	67.81950158765697	9.049698671531393
239_16	22.9903786	5	66.80786561953896	8.763497403907792
239_17	22.48575765	5	66.76538943614254	8.855926357228508
239_18	21.931414	5	67.05695612214359	9.025108424428717
239_19	21.65076683	5	67.13497923778162	9.096842481556326
239_20	21.17685692	5	67.38189761695389	9.241008139390779
239_21	22.67981103	5	66.40754923957128	8.745547641914257
239_22	22.66155357	5	65.96430999195179	8.66055128439036
239_23	21.81948983	5	65.15169729118475	8.666441492236951
239_24	21.35114758	5	64.46390014864517	8.622550513729033
239_25	21.27230743	5	62.68762217539869	8.283062949079739
239_26	22.29203788	5	62.9106163636613	8.123715696732258
239_27	21.78158685	5	60.95067109777679	7.833816849555359
239_28	22.36782768	5	60.71360202411771	7.669154868823543
239_29	21.16053011	5	58.24322670185718	7.416539318371437
239_30	21.26364387	5	58.79350300193974	7.505971826387949
239_31	20.53403679	5	57.60323502762897	7.413839647525793
239_32	20.35507103	5	57.80485496978027	7.489956787956055
239_33	20.36696286	5	58.31159482774612	7.588926393549224
239_34	21.33729828	5	58.59021985568619	7.450584315137239
239_35	21.89885141	5	58.71336492870714	7.362902703741428
239_36	22.57893586	5	59.69853243059693	7.423919314119386
239_37	22.62982949	5	60.60880904150512	7.595795910301024
239_38	23.52852979	5	60.54103663433061	7.402501368866122
239_39	24.82205702	5	61.45721781634145	7.32703215926829
239_40	24.73961885	5	61.25656891485269	7.303390012970539
239_41	23.87228657	5	62.22203875251903	7.669950436503806
239_42	23.4100349	5	62.18800943946776	7.755594907893553
239_43	22.80702639	5	62.81734999144543	8.002064720289084
239_44	23.11460156	5	62.98653905987307	7.974387499974614
239_45	22.2858773	5	63.77275703428811	8.297375946857622
239_46	21.65356713	5	63.9809657898681	8.46547973197362
239_48	19.97124998	5	65.15940952982939	9.037631909965878
239_49	21.62202723	5	65.39829809539553	8.755254173079106
239_50	23.08211151	5	66.5740328265981	8.698384263319619
239_52	20.49208941	5	67.08243152561379	9.318068423122757
239_53	21.52257456	5	68.25460138731744	9.346405365463488
239_54	22.07199358	5	68.219046302951	9.2294105445902
239_55	22.88019635	5	69.0437907750739	9.23271888501478
239_56	22.78183535	5	68.65740823686416	9.175114577372831
239_57	22.82725809	5	68.07029251282704	9.048606884565407
239_58	22.03898905	5	68.67919389521181	9.328040969042362
239_60	21.20479362	5	67.29575761935952	9.218192799871904
239_61	23.22359609	5	67.43628123189426	8.842537028378851
239_62	25.03582318	5	66.1470949290708	8.222254349814161
239_63	24.88262599	5	65.99001915402988	8.221478632805976
239_64	25.47050282	5	66.10419501253857	8.126738438507713
239_65	25.00211153	5	65.97347894304916	8.194273482609832
239_66	25.41730395	5	64.78158482284041	7.872856174568082
239_67	25.90195543	5	65.8834461822191	7.99629815044382
239_68	26.19909102	5	64.62638360987525	7.68545851797505
239_69	25.77168448	5	66.18437720716753	8.082538545433504
239_71	23.77028649	5	66.96258044944216	8.63845879188843
239_72	23.09090466	5	68.22780758776996	9.027380585553992
239_73	23.38166732	5	68.68313856974717	9.060294249949434
239_74	24.79032132	5	69.85948065436614	9.013831866873227
239_75	26.81018295	5	71.32417539791818	8.902798489583637
239_76	27.21298801	5	71.28281144368977	8.813964686737952
239_77	25.51888902	5	72.70880483393059	9.437983162786116
239_81	23.42417155	5	74.21879474825127	10.15892463965026
239_82	25.43676114	5	76.12530809418816	10.13770939083763
239_83	27.99395159	5	74.86732090998122	9.374673863996243
239_84	31.82564945	5	75.97816148711027	8.830502407422054
239_86	27.2805479	5	74.37428808900989	9.418748037801979
239_87	27.09747396	5	74.58619934379966	9.497745076759932
239_88	27.96644431	5	74.19398229148852	9.245507596297704
239_89	27.79659484	5	73.10738452794665	9.06215793758933
239_90	28.45270655	5	72.61247795470263	8.831954280940526
239_91	27.33817535	5	72.4209211422499	9.01654915844998
239_92	27.45561999	5	72.36565618306724	8.982007238613448
239_94	24.70310922	5	71.512507318508	9.3618796197016
239_95	24.73376358	5	70.30596097678762	9.114439479357523
239_96	25.40866663	5	69.29952435256037	8.778171544512073
239_97	27.17762389	5	68.75461769338769	8.315398760677537
239_99	21.96396209	5	66.87363927976098	8.981935437952197
239_100	23.88495587	5	65.0034115529043	8.223691136580859
239_101	23.80141201	5	64.49429419405496	8.138576436810991
239_102	23.56155291	5	63.83207805164211	8.054105028328422
239_103	22.5513857	5	63.0945601791223	8.10863489582446
239_104	24.08312841	5	62.59562708858653	7.702499735717305
239_105	25.3309273	5	62.16679292263406	7.367173124526812
239_106	26.401456	5	62.10383985716333	7.140476771432665
239_107	25.72089592	5	60.95681147085791	7.047183110171582
239_108	24.57496236	5	61.32561088092295	7.350129704184591
239_109	24.77886067	5	60.41731351126662	7.127690568253324
239_110	25.21497218	5	60.90276809669936	7.137559183339872
239_111	27.25439274	5	60.95182246754389	6.739485945508778
239_113	25.37524284	5	60.67305662528439	7.059562757056878
239_114	25.15769396	5	61.57067172159282	7.282595552318566
239_115	24.79914517	5	62.31612690205574	7.503396346411148
239_116	24.72892458	5	62.65329883460493	7.584874850920985
239_117	25.20325655	5	63.74569741794681	7.708488173589362
239_118	25.63808036	5	63.92893176977271	7.658170281954543
239_119	26.17922471	5	64.76507731993361	7.717170521986722
239_120	25.61712113	5	63.79890530562524	7.636356835125047
239_121	26.12905985	5	64.63715033465992	7.701618096931983
239_122	26.77308407	5	64.31271673684734	7.507926533369468
239_123	29.12971108	5	64.24283059094779	7.022623902189558
239_124	27.65143948	5	65.09358769317942	7.488429642635883
239_125	26.86808494	5	64.43810210705956	7.514003433411912
239_126	27.30949182	5	65.95350474988636	7.728802585977272
239_127	27.04977623	5	65.81756482060371	7.753557718120741
239_128	28.31045883	5	67.81897878558686	7.901703991117373
239_129	28.03533217	5	67.8456165762406	7.962056881248119
239_130	50	25	69.68820624523127	0.7875282498092508
239_131	50	25	69.79666568843761	0.7918666275375046
239_132	50	25	71.08453233030535	0.843381293212214
239_133	50	25	71.73949204669037	0.8695796818676149
239_134	50	25	72.54516950330353	0.9018067801321411
239_135	50	25	73.98070699093758	0.9592282796375031
239_136	50	25	73.9700805984881	0.9588032239395239
239_137	50	25	74.86893047603833	0.9947572190415331
239_138	50	25	75.53635291024219	1.021454116409688
239_139	50	25	76.68267521695104	1.067307008678042
239_140	50	25	77.90727962623141	1.116291185049257
239_141	50	25	78.61555217626768	1.144622087050707
239_142	50	25	79.42806058838586	1.177122423535435
239_143	50	25	80.53707521049286	1.221483008419714
239_144	50	25	80.70912922332364	1.228365168932946
239_145	50	25	80.82038692221018	1.232815476888407
239_146	50	25	81.91330740752764	1.276532296301106
239_147	50	25	80.55432409332681	1.222172963733072
239_148	50	25	81.16365784838794	1.246546313935518
239_149	50	25	80.60991027978524	1.22439641119141
239_150	50	25	81.23050420509156	1.249220168203663
239_151	50	25	81.64937859036731	1.265975143614692
239_153	50	25	82.3053543639295	1.29221417455718
239_155	50	25	82.93555979960306	1.317422391984122
239_156	50	25	83.18716733770654	1.327486693508262
239_157	50	25	84.16215863493927	1.366486345397571
239_158	50	25	85.47219672466586	1.418887868986634
239_161	25.1144593	5	85.24248905010283	12.02560595002057
239_162	29.27897911	5	85.26641339794476	11.19748685758895
239_163	50	25	85.83348408744854	1.433339363497942
239_164	50	25	84.70567823674375	1.38822712946975
239_165	50	25	85.3298146843849	1.413192587375396
239_166	50	25	84.96718654777023	1.398687461910809
239_167	50	25	85.03166239961057	1.401266495984423
239_168	50	25	85.7882921028453	1.431531684113812
239_169	50	25	86.34072369734008	1.453628947893603
239_170	50	25	86.6628116130362	1.466512464521448
239_171	27.508453	5	86.16879285456577	11.73206797091315
239_173	29.25176186	5	87.7302533847178	11.69569830494356
239_174	50	25	86.90599946425394	1.476239978570157
239_175	50	25	88.26404968475273	1.530561987390109
239_178	50	25	87.91534708773806	1.516613883509522
239_180	29.57127891	5	86.65864103525773	11.41747242505155
239_181	50	25	86.9234290979562	1.476937163918248
239_184	50	25	84.96268597172643	1.398507438869057
239_185	50	25	84.22542598480932	1.369017039392373
239_186	50	25	82.80304278906681	1.312121711562672
239_187	50	25	82.35719398212369	1.294287759284948
239_190	31.03653776	5	75.96444355661404	8.985581159322809
239_191	28.85080161	5	73.67307984825112	8.964455647650222
239_192	28.64522012	5	71.79160757850778	8.629277491701554
239_193	28.74234019	5	70.54896180022155	8.361324322044309
239_194	29.30257451	5	67.72115054190202	7.683715206380404
239_195	27.1114527	5	66.54787955671281	7.887285371342562
239_196	26.1675176	5	64.40362671913485	7.64722182382697
239_197	26.24482442	5	62.65186376341018	7.281407868682036
239_198	28.86982692	5	61.1566052606248	6.45735566812496
239_199	50	25	60.71096894376765	0.4284387577507058
239_201	26.89639042	5	57.45749671699673	6.112221259399346
239_202	30.91835745	5	56.8887058062026	5.194069671240521
239_204	29.1681749	5	54.11795269034729	4.989955558069457
239_205	50	25	54.39791846504816	0.1759167386019266
239_207	31.49392979	5	52.69771059765338	4.240756161530677
239_208	30.57681859	5	52.93634500826659	4.471905283653319
239_209	29.06282167	5	52.18706438654655	4.624848543309309
239_210	27.99653381	5	51.60670845820071	4.722034929640143
239_211	27.95480921	5	50.47655543595518	4.504349245191037
239_212	29.05035702	5	49.44034063658633	4.077996723317267
239_214	25.48027698	5	46.6392813581752	4.231800875635041
239_215	25.07344445	5	44.96335299978583	3.977981709957167
239_217	30.89705624	5	43.30775952170966	2.482140656341931
239_220	29.96614175	5	40.70608988298559	2.147989626597119
239_221	26.76036409	5	39.08021896652949	2.463970975305899
239_222	24.56312323	5	39.52038917697492	2.991453189394985
239_224	23.46279192	5	36.5338963671152	2.614220889423039
239_225	23.42667999	5	36.7111336192669	2.656890725853379
239_226	22.9229993	5	33.92823949913462	2.201048039826924
239_227	22.52013279	5	33.07786514477051	2.111546470954102
239_228	21.36312914	5	30.87846251906306	1.903066675812612
239_229	19.93629367	5	29.08237483603403	1.829216233206807
239_230	18.50244584	5	26.49532676129819	1.598576184259638
239_231	17.30737505	5	24.43120401204614	1.424765792409228
239_234	11.09686837	5	16.29235612121665	1.03909755024333
239_235	7	5	13.9867364678003	1.397347293560061
239_237	7	5	8.05955545156996	0.2119110903139919
239_245	10.7079592	5	16.35477037512988	1.129362235025976
239_246	10.73143226	5	19.64105536265216	1.781924620530432
239_248	14.25560666	5	22.20147107844365	1.58917288368873
239_252	18.60317185	5	29.56279559286006	2.191924748572011
239_253	21.45182757	5	30.95130417747614	1.899895321495227
239_254	25.43267762	5	33.10212483201522	1.533889442403044
239_255	25.80560199	5	33.53259952329733	1.545399506659466
239_256	25.92905854	5	33.16632859149539	1.447454010299077
239_257	26.01299012	5	34.34950066937262	1.667302109874524
239_258	25.10342595	5	33.82440472646466	1.744195755292933
239_259	25.70025633	5	34.15853510820591	1.691655755641182
239_260	24.02060847	5	35.65675643870189	2.327229593740378
239_261	25.37967884	5	35.41740807188591	2.007545846377182
239_262	24.90255504	5	35.64054329320222	2.147597650640444
239_263	25.74597983	5	36.69938795473387	2.190681624946774
239_264	25.00515766	5	36.51007824056536	2.300984116113072
239_265	24.07690932	5	36.97269516206317	2.579157168412634
239_266	24.0301202	5	37.42095852505593	2.678167665011186
239_267	23.25947844	5	37.7262328761738	2.893350887234761
239_268	23.54579498	5	38.05684944846187	2.902210893692374
239_269	24.21880115	5	38.17714472177455	2.79166871435491
239_271	23.95371993	5	38.9007068357771	2.98939738115542
239_273	25.64199945	5	40.23383747518972	2.918367605037943
239_274	26.05501099	5	41.5526428106925	3.099526364138499
239_275	24.98386987	5	42.68555199845729	3.540336425691458
239_276	25.83908818	5	44.62310247735092	3.756802859470183
239_277	23.96635049	5	45.66905442701857	4.340540787403715
239_278	24.84659821	5	46.42056860114011	4.314794078228022
239_279	24.49326554	5	49.07727308968031	4.916801509936063
239_280	24.97695452	5	48.57821387062438	4.720251870124876
239_281	25.28928521	5	51.32004365994348	5.206151689988696
239_282	26.27807498	5	49.49671761395227	4.643728526790454
239_283	25.12053115	5	50.47272389478375	5.070438548956751
239_284	27.54111153	5	51.22426519685921	4.736630733371841
239_285	27.32811221	5	51.47817775157605	4.830013108315209
239_286	50	25	50.76487776012894	0.03059511040515758
239_287	50	25	49.86601503145545	-0.005359398741782115
239_288	50	25	49.3798710194627	-0.02480515922149209
239_289	28.0517896	5	48.98856745053988	4.187355570107977
239_292	50	25	46.06029337931578	-0.1575882648273688
239_293	50	25	46.66402343812457	-0.1334390624750171
239_294	29.74022163	5	46.04753578400215	3.26146283080043
239_295	29.67637021	5	46.35194260040679	3.335114478081358
239_296	30.94633693	5	46.2190316948802	3.05453895297604
239_297	50	25	46.20329074012092	-0.1518683703951632
239_298	50	25	46.4886957696194	-0.1404521692152238
239_299	50	25	45.97266238048235	-0.1610935047807058
239_300	26.76192739	5	46.05722572470255	3.859059666940509
239_302	28.29486441	5	45.67281457422932	3.475590032845864
239_305	29.67223323	5	47.97602188218462	3.660757730436924
239_306	30.32546121	5	49.10131414438854	3.755170586877708
239_307	30.256927	5	51.0219022412366	4.152995048247319
239_308	28.11938649	5	51.74852773279231	4.725828248558463
239_309	28.72648475	5	53.89179054136482	5.033061158272964
239_310	26.45822845	5	55.46225268492744	5.800804846985487
239_311	23.83658791	5	56.71894311355702	6.576471040711404
239_313	23.78678101	5	57.7598935958513	6.794622517170261
239_314	26.62691269	5	60.17189369722087	6.708996201444174
239_315	50	25	59.7900096030006	0.391600384120024
239_316	50	25	60.90646403653451	0.4362585614613803
239_317	50	25	60.38721428757361	0.4154885715029445
239_318	50	25	59.14312302482248	0.3657249209928992
239_319	50	25	58.45661548830612	0.3382646195322448
239_320	50	25	56.81089986109868	0.2724359944439473
239_321	50	25	55.61711677881046	0.2246846711524182
239_323	50	25	52.92348920359562	0.1169395681438249
239_324	30.87616046	5	53.55551515561083	4.535870939122167
239_325	29.91748998	5	53.75960199017644	4.768422402035287
239_326	29.2937521	5	54.21695588078592	4.984640756157185
239_327	50	25	54.35802976205892	0.1743211904823568
239_328	29.04519094	5	53.87551718378957	4.966065248757913
239_329	26.82305048	5	54.41513192733241	5.518416289466482
239_330	25.28336796	5	54.58337924687741	5.860002257375482
239_331	26.22209478	5	55.20765114336143	5.797111272672287
239_333	50	25	56.2081162095356	0.2483246483814242
239_336	50	25	60.37029991926269	0.4148119967705077
239_337	50	25	60.56627055412822	0.4226508221651287
239_338	50	25	62.53611729706621	0.5014446918826485
239_339	50	25	62.80557282976877	0.5122229131907509
239_340	50	25	64.17436474655473	0.5669745898621892
239_341	30.64497024	5	65.96915621332506	7.064837194665013
239_342	30.09014116	5	66.29331996915813	7.240635761831626
239_343	50	25	68.6291663737773	0.7451666549510918
239_344	50	25	67.02799080205656	0.6811196320822626
239_345	50	25	69.43632348359003	0.7774529393436012
239_346	50	25	68.39136114197854	0.7356544456791414
239_347	29.65520192	5	70.2122370463933	8.111407025278661
239_348	50	25	69.90153229808624	0.7960612919234495
239_349	50	25	69.19078305272365	0.7676313221089458
239_350	50	25	66.86739918685524	0.6746959674742095
239_351	50	25	66.21419381742992	0.6485677526971966
239_352	50	25	63.97487299609098	0.5589949198436392
239_353	50	25	63.01266261884419	0.5205065047537676
239_354	50	25	60.81587051938278	0.4326348207753111
239_355	50	25	59.40754210129636	0.3763016840518546
239_356	50	25	58.74350681412889	0.3497402725651554
239_357	50	25	57.74586303742612	0.3098345214970448
239_358	50	25	57.22731954229325	0.2890927816917301
239_359	50	25	56.68339763204306	0.2673359052817224
239_360	50	25	56.83991058992336	0.2735964235969343
239_361	27.39048771	5	58.19291766380216	6.160485990760433
239_362	27.99911167	5	59.63993665616311	6.328164997232621
239_363	50	25	61.49321627217238	0.4597286508868953
239_365	50	25	64.07756118856209	0.5631024475424834
239_368	50	25	68.9171710297333	0.7566868411893318
239_369	50	25	68.7950922256294	0.7518036890251761
239_370	50	25	70.99292188592827	0.8397168754371307
239_371	50	25	69.2407259252245	0.7696290370089798
239_372	50	25	70.838551469254	0.83354205877016
239_373	50	25	70.7372117900113	0.829488471600452
239_374	29.85275196	5	69.42857120111501	7.915163848223001
239_375	50	25	70.23213132013905	0.8092852528055618
239_376	50	25	67.36813165627804	0.6947252662511215
239_377	50	25	67.65066341672387	0.7060265366689549
239_378	50	25	65.46019553611565	0.6184078214446259
239_379	27.65328453	5	65.06012567733454	7.481368229466907
239_380	28.46123347	5	64.04582110583246	7.116917527166493
239_381	28.9321671	5	61.90319069410294	6.594204718820587
239_382	29.20782923	5	60.78615551667792	6.315665257335584
239_383	28.23263883	5	59.7944518051211	6.31236259502422
239_384	29.74398523	5	59.02320259969849	5.855843473939698
239_385	50	25	57.90584619134582	0.3162338476538329
239_386	50	25	57.04418822453855	0.2817675289815421
239_387	50	25	57.24971263492835	0.289988505397134
239_388	50	25	57.42073824070232	0.2968295296280928
239_389	50	25	57.43488523059573	0.297395409223829
239_390	50	25	59.00169154567256	0.3600676618269026
239_391	29.86050462	5	59.9337694918115	6.014652974362299
239_392	50	25	60.7737298832166	0.4309491953286638
239_393	50	25	62.17493349019267	0.4869973396077069
239_394	50	25	62.99791645794834	0.5199166583179337
239_395	28.98984048	5	64.69591134418533	7.141214172837067
239_396	24.96177802	5	66.47411015228117	8.302466426456235
239_398	50	25	69.4571349811352	0.778285399245408
239_399	50	25	71.1003739342337	0.8440149573693481
239_400	50	25	72.03905194556314	0.8815620778225258
239_401	50	25	71.44080393270814	0.8576321573083254
239_402	50	25	70.46062937637544	0.8184251750550174
239_403	50	25	68.31744125246973	0.7326976500987894
239_404	50	25	66.22743789628892	0.6490975158515567
239_406	27.15339371	5	61.86624509709754	6.942570277419509
239_407	29.38232271	5	59.27361962148969	5.978259382297939
239_408	50	25	57.47222081568842	0.298888832627537
239_409	50	25	55.8649626761848	0.2345985070473918
239_410	50	25	54.1126902962238	0.1645076118489521
239_411	50	25	53.08824546982312	0.1235298187929249
239_412	50	25	51.34383629764481	0.05375345190579253
239_413	50	25	51.11668715645499	0.04466748625819946
239_414	50	25	52.03887522581413	0.08155500903256524
239_415	50	25	53.49905140344825	0.1399620561379299
239_416	50	25	56.01499296454706	0.2405997185818825
239_417	50	25	56.27011026551808	0.2508044106207231
239_418	50	25	57.78141854475722	0.3112567417902886
239_419	29.36775072	5	59.74088456961989	6.074626769923979
239_420	30.1903004	5	61.10720731386644	6.183381382773288
239_421	30.19959027	5	63.46553746531382	6.653189439062764
239_422	28.61558253	5	63.28556356314081	6.933996206628163
239_424	50	25	64.62693098520143	0.585077239408057
239_425	50	25	64.69039469323255	0.5876157877293019
239_426	50	25	66.6258896112078	0.6650355844483119
239_427	50	25	67.66780550510822	0.7067122202043288
239_428	30.52767785	5	67.02279822905436	7.299024075810872
239_429	29.36799792	5	68.03994118235116	7.734388652470232
239_430	29.79361526	5	70.04992238741087	8.051261425482176
239_431	50	25	70.05246949916344	0.8020987799665374
239_432	50	25	69.52550392500837	0.7810201570003347
239_433	50	25	71.1602323425027	0.8464092937001078
239_434	50	25	72.8957518287399	0.9158300731495962
239_435	50	25	72.51465540406525	0.90058621616261
239_436	50	25	72.89731711227857	0.9158926844911428
239_437	50	25	75.02814504961592	1.001125801984637
239_438	31.10386701	5	75.82322148862058	8.943870895724114
239_439	31.67306846	5	75.97896456754296	8.861179221508593
239_440	50	25	77.80406546346434	1.112162618538574
239_441	50	25	77.8079694155909	1.112318776623636
256_3	50	25	67.31292530735817	0.6925170122943268
256_5	27.63386459	5	64.01186245223195	7.27559957244639
256_6	26.10765954	5	62.13280395124582	7.205028882249164
256_7	25.25461088	5	60.60075212872341	7.069228249744681
256_8	25.2135165	5	58.9307719072895	6.7434510814579
256_9	25.53653264	5	57.34288058795494	6.361269589590989
256_10	24.70185464	5	56.71531675024762	6.402692422049523
256_11	23.94118161	5	54.72676803886161	6.157117285772323
256_12	23.13885548	5	54.35848485495468	6.243925874990937
256_13	24.93222908	5	53.59396421839892	5.732347027679785
256_14	26.60208519	5	52.80387734816247	5.240358431632495
256_15	26.92184225	5	52.8827992504187	5.19219140008374
256_16	25.81059937	5	51.60621535391491	5.159123196782983
256_17	24.48983556	5	51.30753758451339	5.363540404902678
256_18	23.46039379	5	51.37554052517213	5.583029347034425
256_19	23.00713973	5	51.4608120449034	5.69073446298068
256_20	22.77214107	5	51.72635687912688	5.790843161825375
256_21	24.80339964	5	51.26455272497736	5.292230616995473
256_22	25.40209223	5	51.14230738623041	5.148043031246081
256_23	25.05942484	5	50.65652372665265	5.11941977733053
256_24	24.28746527	5	50.44521533916279	5.231550013832558
256_25	24.44247624	5	49.39127444744933	4.989759641489865
256_26	25.24410283	5	49.76410917905422	4.904001269810845
256_27	24.34570887	5	48.23682527946554	4.778223281893109
256_28	24.14768696	5	48.68575769227556	4.907614146455112
256_29	22.87506136	5	46.96904457051095	4.818796642102191
256_30	22.85650444	5	48.36958575989467	5.102616263978934
256_31	22.6953453	5	47.91551847066696	5.044034634133392
256_32	22.88555515	5	49.17057699459133	5.257004368918266
256_33	23.28606839	5	49.68735955597148	5.280258233194297
256_34	24.56594624	5	50.33468616446783	5.153747984893567
256_35	25.43389266	5	50.87276421827573	5.087774311655147
256_36	26.41451621	5	52.09286900014782	5.135670558029565
256_37	26.28956467	5	52.50910090840281	5.243907247680562
256_38	27.69227703	5	52.83417604539258	5.028379803078517
256_39	29.58839705	5	53.56663576541445	4.79564774308289
256_40	30.35543632	5	53.99793512596111	4.728499761192223
256_41	28.6944924	5	54.69310544218578	5.199722608437156
256_42	30.80008472	5	54.86966991951767	4.813917039903534
256_43	29.94616932	5	55.75023771847619	5.160813679695237
256_44	50	25	55.87670637337024	0.2350682549348096
256_45	26.53992309	5	57.08096680320315	6.108208742640631
256_46	24.47954016	5	57.66510399629235	6.63711276725847
256_48	23.310528	5	59.5511962920413	7.248133658408261
256_49	24.75543158	5	59.96280924741644	7.041475533483288
256_50	28.17076669	5	61.64253857227943	6.694354376455886
256_52	24.51892543	5	62.82132011836764	7.660478937673528
256_53	25.54926602	5	64.09743679051144	7.709634154102287
256_54	26.10971701	5	64.07383634779568	7.592823867559136
256_55	27.6740431	5	65.12255235448011	7.489701850896021
256_56	27.48607513	5	64.68781107565918	7.440347189131836
256_57	25.15910417	5	64.25284491101361	7.818748148202722
256_58	21.61723145	5	64.95622513376485	8.667798736752969
256_60	25.72514454	5	63.42730731330047	7.540432554660095
256_61	26.64678485	5	63.75819946007034	7.422282922014068
256_62	28.86514349	5	62.64350238421742	6.755671778843483
256_63	31.73467149	5	62.29316621205751	6.111698944411502
256_64	31.9525118	5	62.37724760285027	6.084947160570054
256_65	29.92204004	5	62.17714097724441	6.451020187448883
256_66	29.16118398	5	60.49992834726417	6.267748873452835
256_67	27.85673114	5	61.35106722806089	6.698867217612178
256_68	28.74117301	5	59.6728630759314	6.186338013186279
256_69	50	25	60.28558867880739	0.4114235471522957
256_71	50	25	60.06502659220628	0.4026010636882512
256_72	27.8723023	5	60.70530661931103	6.566600863862206
256_73	27.20926917	5	60.84823477640271	6.727793121280543
256_74	27.86114164	5	61.56715482332319	6.741202636664637
256_75	29.76583571	5	62.99378245965264	6.645589349930529
256_76	30.08415304	5	63.13401994471788	6.609973380943575
256_77	28.9597912	5	64.67490292289003	7.143022344578005
256_79	50	25	66.01853034874671	0.6407412139498683
256_80	50	25	67.62331494105678	0.704932597642271
256_81	50	25	66.93852553469534	0.6775410213878138
256_82	32.28942153	5	69.05036353326605	7.35218840065321
256_83	31.99142031	5	67.80011556701015	7.161739051402032
256_84	50	25	69.07307250817716	0.7629229003270865
256_86	50	25	67.28270407481905	0.6913081629927621
256_87	50	25	67.6566134004601	0.7062645360184041
256_88	50	25	67.12274705546503	0.6849098822186011
256_89	50	25	65.95288402723608	0.6381153610894432
256_90	50	25	65.88998773359383	0.6355995093437531
256_91	50	25	65.47462176627506	0.6189848706510026
256_92	50	25	65.38714968894101	0.6154859875576403
256_94	27.32381436	5	64.56398264246926	7.448033656493851
256_95	27.66322937	5	63.46914450198486	7.161183026396972
256_96	28.88129757	5	62.49723538572876	6.723187563145752
256_97	50	25	62.05313669247516	0.4821254676990063
256_99	26.7154052	5	60.06302624199569	6.669524208399139
256_100	28.77653067	5	58.43129641207522	5.930953148415044
256_101	31.07702661	5	57.50794875052736	5.286184428105472
256_102	31.66951322	5	57.13128190594796	5.092353737189592
256_103	29.94977852	5	55.7416167241141	5.158367640822819
256_104	29.50757316	5	55.22830262387784	5.144145892775567
256_105	30.50021062	5	54.51572710658179	4.803103297316357
256_106	30.6919478	5	54.50772463385692	4.763155366771384
256_107	30.71137175	5	52.99398008955509	4.456521667911018
256_108	29.37761557	5	52.95563024254579	4.715602934509159
256_109	29.56624333	5	51.85662143803321	4.458075621606642
256_110	30.11079643	5	51.96518970553096	4.370878655106192
256_111	50	25	51.51947541770722	0.06077901670828879
256_113	29.42863736	5	50.48008429384917	4.210289386769833
256_114	27.41970439	5	51.16533418691091	4.749125959382182
256_115	28.01781651	5	51.23618124067052	4.643672946134104
256_116	28.10491831	5	51.49327804495084	4.677671946990168
256_117	28.63065796	5	52.34870800859694	4.743610009719388
256_118	28.45472315	5	52.73499351116021	4.856054072232043
256_119	29.65620745	5	53.1829680393149	4.70535211786298
256_120	50	25	52.57208497958653	0.1028833991834614
256_121	29.59948251	5	53.76738759295618	4.833581016591235
256_122	50	25	53.44442750027172	0.1377771000108689
256_123	50	25	53.96022201426487	0.1584088805705949
256_124	50	25	54.92050513908809	0.1968202055635237
256_125	50	25	54.83556752530624	0.1934227010122495
256_126	30.90717526	5	56.74134832095842	5.166834612191685
256_127	50	25	56.85043111048142	0.274017244419257
256_128	50	25	59.39975956574891	0.3759903826299563
256_129	50	25	59.55909705040379	0.3823638820161517
256_130	50	25	61.83444808615376	0.4733779234461503
256_131	50	25	62.07327041597149	0.4829308166388595
256_132	50	25	63.47762120713305	0.5391048482853222
256_133	50	25	64.34022324719064	0.5736089298876255
256_134	50	25	65.12971427939915	0.6051885711759661
256_135	50	25	66.9508543776149	0.6780341751045961
256_136	50	25	66.90285922653651	0.6761143690614603
256_137	50	25	67.83978253676024	0.7135913014704096
256_138	50	25	68.7438271752829	0.749753087011316
256_139	50	25	69.99217010598804	0.7996868042395215
256_140	50	25	71.15338823375605	0.8461355293502418
256_141	50	25	71.7343929331262	0.869375717325048
256_142	50	25	72.31718826408496	0.8926875305633984
256_143	50	25	73.25856115911878	0.9303424463647514
256_144	50	25	73.18859018294678	0.9275436073178713
256_145	50	25	73.06759051138863	0.9227036204555452
256_146	50	25	74.00297844213966	0.9601191376855865
256_147	50	25	72.37673565421774	0.8950694261687095
256_148	50	25	72.76190250104644	0.9104761000418574
256_149	50	25	72.01912805906419	0.8807651223625674
256_150	50	25	72.51434284840228	0.9005737139360912
256_151	50	25	72.85379244478027	0.9141516977912107
256_152	50	25	72.39746093992427	0.8958984375969709
256_153	50	25	73.36023309152192	0.9344093236608768
256_155	50	25	74.27780279905539	0.9711121119622157
256_156	50	25	74.1864569219411	0.9674582768776441
256_157	50	25	75.05847706058154	1.002339082423261
256_158	50	25	76.24490017465472	1.049796006986189
256_161	50	25	74.88333882516054	0.9953335530064215
256_162	50	25	74.61548845464738	0.9846195381858951
256_163	50	25	74.65439549042657	0.9861758196170627
256_164	50	25	73.28684829101518	0.931473931640607
256_165	50	25	73.45399169576191	0.9381596678304766
256_166	50	25	73.07238737079871	0.9228954948319483
256_167	50	25	72.91562548328859	0.9166250193315437
256_168	50	25	73.66327849363927	0.9465311397455707
256_169	50	25	74.12430769311314	0.9649723077245256
256_170	50	25	74.42145927385738	0.9768583709542952
256_171	30.42194792	5	73.92131171205918	8.699872758411836
256_173	29.69979523	5	75.83176158534242	9.226393271068485
256_174	50	25	75.2228103011431	1.008912412045724
256_175	50	25	76.80844705659113	1.072337882263645
256_178	50	25	77.18482711340168	1.087393084536067
256_180	50	25	76.64028582241008	1.065611432896403
256_181	50	25	77.03189423463344	1.081275769385338
256_184	50	25	76.25574973515542	1.050229989406217
256_185	50	25	75.92666332323617	1.037066532929447
256_186	50	25	74.88130702280118	0.9952522809120472
256_187	50	25	74.88910978530581	0.9955643914122322
256_190	50	25	69.75776180895876	0.7903104723583505
256_191	50	25	67.88434212878511	0.7153736851514043
256_192	50	25	66.31476109393191	0.6525904437572763
256_193	30.18333925	5	65.69123352696219	7.101578855392438
256_194	50	25	62.82645516008472	0.5130582064033888
256_195	50	25	62.25803899484337	0.490321559793735
256_196	50	25	60.08399106139502	0.4033596424558007
256_197	29.90726923	5	58.54176502899807	5.726899159799614
256_198	50	25	57.16090560050092	0.2864362240200367
256_199	50	25	56.79238991789453	0.2716955967157813
256_201	30.06800162	5	54.06378448502149	4.799156573004297
256_202	50	25	53.84638873276785	0.153855549310714
256_204	50	25	52.21953418973063	0.08878136758922522
256_205	50	25	53.25629178564167	0.1302516714256669
256_207	50	25	52.8465004582581	0.113860018330324
256_208	50	25	54.1350719137061	0.165402876548244
256_209	50	25	53.97126638074867	0.1588506552299469
256_210	28.99845297	5	53.78212136628356	4.956733679256713
256_211	50	25	53.17782309019216	0.1271129236076865
256_212	50	25	52.74975680998501	0.1099902723994003
256_214	50	25	51.73723315806934	0.06948932632277377
256_215	50	25	50.57980677341614	0.0231922709366458
256_217	50	25	50.60294449402595	0.02411777976103792
256_220	50	25	49.47467752899023	-0.02101289884039062
256_221	28.92269951	5	48.13422921430178	3.842305940860355
256_222	25.5808333	5	48.74722917724515	4.633279175449031
256_224	25.94706631	5	46.52295278242737	4.115177294485475
256_225	26.62390268	5	47.38282864883725	4.151785193767449
256_226	26.05429696	5	45.15811916967539	3.820764441935078
256_227	26.98766136	5	45.19638209091416	3.641744146182833
256_228	25.5516927	5	43.29864691972178	3.549390843944356
256_229	25.01367089	5	43.43641587991021	3.684548997982041
256_230	24.87657666	5	41.5106945885201	3.326823585704019
256_231	30.22419898	5	40.86700026811375	2.12856025762275
256_234	23.69362378	5	36.7444060917902	2.610156462358041
256_235	24.8275908	5	35.20503775029217	2.075489390058434
256_237	27.12448501	5	33.44223941243836	1.263550880487672
256_238	25.74357852	5	33.69658833666937	1.590601963333874
256_239	25.16367154	5	31.32750619273031	1.232766930546062
256_240	25.18466958	5	31.68215419710533	1.299496923421066
256_241	22.2472065	5	29.12135667829781	1.374830035659561
256_242	20.95827578	5	29.83260781229488	1.774866406458976
256_243	19.72509326	5	27.38669266144424	1.532319880288848
256_244	20.17774612	5	27.0292126062232	1.37029329724464
256_245	19.06646756	5	24.22663291605031	1.032033071210061
256_246	18.45420775	5	23.18683750937296	0.9465259518745924
256_248	15.03602071	5	17.61133079200552	0.5150620164011048
256_250	14.06523957	5	13.17561980544288	-0.1779239529114232
256_252	12.93851187	5	8.215330547651659	-0.9446362644696681
256_253	12.53703232	5	6.763566352924129	-1.154693193415174
256_254	7	5	6.427944484161904	-0.1144111031676193
256_255	7	5	4.932415369021309	-0.4135169261957382
256_257	7	5	3.92730229580325	-0.6145395408393501
256_258	7	5	4.96403774012101	-0.407192451975798
256_259	12.09952635	5	7.607925007972074	-0.8983202684055851
256_260	12.60872968	5	10.16272912752445	-0.4892001104951099
256_261	12.47069791	5	12.84158774223857	0.07417796644771321
256_262	12.45342926	5	14.40272566704828	0.3898592814096556
256_263	13.00700788	5	17.13048279161932	0.8246949823238637
256_264	12.81243026	5	17.83395328554969	1.004304605109937
256_265	12.65464839	5	18.64979528670514	1.199029379341028
256_266	12.13992083	5	19.90326673272095	1.55266918054419
256_267	13.90028663	5	20.76079113102892	1.372100900205784
256_268	15.82615002	5	22.03666392363989	1.242102780727978
256_269	17.87899799	5	22.72399167685144	0.9689987373702884
256_271	16.74148243	5	25.32440448560321	1.716584411120641
256_273	18.43129309	5	27.34553650137947	1.782848682275893
256_274	18.70221894	5	29.47280219386034	2.154116650772067
256_275	18.07035062	5	29.54202392826708	2.294334661653416
256_276	18.43355964	5	31.24687860326387	2.562663792652773
256_277	17.2028738	5	31.84268947863716	2.927963135727432
256_278	17.94314312	5	32.23562882316662	2.858497140633324
256_279	18.30580668	5	34.38292198922532	3.215423061845063
256_280	19.33838784	5	33.28242411018489	2.788807254036978
256_281	20.19487971	5	35.55075963605728	3.071175985211456
256_282	19.80751865	5	33.57492746639662	2.753481763279324
256_283	19.89870133	5	34.32329577560744	2.884918889121488
256_284	21.26640564	5	35.23952758219281	2.794624388438563
256_285	23.13785589	5	35.45435041434366	2.463298904868731
256_286	25.51223878	5	35.05680134357697	1.908912512715394
256_287	24.22698832	5	34.26184989400669	2.006972314801339
256_288	23.9662888	5	34.06451542299968	2.019645324599936
256_289	22.86886466	5	33.93445817342733	2.213118702685466
256_290	24.95494643	5	32.38199726621556	1.485410167243111
256_291	26.7141335	5	33.2574686188137	1.30866702376274
256_292	30.6838583	5	32.2491159760739	0.3130515352147789
256_293	50	25	33.78119412748971	-0.6487522349004118
256_294	50	25	33.51597067527822	-0.6593611729888713
256_296	29.53836237	5	35.94626089545399	1.281579705090798
256_297	28.40865724	5	36.21180155203457	1.560628862406914
256_298	28.19917403	5	37.4571475954571	1.851594713091421
256_299	26.60467814	5	36.4860081226616	1.97626599653232
256_300	25.21800799	5	37.29048892513458	2.414496187026915
256_302	26.46392341	5	37.13726198186463	2.134667714372926
256_305	22.77581345	5	40.39081418611584	3.523000147223168
256_306	24.5774934	5	40.68273408496711	3.221048136993422
256_307	25.73142896	5	43.01460354622218	3.456634917244437
256_308	24.71549096	5	43.1642543570288	3.68975267940576
256_309	24.12912532	5	45.4100297986772	4.25618089573544
256_310	22.38986571	5	46.71234710932593	4.864496279865185
256_311	20.468307	5	47.90102798882526	5.486544197765051
256_313	50	25	48.74753267319123	-0.05009869307235078
256_314	25.35456063	5	51.26271814527643	5.181631503055286
256_315	25.04853971	5	50.79099375014582	5.148490808029164
256_316	27.27482046	5	52.06491825024693	4.958019558049385
256_317	28.36199672	5	51.55454719006951	4.638510094013903
256_318	29.79884717	5	50.24081494809443	4.088393555618887
256_319	28.71592892	5	49.68711070867878	4.194236357735756
256_320	50	25	47.88075780173038	-0.08476968793078499
256_321	50	25	46.7256182384707	-0.1309752704611719
256_323	50	25	43.93167403704064	-0.2427330385183745
256_324	50	25	44.83599140797354	-0.2065603436810585
256_325	50	25	45.31415604915181	-0.1874337580339275
256_326	50	25	45.38112465963103	-0.1847550136147586
256_327	50	25	45.66605295890658	-0.173357881643737
256_328	50	25	44.75384981832617	-0.2098460072669533
256_329	30.12804001	5	45.30742900574005	3.035877799148011
256_330	29.68870888	5	45.2180572791924	3.10586967983848
256_331	28.88146458	5	45.96439810854081	3.416586705708163
256_333	29.80565436	5	46.88797103239015	3.41646333447803
256_336	50	25	51.78129855444805	0.071251942177922
256_337	50	25	51.57058251145921	0.0628233004583683
256_338	31.35714561	5	53.71544123767276	4.471659125534552
256_339	30.37305595	5	53.76305767789979	4.678000345579958
256_340	50	25	54.91985269164351	0.1967941076657402
256_341	50	25	56.87856541865202	0.2751426167460809
256_342	50	25	56.61150980108908	0.2644603920435634
256_343	50	25	59.01236690616084	0.3604946762464334
256_344	50	25	56.89921648538002	0.2759686594152007
256_345	30.21600444	5	59.28198369853276	5.813195851706551
256_347	50	25	59.80718229941589	0.3922872919766354
256_348	50	25	59.36245719822263	0.3744982879289052
256_349	50	25	58.72662702076416	0.3490650808305665
256_350	30.24737737	5	56.47269212747324	5.245062951494647
256_351	50	25	55.75150919257472	0.2300603677029889
256_352	29.80258066	5	53.60042068457408	4.759568004914817
256_353	29.02956307	5	53.0152116529086	4.79712971658172
256_354	50	25	50.72282059305616	0.02891282372224623
256_355	50	25	49.5914264277537	-0.01634294288985188
256_356	50	25	49.09402264938412	-0.03623909402463511
256_357	50	25	47.66200166242146	-0.0935199335031416
256_358	50	25	47.28388112949819	-0.1086447548200724
256_359	50	25	46.7293537518702	-0.130825849925192
256_360	50	25	46.8045911571687	-0.127816353713252
256_361	50	25	48.0829700272553	-0.07668119890978801
256_362	30.23238674	5	49.54899012314747	3.863320676629494
256_363	30.00684472	5	51.6574344338928	4.330117942778559
256_365	50	25	54.39886724274841	0.1759546897099364
256_368	50	25	59.53320016700096	0.3813280066800385
256_369	50	25	59.1905134751656	0.3676205390066241
256_370	50	25	61.18989417371097	0.4475957669484387
256_371	50	25	59.37477015566165	0.374990806226466
256_372	50	25	60.83779664339153	0.4335118657356614
256_373	29.41008705	5	60.67587329126584	6.253157248253169
256_374	50	25	59.68857566556535	0.3875430266226141
256_375	50	25	60.40412136105088	0.4161648544420353
256_376	50	25	57.44355963539472	0.2977423854157888
256_377	50	25	57.68772387540395	0.3075089550161582
256_378	50	25	55.49681507060116	0.2198726028240463
256_379	28.04019129	5	54.65149238726822	5.322260219453645
256_381	50	25	51.48882876467195	0.05955315058687802
256_383	26.85375465	5	49.30952521379392	4.491154112758784
256_384	29.37333763	5	48.21875285526302	3.769083045052604
256_385	50	25	47.61639277785238	-0.09534428888590468
256_386	50	25	46.75346602068506	-0.1298613591725976
256_387	50	25	47.15567091832597	-0.113773163266961
256_388	50	25	47.88244976862086	-0.08470200925516565
256_389	50	25	48.40205919092093	-0.06391763236316279
256_390	50	25	50.37584177827728	0.01503367113109107
256_391	50	25	51.91036373425345	0.07641454937013804
256_392	50	25	52.9482368104177	0.1179294724167082
256_393	30.0745801	5	54.88084697595954	4.961253375191907
256_394	28.0606751	5	56.33157541446986	5.654180062893972
256_395	26.9260664	5	58.44222995101679	6.303232710203359
256_396	29.83561228	5	60.79470013969015	6.19181757193803
256_398	26.21616259	5	64.44565348262168	7.645898178524337
256_399	30.89289663	5	66.33840486778244	7.08910164755649
256_400	50	25	67.28090548627463	0.6912362194509853
256_401	50	25	66.75744989969661	0.6702979959878644
256_402	50	25	65.72634292043072	0.629053716817229
256_403	50	25	63.64773166900219	0.5459092667600877
256_404	50	25	61.7271381823828	0.4690855272953118
256_407	50	25	54.71477241792697	0.1885908967170789
256_408	50	25	52.4886756531559	0.09954702612623606
256_409	50	25	50.85614077729478	0.03424563109179104
256_410	50	25	48.59895371739494	-0.05604185130420234
256_411	50	25	47.35393488463414	-0.1058426046146343
256_412	50	25	45.67765881439534	-0.1728936474241863
256_413	50	25	44.8491711402857	-0.2060331543885721
256_414	50	25	45.05304686662359	-0.1978781253350564
256_415	50	25	46.89973941823081	-0.1240104232707677
256_416	50	25	49.50914863352625	-0.01963405465894993
256_417	28.82349407	5	49.40403259908241	4.116107705816483
256_418	30.27293968	5	51.49670111330452	4.244752286660903
256_419	50	25	53.02700637946787	0.1210802551787148
256_420	50	25	54.88205008329771	0.1952820033319082
256_421	31.80286255	5	57.01256084318141	5.041939658636283
256_422	50	25	56.47157513750793	0.258863005500317
256_424	50	25	57.79003505565966	0.3116014022263863
256_425	30.74274788	5	57.4000489270138	5.33146020940276
256_426	29.78623335	5	59.34910743054341	5.912574816108681
256_427	28.82443735	5	60.42101064526177	6.319314659052353
256_428	30.99687606	5	59.34424560246455	5.669473908492909
256_429	50	25	60.03812894484053	0.4015251577936212
256_430	50	25	62.16811957464935	0.4867247829859738
256_431	50	25	62.12583492699073	0.4850333970796291
256_432	50	25	61.06157663274609	0.4424630653098436
256_433	50	25	62.55888649385104	0.5023554597540416
256_434	50	25	64.51233663789588	0.5804934655158354
256_435	50	25	63.86012008735234	0.5544048034940937
256_436	50	25	63.79229700139529	0.5516918800558116
256_437	50	25	65.99985812997197	0.6399943251988788
256_438	50	25	66.81615331966019	0.6726461327864075
256_439	50	25	66.61405606119061	0.6645622424476244
256_440	50	25	68.32679716976813	0.7330718867907251
256_441	50	25	68.10444798851869	0.7241779195407474
322_3	50	25	57.69532873331986	0.3078131493327945
322_5	50	25	53.92143096554953	0.156857238621981
322_6	29.46597187	5	51.43909008931531	4.394623643863063
322_7	28.01328018	5	50.28889691087033	4.455123346174066
322_8	28.48113381	5	48.48988302965336	4.001749843930671
322_9	29.1594365	5	47.67069002116186	3.702250704232372
322_10	29.99440277	5	47.79074418638938	3.559268283277876
322_11	28.53495424	5	45.95507266084456	3.484023684168911
322_12	26.57812569	5	46.11682362715899	3.907739587431799
322_13	26.52190494	5	46.31683359238846	3.958985730477693
322_14	27.76800694	5	45.91725695943111	3.629850003886221
322_15	29.21182143	5	46.76806090664123	3.511247895328246
322_16	28.04802284	5	46.21004809325078	3.632405050650156
322_17	26.88393778	5	46.80591833857687	3.984396111715375
322_18	26.41236034	5	47.75386121976157	4.268300175952314
322_19	26.8997711	5	48.54316478996731	4.328678737993463
322_20	26.6789	5	49.81949652480479	4.628119304960959
322_21	28.87831092	5	50.14878168797957	4.254094153595914
322_22	29.35511959	5	51.14980769729493	4.358937621458987
322_23	28.60433546	5	50.89858961729043	4.458850831458085
322_24	26.91166641	5	50.94232715074637	4.806132148149273
322_25	27.58712468	5	50.00005997258334	4.482587058516668
322_26	28.44147339	5	50.74143359860658	4.459992041721317
322_27	28.34382554	5	49.03777916525684	4.138790725051368
322_28	28.1377758	5	48.57867868726437	4.088180577452874
322_29	27.74038705	5	47.00688874698909	3.853300339397818
322_30	27.16583938	5	47.56858667558731	4.080549459117461
322_31	28.3973339	5	46.3946867613903	3.599470572278059
322_32	27.63184096	5	46.71952384286715	3.81753657657343
322_33	28.98807546	5	46.83324185770108	3.569033279540216
322_34	27.67608133	5	46.51288877174006	3.767361488348012
322_35	27.91441467	5	46.66729212564621	3.750575491129243
322_36	28.4801267	5	46.59622596388211	3.623219852776423
322_37	28.69107007	5	46.64745060071601	3.591276106143203
322_38	30.372103	5	46.62669147042009	3.250917694084019
322_39	28.49517825	5	46.30616496147699	3.562197342295399
322_40	27.99346202	5	46.40407490810421	3.682122577620843
322_41	26.66319609	5	46.60660002549059	3.988680787098119
322_42	26.17452196	5	47.09869572412548	4.184834752825095
322_43	26.23476593	5	47.72176982098864	4.297400778197728
322_44	27.45916045	5	47.46754424195003	4.001676758390007
322_45	29.53279682	5	48.5394593258008	3.80133250116016
322_46	26.76554239	5	48.69751901798355	4.386395325596709
322_48	50	25	49.6559211552586	-0.01376315378965614
322_49	50	25	49.78316352593467	-0.008673458962613267
322_50	50	25	50.58353717676194	0.02334148707047745
322_52	50	25	50.24955221042419	0.009982088416967657
322_53	50	25	50.46418287902997	0.01856731516119879
322_54	50	25	50.06065855493507	0.002426342197402676
322_55	50	25	50.15395014722067	0.006158005888826779
322_56	31.71605716	5	48.99797224892465	3.456383017784931
322_57	29.97860191	5	48.4099109335416	3.68626180470832
322_58	27.4788513	5	48.40620660811278	4.185471061622556
322_60	50	25	46.35702518453925	-0.1457189926184299
322_61	50	25	46.56617483467105	-0.1373530066131579
322_62	50	25	45.21985833205069	-0.1912056667179723
322_63	50	25	45.01065226361387	-0.1995739094554452
322_64	50	25	45.00795686220926	-0.1996817255116298
322_65	50	25	45.48438941048985	-0.1806244235804061
322_66	50	25	44.48643497533843	-0.2205426009864627
322_67	50	25	45.86837348686137	-0.1652650605255451
322_68	50	25	44.64376679580151	-0.2142493281679395
322_69	50	25	45.52077532232407	-0.1791689871070372
322_71	50	25	46.45617470650178	-0.1417530117399286
322_72	30.88557602	5	47.60090399813834	3.343065595627669
322_73	29.64188831	5	47.94316592759196	3.660255523518392
322_74	30.80082024	5	48.68241738192836	3.576319428385672
322_75	50	25	50.35071748008296	0.01402869920331824
322_76	50	25	50.58305503742151	0.02332220149686037
322_77	50	25	51.91646086394951	0.0766584345579804
322_79	50	25	52.40385905686865	0.09615436227474589
322_80	50	25	54.04765552724491	0.1619062210897962
322_81	50	25	52.91963910969326	0.1167855643877303
322_82	50	25	54.81695227125184	0.1926780908500734
322_83	50	25	53.89492599734503	0.1557970398938014
322_84	50	25	55.00340238463509	0.2001360953854038
322_86	50	25	54.01137906359909	0.1604551625439637
322_87	50	25	54.5813354587332	0.183253418349328
322_88	50	25	54.76984583763654	0.1907938335054615
322_89	50	25	54.1191810699369	0.164767242797476
322_90	50	25	54.57967817534616	0.1831871270138464
322_91	50	25	54.61022189378397	0.1844088757513589
322_92	50	25	54.85516961267232	0.1942067845068928
322_94	50	25	54.88582954595239	0.1954331818380956
322_95	50	25	53.59963826957451	0.1439855307829802
322_96	50	25	52.82037273788299	0.1128149095153196
322_97	50	25	52.90514176918432	0.1162056707673727
322_99	30.37457888	5	51.92985674811278	4.311055573622555
322_100	50	25	50.2357769151115	0.009431076604460031
322_101	50	25	50.10193723074297	0.004077489229718765
322_102	50	25	50.35234329133203	0.01409373165328105
322_103	50	25	49.31945139846944	-0.02722194406122242
322_104	30.41628676	5	49.74526630279565	3.86579590855913
322_105	50	25	48.99804286396678	-0.04007828544132877
322_106	50	25	49.21243517150987	-0.03150259313960504
322_107	50	25	47.71772133814773	-0.09129114647409069
322_108	50	25	47.777974531909	-0.0888810187236399
322_109	31.86171151	5	46.43848313917141	2.915354325834282
322_110	50	25	46.27499468696198	-0.1490002125215207
322_111	50	25	46.60051148647069	-0.1359795405411722
322_113	50	25	45.4947846801355	-0.1802086127945799
322_114	30.7033952	5	45.51955424338533	2.963231808677066
322_115	50	25	45.28335396475352	-0.1886658414098593
322_116	50	25	45.53079827909571	-0.1787680688361715
322_117	50	25	45.23277060440305	-0.190689175823878
322_118	30.33097489	5	44.94905640551262	2.923616303102524
322_119	50	25	45.73634900177885	-0.1705460399288461
322_120	30.18285528	5	44.02047481089979	2.767523906179959
322_121	50	25	44.53215610770663	-0.2187137556917347
322_122	50	25	44.43902499768301	-0.2224390000926795
322_123	50	25	44.79937086558826	-0.2080251653764696
322_124	50	25	44.48841989687362	-0.2204632041250551
322_125	50	25	43.62119112952356	-0.2551523548190576
322_126	50	25	44.97164295960344	-0.2011342816158623
322_127	50	25	44.01467786998537	-0.2394128852005852
322_128	50	25	45.96520842122154	-0.1613916631511384
322_129	50	25	45.10827691581159	-0.1956689233675362
322_130	50	25	46.84128135312591	-0.1263487458749634
322_131	50	25	45.98042135378981	-0.1607831458484074
322_132	50	25	46.89554541137235	-0.1241781835451062
322_133	50	25	47.71929032212627	-0.09122838711494921
322_134	50	25	47.82330210890181	-0.08706791564392745
322_135	50	25	49.11763000796879	-0.03529479968124832
322_136	50	25	49.11017991292871	-0.03559280348285171
322_137	50	25	50.10554558584931	0.004221823433972247
322_138	50	25	51.44934300124545	0.0579737200498181
322_139	50	25	52.83771385759125	0.1135085543036499
322_140	50	25	53.9451025927925	0.1578041037117001
322_141	50	25	54.7610760580969	0.1904430423238759
322_142	50	25	55.24113129361912	0.2096452517447648
322_143	50	25	56.37555483057583	0.2550221932230332
322_144	50	25	56.22320125860169	0.2489280503440676
322_145	50	25	56.18266828288223	0.2473067313152893
322_146	50	25	57.52187531921278	0.3008750127685113
322_147	50	25	55.28272080397627	0.2113088321590507
322_148	50	25	55.40495254674889	0.2161981018699555
322_149	50	25	53.81431396453331	0.1525725585813325
322_150	50	25	53.5375422827388	0.1415016913095522
322_151	29.53685998	5	52.98572448135189	4.689772900270378
322_152	30.22423629	5	51.49267649542204	4.253688041084407
322_153	50	25	51.45326218193772	0.05813048727750896
322_155	50	25	50.65460608720226	0.02618424348809043
322_156	50	25	49.51497813062562	-0.01940087477497514
322_157	50	25	49.21687627636878	-0.03132494894524882
322_158	50	25	49.93352001471921	-0.002659199411231441
322_161	50	25	47.74421959134796	-0.09023121634608174
322_162	50	25	47.20924863302765	-0.1116300546788941
322_163	50	25	46.94226518076896	-0.1223093927692415
322_164	50	25	45.53637467050503	-0.178545013179799
322_165	50	25	45.63051267991126	-0.1747794928035498
322_166	50	25	44.90248151036675	-0.2039007395853301
322_167	50	25	44.59405105680695	-0.2162379577277221
322_168	50	25	45.23680756847462	-0.190527697261015
322_169	50	25	45.57244648303427	-0.1771021406786292
322_170	50	25	45.94353865235563	-0.1622584539057746
322_171	50	25	45.46557785699751	-0.1813768857200998
322_173	28.63017316	5	46.92305712354617	3.658576792709235
322_174	50	25	46.4409647290876	-0.1423614108364961
322_175	50	25	47.73944852645862	-0.09042205894165534
322_178	30.75770039	5	48.47712815467453	3.543885552934906
322_180	50	25	48.47592291800925	-0.06096308327962987
322_181	50	25	49.20071154516402	-0.03197153819343924
322_184	50	25	49.36387440764508	-0.02544502369419689
322_185	50	25	49.53044719876809	-0.01878211204927624
322_186	50	25	48.6914218604911	-0.05234312558035583
322_187	50	25	48.968768371792	-0.0412492651283199
322_190	50	25	45.16615185935206	-0.1933539256259175
322_191	50	25	43.89552885730583	-0.2441788457077666
322_192	50	25	42.39140864839091	-0.3043436540643637
322_193	50	25	42.84757453008645	-0.2860970187965421
322_194	50	25	40.00681006552499	-0.3997275973790002
322_195	50	25	40.49882546117527	-0.3800469815529894
322_196	50	25	38.66142306847139	-0.4535430772611446
322_197	50	25	37.68606181003823	-0.492557527598471
322_198	50	25	37.20765266053994	-0.5116938935784026
322_199	50	25	37.27752564218758	-0.5088989743124966
322_201	50	25	37.28290064139179	-0.5086839743443283
322_202	50	25	38.48989853201383	-0.4604040587194467
322_204	50	25	40.51765964691193	-0.3792936141235228
322_205	50	25	43.03554470128981	-0.2785782119484077
322_207	50	25	45.49680820989236	-0.1801276716043054
322_208	50	25	48.2588267865379	-0.06964692853848391
322_209	50	25	49.47427973430532	-0.02102881062778721
322_210	50	25	50.32378213239038	0.01295128529561538
322_211	50	25	51.52762111011011	0.06110484440440445
322_212	50	25	52.85577562595658	0.1142310250382633
322_214	50	25	54.76877611535983	0.1907510446143931
322_215	50	25	55.7350416733215	0.2294016669328602
322_217	50	25	58.524257318775	0.340970292751
322_220	50	25	61.32685116348328	0.453074046539331
322_221	50	25	61.41271964614589	0.4565087858458355
322_222	50	25	63.04038064612679	0.5216152258450717
322_224	50	25	61.96659876029621	0.4786639504118483
322_225	50	25	63.307048692427	0.5322819476970801
322_226	50	25	61.05488417909397	0.442195367163759
322_227	50	25	61.40246629215208	0.4560986516860831
322_228	50	25	59.69579488776096	0.3878317955104384
322_229	50	25	59.27724702639924	0.3710898810559698
322_230	50	25	57.93272529000035	0.317309011600014
322_231	27.48086594	5	57.27770224566844	5.959367261133688
322_234	29.07651314	5	54.2662135091058	5.03794007382116
322_235	50	25	53.62017617721505	0.144807047088602
322_237	50	25	52.31459380699524	0.09258375227980963
322_238	50	25	53.73195353852878	0.1492781415411511
322_239	30.28135992	5	52.44630470164045	4.43298895632809
322_240	30.64744036	5	54.47334976142024	4.765181880284048
322_241	30.63171375	5	52.93963448155643	4.461584146311287
322_242	50	25	55.23678320715198	0.2094713282860792
322_243	29.2088337	5	53.68248961530517	4.894731183061033
322_244	50	25	55.26070603345837	0.2104282413383348
322_245	50	25	54.46793276014974	0.1787173104059897
322_246	29.32866588	5	55.56406907802024	5.247080639604048
322_248	50	25	53.05526530650107	0.1222106122600428
322_250	50	25	52.14327848819458	0.08573113952778329
322_252	29.46028245	5	50.4531774117419	4.198578992348381
322_253	50	25	48.90099333376499	-0.04396026664940052
322_254	50	25	49.25527943298036	-0.02978882268078564
322_255	50	25	48.19687808748828	-0.07212487650046881
322_256	50	25	46.09057780845146	-0.1563768876619415
322_257	50	25	44.26224482397636	-0.2295102070409456
322_258	50	25	41.3434096433798	-0.346263614264808
322_259	50	25	40.34774821294495	-0.386090071482202
322_260	30.94597811	5	38.3727308604125	1.485350550082499
322_261	50	25	36.83391650111015	-0.5266433399555942
322_262	50	25	36.65034277133876	-0.5339862891464497
322_263	50	25	36.38083635804766	-0.5447665456780936
322_264	29.61136862	5	37.9227665493047	1.662279585860939
322_265	28.32330287	5	38.54310824676702	2.043961075353404
322_266	30.11474119	5	38.19761028995246	1.616573819990493
322_267	50	25	40.05067093705058	-0.3979731625179767
322_268	50	25	38.95957762620882	-0.4416168949516472
322_269	50	25	41.89176536133945	-0.3243293855464219
322_271	28.34982233	5	43.58371715088013	3.046778964176025
322_273	26.40277163	5	45.52620781025719	3.824687236051438
322_274	27.94072049	5	48.22299029788707	4.056453961577414
322_275	28.8595684	5	45.54173381915047	3.336433083830093
322_276	30.3054113	5	46.26742496897813	3.192402733795627
322_277	26.77954404	5	43.69416572535489	3.382924337070978
322_278	25.97505187	5	43.26779471596289	3.458548569192577
322_279	25.69474186	5	42.47959252081955	3.35697013216391
322_280	26.56554329	5	40.54851800586722	2.796594943173443
322_281	26.78855669	5	39.29924060445302	2.502136782890604
322_282	28.07727801	5	35.65835817500835	1.51621603300167
322_283	25.81701599	5	35.0861012336191	1.853817048723819
322_284	26.58134063	5	32.04887077385008	1.093506028770015
322_285	26.2785128	5	31.39459363766661	1.023216167533322
322_286	28.92880907	5	29.92648338977177	0.1995348639543543
322_287	29.67589218	5	28.14134137879263	-0.3069101602414747
322_288	27.95133262	5	26.2452947214734	-0.3412075797053191
322_289	27.2896776	5	24.17610080121284	-0.6227153597574315
322_290	27.47041646	5	23.69226102584819	-0.7556310868303612
322_291	20.64087493	5	21.71797436168736	0.2154198863374724
322_292	20.57501865	5	21.65747503230352	0.2164912764607045
322_293	20.5341338	5	21.4315191464313	0.1794770692862599
322_294	26.88894956	5	23.14189057037155	-0.7494117979256899
322_296	24.61465255	5	23.13318371201636	-0.2962937675967282
322_297	25.26171879	5	21.24552343900413	-0.803239070199173
322_298	24.79241117	5	21.71513395428398	-0.615455443143204
322_299	23.68062342	5	20.79756146620742	-0.5766123907585161
322_300	22.70982042	5	22.29781348597337	-0.08240138680532638
322_302	23.285009	5	23.64121929544465	0.07124205908892947
322_305	24.06646425	5	28.15049006904818	0.8168051638096359
322_306	21.93329731	5	25.41664376491903	0.6966692909838053
322_307	20.54815832	5	27.41727979569586	1.373824295139172
322_308	19.07990222	5	25.96432162258364	1.376883880516727
322_309	17.94768791	5	26.0773062973626	1.62592367747252
322_310	16.74402407	5	26.30694156952173	1.912583499904347
322_311	15.59877845	5	24.1046500324852	1.70117431649704
322_313	14.77581284	5	20.1204697466921	1.06893138133842
322_314	14.79322416	5	20.34238137627217	1.109831443254434
322_315	14.77130753	5	17.89936621354934	0.6256117367098686
322_316	14.93841431	5	17.49169197986282	0.5106555339725635
322_317	14.97646762	5	15.77524414532248	0.1597553050644958
322_318	15.38655426	5	13.51380298468236	-0.374550255063528
322_319	13.67226705	5	10.94773297104695	-0.5449068157906101
322_320	11.78440846	5	7.526826592847044	-0.8515163734305912
322_321	11.21079008	5	6.009284847559086	-1.040301046488183
322_323	7	5	3.799404686362543	-0.6401190627274913
322_324	12.68880253	5	5.489309315600576	-1.439898642879885
322_325	14.31368614	5	8.115488022599083	-1.239639623480183
322_326	15.54758881	5	10.43525808509964	-1.022466144980072
322_327	16.13682682	5	13.6264153777651	-0.5020822884469794
322_328	16.27636417	5	13.53036356286388	-0.5492001214272232
322_329	16.45842454	5	16.54839325423497	0.0179937428469934
322_330	16.50217043	5	16.377167557799	-0.0250005744402003
322_331	16.87853712	5	19.87574715277547	0.5994420065550947
322_333	16.0468102	5	23.47293369877763	1.485224699755526
322_336	17.65308292	5	31.80491637474814	2.830366690949627
322_337	17.80578374	5	31.58828441015307	2.756500134030615
322_338	17.47295545	5	35.2286871688264	3.551146343765281
322_339	17.03270831	5	34.46445106532432	3.486348551064864
322_340	17.38998396	5	37.45113987535034	4.012231183070067
322_341	17.76341642	5	38.79045913464861	4.205408542929723
322_342	18.71085101	5	40.13170108965551	4.284170015931103
322_343	19.38328022	5	43.01346746484083	4.726037448968166
322_344	19.83829941	5	41.30322335794915	4.29298478958983
322_345	19.04482255	5	44.71942519287569	5.134920528575138
322_347	19.94196565	5	45.88718938527741	5.189044747055481
322_348	20.75110467	5	45.64931280918185	4.97964162783637
322_349	20.85789936	5	45.01072721253979	4.830565570507958
322_350	21.01570254	5	42.33829550832549	4.264518593665099
322_351	20.55717723	5	41.51872204883321	4.192308963766642
322_352	20.49464387	5	38.75692922681389	3.652457071362778
322_353	20.94138293	5	37.42217633183152	3.296158680366305
322_354	22.46940805	5	35.25588577770682	2.557295545541364
322_355	23.80834946	5	32.55121343244565	1.74857279448913
322_356	24.5650965	5	31.5078290387306	1.388546507746121
322_357	24.09047036	5	29.06161357166818	0.9942286423336363
322_358	23.78965287	5	28.47571657558694	0.9372127411173871
322_359	23.74646413	5	26.8310682439205	0.6169208227841004
322_360	23.84485518	5	25.47774264253354	0.3265774925067085
322_361	23.95251345	5	25.99128894433201	0.4077550988664008
322_362	23.80874514	5	26.14684241326013	0.4676194546520257
322_363	23.919924	5	27.63366281644685	0.7427477632893691
322_365	25.67730053	5	30.05202284888614	0.8749444637772278
322_368	24.63457211	5	36.71385806107296	2.415857190214592
322_369	24.92151691	5	37.37938892403417	2.491574402806835
322_370	24.09546167	5	40.2515537784171	3.231218421683421
322_371	23.85121662	5	39.10808867384754	3.051374410769508
322_372	25.0638196	5	41.81836640791648	3.350909361583296
322_373	27.42836734	5	41.94112103423483	2.902550738846965
322_374	26.12896745	5	42.1828646586801	3.210779441736019
322_375	24.77493058	5	43.33701311922637	3.712416507845274
322_376	23.32365001	5	41.17005913032119	3.569281824064237
322_377	23.52043899	5	42.53777152472369	3.803466506944738
322_378	22.05698737	5	40.08193051984768	3.604988629969536
322_379	20.78795448	5	41.18694303237476	4.079797710474951
322_381	22.32989468	5	39.51351283738872	3.436723631477744
322_383	26.26806718	5	40.17372300199168	2.781131164398335
322_384	24.19925489	5	39.1099018291025	2.982129387820501
322_385	25.27820807	5	39.55357792701719	2.855073971403439
322_386	28.50426137	5	39.78993299087131	2.257134324174263
322_387	50	25	40.97094484464564	-0.3611622062141743
322_388	50	25	41.11953266194197	-0.355218693522321
322_389	28.89687628	5	42.40216344841895	2.701057433683789
322_390	25.63172424	5	43.63348032666737	3.600351217333473
322_391	25.94278849	5	45.19376461607369	3.850195225214737
322_392	25.41400849	5	45.27985396229376	3.973169094458751
322_393	24.33364938	5	47.19448676271403	4.572167476542806
322_394	22.92029167	5	47.56997281778695	4.929936229557391
322_395	22.33286907	5	49.58227778564095	5.449881743128191
322_396	25.41611895	5	51.07224450934368	5.131225111868735
322_398	50	25	53.43606213225586	0.1374424852902342
322_399	50	25	54.74966122179038	0.1899864488716153
322_400	30.42445927	5	54.81121943937267	4.877352033874534
322_401	28.68365407	5	53.90052286902647	5.043373759805293
322_402	28.01460022	5	52.88937546650892	4.974955049301784
322_403	29.45742263	5	50.7561985360737	4.259755181214741
322_404	29.7371939	5	48.65072708243943	3.782706636487886
322_407	25.75052412	5	41.52554516575775	3.155004209151549
322_408	26.07939433	5	39.51063576072048	2.686248286144097
322_409	26.54252608	5	37.6920931475728	2.22991341351456
322_410	28.12674335	5	35.94554247753993	1.563759825507986
322_411	27.69728283	5	34.89924171442575	1.44039177688515
322_412	28.68444165	5	33.76318867827516	1.015749405655031
322_413	29.27273265	5	33.46236149991353	0.8379257699827057
322_414	29.65233723	5	34.84602079081309	1.038736712162617
322_415	30.26599925	5	36.52413853119882	1.251627856239763
322_416	29.62383991	5	38.70502271426429	1.816236560852857
322_417	50	25	38.8813673980729	-0.4447453040770838
322_418	50	25	41.3622728413302	-0.3455090863467922
322_419	50	25	42.58172164440965	-0.2967311342236138
322_420	29.5396992	5	44.06190702635767	2.904441565271534
322_421	27.20189582	5	46.06980209556597	3.773581255113194
322_422	30.96248965	5	45.75575941883459	2.958653953766919
322_424	50	25	47.4933409324036	-0.1002663627038561
322_425	27.67534248	5	46.08822950632563	3.682577405265125
322_426	28.02185321	5	47.36781744297817	3.869192846595634
322_427	26.97436307	5	49.28579273252869	4.462285932505738
322_428	28.83803275	5	48.50886664697895	3.93416677939579
322_429	26.90424691	5	48.0679122222196	4.232733062443919
322_430	30.22193072	5	50.18477601897547	3.992569059795094
322_431	31.02976571	5	51.43091444186766	4.080229746373531
322_432	30.98538647	5	50.16167051425105	3.83525680885021
322_433	29.54352217	5	50.62089057296978	4.215473680593956
322_434	28.20121124	5	53.2035095320901	5.000459658418019
322_435	28.93311081	5	53.40978335272	4.895334508544
322_436	29.62942005	5	52.76740216518954	4.627596423037907
322_437	28.49391199	5	54.43877105182925	5.18897181236585
322_438	29.01190844	5	56.41592026571027	5.480802365142054
322_439	29.9113118	5	56.37733257975155	5.293204155950309
322_440	50	25	57.63223693898453	0.3052894775593811
322_441	50	25	56.30350921490643	0.2521403685962574
352_3	50	25	61.00403169934818	0.440161267973927
352_5	28.03503684	5	58.27741803315093	6.048476238630186
352_6	28.28692532	5	56.53343016783757	5.649300969567514
352_7	27.78735929	5	56.119318671626	5.666391876325199
352_8	27.6853021	5	54.58189945047246	5.379319470094491
352_9	26.52420996	5	54.51088735035943	5.597335478071886
352_10	26.2221726	5	54.58601523372981	5.672768526745962
352_11	26.19231452	5	53.08446390773117	5.378429877546234
352_12	26.629059	5	53.39678924897575	5.35354604979515
352_13	28.6764695	5	53.90656550863756	5.046019201727512
352_14	31.30080873	5	52.35272832695215	4.210383919390429
352_15	30.6401079	5	53.60108516539808	4.592195453079615
352_16	30.14362191	5	52.46588292798875	4.46445220359775
352_17	28.00498613	5	53.2726671224513	5.053536198490261
352_18	27.28977551	5	53.44035356595973	5.230115611191946
352_19	26.30407366	5	54.52868511901797	5.644922291803594
352_20	26.32192951	5	56.11355593826111	5.958325285652221
352_21	28.26780847	5	57.21716982095429	5.789872270190858
352_22	28.78600417	5	58.34409775566214	5.911618717132429
352_23	27.97273446	5	58.9753294774246	6.20051900348492
352_24	26.72796504	5	59.91091833900691	6.636590659801382
352_25	27.56971887	5	59.92359360725839	6.470774947451678
352_26	30.51592763	5	61.25364402974021	6.147543279948041
352_27	29.79770372	5	60.39177781139038	6.118814818278075
352_28	28.69050798	5	60.72230016166575	6.40635843633315
352_29	25.64525264	5	59.98775708898142	6.868500889796283
352_30	25.62009939	5	61.21799847362254	7.119579816724508
352_31	25.70643628	5	60.59241940421782	6.977196624843565
352_32	27.00646662	5	61.93166122922123	6.985038921844247
352_33	27.58814597	5	62.43794345981213	6.969959497962426
352_34	29.65508115	5	62.91760711636049	6.652505193272097
352_35	31.07335221	5	63.66729779149187	6.518789116298374
352_36	50	25	64.28953558279558	0.5715814233118232
352_37	31.23360825	5	64.1512686941431	6.583532088828619
352_38	31.33844656	5	64.58247843187698	6.648806374375395
352_39	32.42786924	5	64.23445291086141	6.361316734172282
352_40	50	25	64.21758975953122	0.5687035903812488
352_41	50	25	63.9025786907513	0.556103147630052
352_42	50	25	63.61446840444738	0.5445787361778952
352_43	50	25	64.25059848028464	0.5700239392113855
352_44	50	25	63.31223896671575	0.5324895586686301
352_45	30.16300757	5	64.14841717325443	6.797081920650885
352_46	28.23428519	5	63.686292050197	7.090401372039399
352_48	26.84038384	5	63.80943591368907	7.393810414737814
352_49	28.89511698	5	63.63384368845229	6.947745341690458
352_50	29.18756533	5	64.2203098387584	7.00654890175168
352_52	27.76134264	5	64.00483389509303	7.248698251018607
352_53	27.75354001	5	64.08850549058138	7.266993096116278
352_54	29.35468149	5	63.41768121405595	6.812599944811192
352_55	29.69565568	5	63.67388354496885	6.795645572993768
352_56	50	25	63.03118970203106	0.5212475880812423
352_57	50	25	62.03590021549446	0.4814360086197786
352_58	50	25	62.18912601847343	0.4875650407389372
352_60	28.70042832	5	59.77946260957452	6.215806857914904
352_61	50	25	59.93155650958619	0.3972622603834478
352_62	50	25	58.37453881480259	0.3349815525921037
352_63	50	25	57.27502625832703	0.2910010503330813
352_64	50	25	56.54330975279437	0.2617323901117748
352_65	50	25	56.35806500003913	0.2543226000015653
352_66	50	25	54.64464945635842	0.1857859782543369
352_67	50	25	55.13298885710066	0.2053195542840265
352_68	50	25	53.60639329075413	0.1442557316301654
352_69	50	25	53.45869200412521	0.1383476801650085
352_71	29.77879554	5	53.37357606339761	4.718956104679521
352_72	50	25	54.19753856603801	0.1679015426415202
352_73	50	25	54.98984486094485	0.199593794437794
352_74	50	25	55.52012323512034	0.2208049294048135
352_75	50	25	57.45415868295068	0.2981663473180274
352_76	30.29405202	5	57.8348097232244	5.50815154064488
352_77	29.31513927	5	59.40962481433809	6.018897108867618
352_79	27.94879396	5	60.46071431332961	6.502384070665923
352_80	27.31155467	5	62.26197090226913	6.990083246453826
352_81	27.69878571	5	61.59732164867015	6.77970718773403
352_82	31.0104605	5	63.44768569136005	6.48744503827201
352_83	50	25	62.30888505904684	0.4923554023618735
352_84	50	25	63.31139346184163	0.5324557384736653
352_86	50	25	61.41520633917606	0.4566082535670424
352_87	50	25	61.32938071724313	0.4531752286897253
352_88	50	25	60.9946345120633	0.439785380482532
352_89	50	25	59.92304184855801	0.3969216739423206
352_90	50	25	59.19562938748851	0.3678251754995404
352_91	50	25	59.07955934917628	0.3631823739670512
352_92	50	25	58.29221521593845	0.3316886086375379
352_94	29.68340048	5	57.17805095353837	5.498930094707675
352_95	28.70162405	5	55.3823995075457	5.33615509150914
352_96	29.17621164	5	54.11686458172309	4.988130588344617
352_97	50	25	53.43103473430812	0.1372413893723248
352_99	27.60259513	5	51.86238141598905	4.851957257197809
352_100	29.04378257	5	50.16821949353392	4.224887384706784
352_101	31.47058884	5	49.9160587803043	3.68909398806086
352_102	50	25	50.349584049293	0.01398336197172
352_103	50	25	49.85771531606548	-0.005691387357380791
352_104	29.75068637	5	50.32512003592777	4.114886733185555
352_105	32.35263259	5	50.64237424510641	3.657948331021282
352_106	32.5289939	5	51.49921741661761	3.794044703323522
352_107	50	25	50.47617949795611	0.01904717991824441
352_108	50	25	50.86895533059148	0.03475821322365902
352_109	50	25	50.70322979405704	0.02812919176228178
352_110	50	25	50.21541578851834	0.008616631540733692
352_111	30.56437733	5	51.67365621727017	4.221855777454034
352_113	29.16126273	5	52.14589735570267	4.596926925140533
352_114	30.74088609	5	53.11018231641449	4.473859245282897
352_115	30.65859573	5	53.37378837342086	4.543038528684172
352_116	50	25	54.98981821261803	0.199592728504721
352_117	50	25	55.03736949351055	0.2014947797404221
352_118	50	25	56.06369536113958	0.2425478144455832
352_119	50	25	57.19852843641934	0.2879411374567735
352_120	50	25	56.76676445727261	0.2706705782909046
352_121	29.98551895	5	57.44548923288668	5.491994056577336
352_122	50	25	58.25764368614634	0.3303057474458535
352_123	50	25	58.88432294450286	0.3553729177801142
352_124	50	25	58.93955879948549	0.3575823519794196
352_125	50	25	58.99659967911878	0.3598639871647512
352_126	50	25	60.34899535735799	0.4139598142943194
352_127	50	25	60.37473943576583	0.414989577430633
352_128	50	25	62.33493833083231	0.4933975332332923
352_129	29.71788742	5	62.48374650319903	6.553171816639806
352_130	50	25	64.30026859663928	0.5720107438655714
352_131	50	25	64.83471278596021	0.5933885114384083
352_132	50	25	66.28098094441728	0.6512392377766912
352_133	50	25	67.58060124453489	0.7032240497813956
352_134	50	25	68.8695629465368	0.7547825178614721
352_135	50	25	70.47088635377568	0.8188354541510273
352_136	50	25	71.6397419483193	0.8655896779327719
352_137	50	25	73.28629965649907	0.9314519862599627
352_138	50	25	75.06772921746335	1.002709168698534
352_139	50	25	77.0008508274767	1.080034033099068
352_140	50	25	78.34123227959527	1.133649291183811
352_141	50	25	79.36493912557404	1.174597565022962
352_142	50	25	80.11002291538951	1.20440091661558
352_143	50	25	81.21613005733501	1.2486452022934
352_144	50	25	81.26140863810582	1.250456345524233
352_145	50	25	81.43931338771118	1.257572535508447
352_146	50	25	82.62561582930213	1.305024633172085
352_147	50	25	80.49406370937508	1.219762548375003
352_148	50	25	80.48801405232862	1.219520562093145
352_149	50	25	78.92253714150046	1.156901485660018
352_150	50	25	78.15427568051147	1.126171027220459
352_151	50	25	77.42415864428264	1.096966345771306
352_152	50	25	75.62901072422912	1.025160428969165
352_153	30.68111729	5	75.20735079290685	8.905246700581369
352_155	50	25	73.57280410439554	0.9429121641758218
352_156	50	25	71.95162275250884	0.8780649101003536
352_157	50	25	70.72469256432609	0.8289877025730437
352_158	50	25	71.16395077894455	0.8465580311577822
352_161	50	25	68.05316946973196	0.7221267787892782
352_162	50	25	66.59532575523558	0.6638130302094232
352_163	50	25	65.54986218556455	0.621994487422582
352_164	50	25	63.83207606992155	0.5532830427968619
352_165	50	25	62.46494659173283	0.498597863669313
352_166	50	25	60.86930368692651	0.4347721474770603
352_167	50	25	59.31029850730681	0.3724119402922724
352_168	50	25	59.12283737731923	0.3649134950927692
352_169	50	25	57.80435056958183	0.3121740227832731
352_170	50	25	57.47240768596505	0.2988963074386018
352_171	50	25	55.8855575466194	0.2354223018647758
352_173	50	25	55.60216193684543	0.2240864774738174
352_174	50	25	54.22685036624832	0.1690740146499329
352_175	28.23395708	5	54.91204688935846	5.335617961871692
352_178	50	25	54.03785948021591	0.1615143792086363
352_180	50	25	53.32012296463819	0.1328049185855278
352_181	29.6871465	5	53.92146725712017	4.846864151424034
352_184	50	25	54.34710842152827	0.1738843368611308
352_185	50	25	54.75593649688786	0.1902374598755145
352_186	50	25	54.31062382753078	0.1724249531012313
352_187	50	25	54.83859659383711	0.1935438637534844
352_190	50	25	51.58155698485786	0.06326227939431447
352_191	50	25	50.73367715029707	0.02934708601188277
352_192	50	25	49.20285075811221	-0.03188596967551177
352_193	50	25	49.52934860115182	-0.01882605595392704
352_194	50	25	46.71924205713999	-0.1312303177144006
352_195	50	25	46.77966693990271	-0.1288133224038916
352_196	50	25	45.15061998666553	-0.193975200533379
352_197	50	25	43.76041106513878	-0.2495835573944487
352_198	50	25	43.18182275645062	-0.2727270897419751
352_199	50	25	42.35930481460286	-0.3056278074158857
352_201	50	25	41.33794737638103	-0.3464821049447588
352_202	50	25	42.47673044829747	-0.3009307820681013
352_204	50	25	43.4180749741112	-0.263277001035552
352_205	50	25	45.59033028431764	-0.1763867886272942
352_207	50	25	47.80859452930918	-0.08765621882763269
352_208	50	25	49.54014161688822	-0.01839433532447117
352_209	50	25	50.48515454625721	0.01940618185028825
352_210	50	25	51.98156310828595	0.07926252433143816
352_211	50	25	53.31201025848866	0.1324804103395465
352_212	50	25	55.09743402409721	0.2038973609638884
352_214	29.88488644	5	57.63148378565729	5.549319469131458
352_215	27.00774424	5	58.61525124311534	6.321501400623068
352_217	27.65692712	5	61.80470212810663	6.829555001621325
352_220	50	25	65.4409418666383	0.6176376746655319
352_221	50	25	66.00936242394572	0.6403744969578287
352_222	30.10786854	5	67.69377503111795	7.517181298223591
352_224	50	25	67.50049765407555	0.7000199061630218
352_225	50	25	69.34417749607771	0.7737670998431082
352_226	50	25	67.48831246760555	0.6995324987042221
352_227	50	25	68.34121686456024	0.7336486745824096
352_228	50	25	66.90499583674836	0.6761998334699342
352_229	50	25	66.84805490870552	0.6739221963482208
352_230	50	25	65.76867935993563	0.6307471743974253
352_231	30.50364148	5	65.6601021504639	7.03129213409278
352_234	50	25	63.72891852015865	0.549156740806346
352_235	29.32311662	5	63.50617449516643	6.836611575033286
352_237	50	25	62.47799276683504	0.4991197106734018
352_238	50	25	63.68425038350945	0.547370015340378
352_239	50	25	61.88729534509419	0.4754918138037678
352_240	50	25	63.71021329843757	0.5484085319375029
352_241	50	25	62.08787824115702	0.4835151296462809
352_242	50	25	64.19342104295606	0.5677368417182425
352_243	50	25	62.81395504017526	0.5125582016070104
352_244	50	25	64.20293339297751	0.5681173357191005
352_245	29.30846649	5	62.81552029658084	6.701410761316168
352_246	28.28155177	5	64.18690852443619	7.181071350887239
352_248	26.93523643	5	60.95759027201341	6.804470768402683
352_250	50	25	59.28240137659602	0.3712960550638408
352_252	29.1821592	5	58.3477545323712	5.833119066474239
352_253	50	25	55.70343953947584	0.2281375815790338
352_254	50	25	56.15995543941424	0.2463982175765696
352_255	50	25	55.76977789762367	0.2307911159049468
352_256	50	25	53.70092546132647	0.1480370184530588
352_257	50	25	52.18173491457532	0.08726939658301262
352_258	50	25	49.17875384299357	-0.0328498462802574
352_259	30.57398276	5	48.18054531788339	3.521312511576677
352_260	29.42117617	5	45.99426248965607	3.314617263931215
352_261	30.80538144	5	44.85157280859082	2.809238273718164
352_262	50	25	44.65910782956208	-0.2136356868175167
352_263	50	25	43.80097127493084	-0.2479611490027662
352_264	50	25	44.805532541923	-0.20777869832308
352_265	50	25	45.67916858172928	-0.1728332567308289
352_266	29.44568594	5	45.00527761968391	3.111918335936782
352_267	27.42426392	5	46.57191744938783	3.829530705877565
352_268	30.0025318	5	45.03473416696924	3.006440473393847
352_269	50	25	47.47726145945425	-0.1009095416218301
352_271	27.93908673	5	48.59596864555647	4.131376383111293
352_273	50	25	50.43407882430164	0.01736315297206573
352_274	28.44572439	5	52.98487629664345	4.90783038132869
352_275	26.51258412	5	50.72867258162425	4.843217692324851
352_276	26.03215774	5	52.24883586121305	5.243335624242611
352_277	26.6585685	5	49.214720713143	4.511230442628599
352_278	26.89603622	5	50.59516558163639	4.739825872327279
352_279	29.11983398	5	49.31176982736006	4.038387169472012
352_280	29.30637184	5	49.38623190015685	4.01597201203137
352_281	29.58131826	5	49.02252132015821	3.888240612031641
352_282	50	25	46.42365923992318	-0.1430536304030727
352_283	28.06601397	5	48.13161654980996	4.013120515961991
352_284	30.08186164	5	45.1382700441889	3.01128168083778
352_285	29.4833815	5	46.09154012743791	3.321631725487582
352_286	50	25	45.76647982341809	-0.1693408070632765
352_287	50	25	43.95623386832903	-0.2417506452668388
352_288	50	25	43.7294732599627	-0.2508210696014919
352_289	29.30066721	5	40.8327894004209	2.30642443808418
352_290	28.98550733	5	41.3094212405131	2.46478278210262
352_291	25.29881616	5	39.22528647639646	2.785294063279291
352_292	25.37095767	5	39.46936087154266	2.819680640308532
352_293	25.41079388	5	38.78065337996762	2.673971899993524
352_294	31.31376025	5	40.4012127230163	1.81749049460326
352_296	27.25285065	5	43.05637273494564	3.160704416989128
352_297	27.86963849	5	42.90333612640975	3.00673952728195
352_298	27.92780406	5	45.40727359272905	3.49589390654581
352_299	25.80482486	5	45.19285248844181	3.877605525688362
352_300	22.83200479	5	48.19800938078067	5.073200918156134
352_302	22.71497594	5	50.49488349421787	5.555981510843574
352_305	25.24068856	5	55.75260833120758	6.102383954241517
352_306	24.21569875	5	53.50501379720017	5.857863009440034
352_307	22.70616008	5	55.93280362047898	6.645328708095795
352_308	20.98548863	5	53.71748659709225	6.546399593418451
352_309	19.94437808	5	54.84134270994377	6.979392925988753
352_310	18.62929689	5	54.24393338774249	7.122927299548498
352_311	16.85431913	5	53.24207329290809	7.277550832581618
352_313	20.92883978	5	49.91170980520529	5.796574005041058
352_314	18.98346543	5	51.12621664516072	6.428550243032143
352_315	19.30863664	5	48.01714121250649	5.741700914501299
352_316	21.01060702	5	48.14155269521817	5.426189135043634
352_317	22.94474382	5	47.62421213575324	4.935893663150648
352_318	24.04006001	5	45.66513762549891	4.325015523099783
352_319	21.8674798	5	44.31391309790045	4.489286659580089
352_320	21.19243279	5	40.73084136135022	3.907681714270044
352_321	21.42599466	5	41.33369743566815	3.98154055513363
352_323	21.70650986	5	38.42117946838663	3.342933921677325
352_324	21.37697813	5	37.76507503352606	3.277619380705212
352_325	20.5100533	5	38.49474874773232	3.596939089546465
352_326	20.65987162	5	37.28229469607022	3.324484615214045
352_327	21.0437733	5	37.64024107193484	3.319293554386967
352_328	21.86367968	5	35.2874638417713	2.684756832354259
352_329	21.10858933	5	34.90728456021453	2.759739046042907
352_330	20.09990801	5	32.06918346487941	2.393855090975882
352_331	19.06965189	5	31.47913667744171	2.481896957488343
352_333	19.23933353	5	29.36715718113125	2.02556473022625
352_336	20.0210634	5	29.47678023805754	1.891143367611507
352_337	18.9119322	5	26.31596528864155	1.480806617728311
352_338	18.30941923	5	26.68100064691567	1.674316283383134
352_339	16.92028663	5	24.26006659069272	1.467955992138544
352_340	16.10253505	5	23.4499848072341	1.469489951446819
352_341	14.72077623	5	22.86821228926584	1.629487211853168
352_342	13.79514663	5	20.79257290418776	1.399485254837552
352_343	14.25934718	5	20.87897105377278	1.323924774754556
352_344	13.71374438	5	16.90176137276438	0.6376033985528753
352_345	12.35669327	5	17.38342894397674	1.005347134795348
352_347	11.24884593	5	14.57003679584371	0.6642381731687419
352_348	10.64973061	5	12.83742111067808	0.4375381001356164
352_349	11.66432256	5	10.88489214914494	-0.1558860821710112
352_350	11.58281167	5	7.731119010684165	-0.7703385318631669
352_351	11.58281167	5	5.739071723818428	-1.168747989236314
352_353	10.2459312	5	3.769184546671519	-1.295349330665696
352_354	10.61457116	5	4.974670723879454	-1.127980087224109
352_355	11.94401973	5	7.307052157461521	-0.927393514507696
352_356	12.54680449	5	9.743415435708425	-0.560677810858315
352_357	12.82293711	5	11.7238436862549	-0.2198186847490192
352_358	12.2404296	5	13.91906804872603	0.3357276897452053
352_359	12.75725383	5	15.985883852674	0.6457260045348008
352_360	12.48648034	5	17.7957276914899	1.061849470297981
352_361	12.54823793	5	18.89256443044003	1.268865300088005
352_362	11.9930306	5	19.7887199866784	1.55913787733568
352_363	12.10420449	5	21.54133385143044	1.887425872286089
352_365	12.11600464	5	23.37303927047901	2.251406926095802
352_368	16.23139246	5	24.4244028160074	1.638602071201481
352_369	15.86352573	5	23.80247350509622	1.587789555019245
352_370	15.32870678	5	25.58518415287194	2.051295474574387
352_371	14.90325243	5	24.63778631655429	1.946906777310857
352_372	15.86372134	5	26.36809964208715	2.10087566041743
352_373	15.90157512	5	27.58756270934061	2.337197517868121
352_374	16.34028924	5	27.74745046370283	2.281432244740566
352_375	15.20847983	5	30.01646943963245	2.96159792192649
352_376	15.81935014	5	28.87680713961692	2.611491399923385
352_377	15.85215672	5	31.21188602675718	3.071945861351437
352_378	15.75900586	5	30.46150225506186	2.940499279012372
352_379	13.96917761	5	31.55989503913149	3.518143485826299
352_381	18.05029688	5	30.84761875154312	2.559464374308623
352_383	18.83229467	5	32.23036897650891	2.679614861301781
352_384	19.66685369	5	30.87800422164568	2.242230106329136
352_385	21.03054813	5	32.59436214056032	2.312762802112064
352_386	22.39833003	5	32.2223487384401	1.964803741688021
352_387	23.40406896	5	33.07605799723454	1.934397807446909
352_388	22.28704451	5	33.317684278283	2.206127953656599
352_389	22.28238499	5	33.55238646202278	2.254000294404556
352_390	21.83118209	5	34.13074641441639	2.459912864883279
352_391	23.00842793	5	34.85174710516531	2.368663835033062
352_392	21.83863551	5	34.6228024277016	2.55683338354032
352_393	20.84296111	5	35.56019634029945	2.94344704605989
352_394	18.99078399	5	35.70375673284101	3.342594548568203
352_395	17.99281462	5	37.15495257761282	3.832427591522565
352_396	18.96231762	5	37.8572641976023	3.77898931552046
352_398	19.64432657	5	39.83032284461345	4.037199254922689
352_399	21.89523549	5	40.96537856269555	3.814028614539109
352_400	22.38079797	5	40.90942543487523	3.705725492975046
352_401	23.10347404	5	40.20285742906746	3.419876677813493
352_402	23.34149637	5	40.16621913624754	3.364944553249508
352_403	24.94263793	5	38.11438199647738	2.634348813295477
352_404	24.77638951	5	36.83995872286989	2.412713842573979
352_407	23.86713478	5	32.39935828321664	1.706444700643327
352_408	22.78116606	5	31.02539090265202	1.648844968530403
352_409	22.58152484	5	31.0064346486669	1.684981961733379
352_410	23.02867739	5	29.8785738934271	1.36997930068542
352_411	23.72951445	5	30.6323715278548	1.38057141557096
352_412	24.09755024	5	30.91564758815388	1.363619469630776
352_413	25.1769511	5	30.73703663184728	1.112017106369456
352_414	25.55093245	5	31.87006566072984	1.263826642145967
352_415	26.96135295	5	31.78853354455224	0.9654361189104484
352_416	27.03179509	5	32.24792292443441	1.043225566886883
352_417	28.85077236	5	31.08463343994114	0.4467722159882285
352_418	28.6857824	5	31.72893832450883	0.6086311849017662
352_419	25.46966484	5	32.14647996256078	1.335363024512155
352_420	23.91817736	5	32.08321706751263	1.633007941502525
352_421	23.20755579	5	33.59053046934948	2.076594935869896
352_422	24.14499839	5	33.57736402570203	1.886473127140406
352_424	22.46616263	5	35.29373684062138	2.565514842124277
352_425	22.91510647	5	34.84622051059434	2.386222808118867
352_426	23.36896872	5	35.97086068437707	2.520378392875414
352_427	22.82113979	5	37.52427897947489	2.940627837894977
352_428	23.30313631	5	37.5569928322901	2.85077130445802
352_429	23.36605766	5	37.7670913940613	2.880206746812261
352_430	25.10417269	5	39.46448747475699	2.872062956951397
352_431	24.60554167	5	40.64246230190106	3.207384126380212
352_432	25.29620211	5	40.43480716740437	3.027721011480875
352_433	25.3321738	5	41.1682928320833	3.16722380641666
352_434	26.11017562	5	43.08830491284596	3.395625858569191
352_435	26.63762116	5	43.71469907597858	3.415415583195716
352_436	27.4200636	5	43.95812011418048	3.307611302836096
352_437	27.91371721	5	45.43784188105322	3.504824934210645
352_438	27.5712366	5	47.07658525084381	3.901069730168763
352_439	27.25085043	5	47.7024174026486	4.09031339452972
352_440	29.04702166	5	49.08784422410728	4.008164512821456
352_441	50	25	48.36012128957922	-0.06559514841683126
384_3	28.36944824	5	44.79561764615279	3.285233881230558
384_5	29.98882804	5	42.73568930475597	2.549372252951194
384_6	32.34767717	5	40.99172284998814	1.728809135997628
384_7	50	25	41.03875469721268	-0.3584498121114927
384_8	50	25	40.03304287781679	-0.3986782848873284
384_9	50	25	40.68300814011627	-0.3726796743953492
384_10	50	25	41.53358420967833	-0.3386566316128667
384_11	50	25	40.82869717281545	-0.3668521130873819
384_12	25.8820341	5	42.05515272064676	3.234623724129352
384_13	24.54265727	5	43.62670991956077	3.816810529912155
384_14	24.73367644	5	42.89050835347589	3.631366382695179
384_15	23.62907649	5	45.13389587067783	4.300963876135565
384_16	23.00020599	5	44.988975397663	4.3977538815326
384_17	21.43157208	5	46.53621663160933	5.020928910321866
384_18	22.43492048	5	47.59602405019682	5.032220714039365
384_19	24.42939147	5	49.17592830388974	4.949307366777949
384_20	24.91864801	5	51.11686594600883	5.239643587201766
384_21	26.50431764	5	52.51752064630463	5.202640601260926
384_22	27.21601033	5	54.48723414231532	5.454244762463063
384_23	26.32076995	5	55.17928333457463	5.771702676914925
384_24	24.14878258	5	56.36846718372572	6.443936920745145
384_25	22.45633443	5	57.00675820089404	6.910084754178809
384_26	23.70977024	5	58.44156302213759	6.946358556427517
384_27	26.62757924	5	57.85366901703528	6.245217955407056
384_28	27.48731085	5	58.75971588287645	6.25448100657529
384_29	29.06089303	5	58.22078603945937	5.831978601891874
384_30	25.59688109	5	59.7241690759198	6.825457597183958
384_31	50	25	59.68853404385965	0.3875413617543859
384_32	26.57293807	5	61.40554559355649	6.966521504711298
384_33	50	25	62.18715447136073	0.4874861788544291
384_34	26.3494991	5	63.12899018749108	7.355898217498217
384_35	29.32177287	5	64.40586669407284	7.016818764814568
384_36	24.14033636	5	65.46338914538833	8.264610557077667
384_37	27.75373203	5	66.03527847486887	7.656309288973776
384_38	50	25	66.8606926427307	0.6744277057092279
384_39	50	25	67.30622721269394	0.6922490885077576
384_40	30.7372696	5	68.29368464861336	7.511283009722672
384_41	24.67274827	5	68.63839509813685	8.793129365627371
384_42	23.26956186	5	69.33056290986525	9.212200209973052
384_43	24.98924036	5	70.56576437427856	9.115304802855713
384_44	24.60580454	5	70.57962091933531	9.194763275867063
384_45	50	25	72.0702689070648	0.882810756282592
384_46	29.08209183	5	72.43573328875941	8.670728291751882
384_48	24.81090213	5	73.92462807839345	9.82274518967869
384_49	23.4707469	5	74.34344267689615	10.17453915537923
384_50	23.44446066	5	75.47911204591107	10.40693027718221
384_52	22.70394778	5	76.01055248912589	10.66132094182518
384_53	27.48641653	5	76.3781172830267	9.77834015060534
384_54	31.36291852	5	76.08427841152564	8.944271978305128
384_55	31.27793541	5	76.47959780603183	9.040332479206366
384_56	50	25	75.72912519922409	1.029165007968963
384_57	50	25	74.98052923417183	0.999221169366873
384_58	26.38709046	5	75.23957771362682	9.770497450725363
384_60	29.25157891	5	73.0724732754755	8.764178873095101
384_61	50	25	73.18112275130754	0.9272449100523016
384_62	50	25	71.65599202575692	0.8662396810302766
384_63	31.50814301	5	70.9828832474367	7.894948047487341
384_64	28.08777033	5	70.43856375476052	8.470158684952105
384_65	29.97216948	5	70.43543122526198	8.092652349052395
384_66	28.60205111	5	68.80530520741972	8.040650819483943
384_67	50	25	69.47149547984795	0.7788598191939178
384_68	50	25	67.6116864036514	0.7044674561460562
384_69	50	25	67.77582650013916	0.7110330600055664
384_71	25.25672671	5	67.27221128699766	8.403096915399534
384_72	24.60656644	5	67.71081197250848	8.620849106501696
384_73	24.54671461	5	67.9355261940016	8.677762316800321
384_74	29.54307053	5	68.23658423450682	7.738702740901364
384_75	29.08245994	5	69.71716460862002	8.126940933724004
384_76	30.00853846	5	69.62427399887443	7.923147107774886
384_77	26.26091191	5	70.85641999876024	8.919101617752048
384_79	18.58796069	5	71.49656170366443	10.58172020273289
384_80	24.17727974	5	73.00838583199831	9.766221218399661
384_81	50	25	72.03889456078554	0.8815557824314214
384_82	26.66971094	5	73.80850508122442	9.427758828244885
384_83	23.34167873	5	72.24820082042706	9.781304418085412
384_84	19.85025949	5	73.23916214733777	10.67778053146755
384_86	50	25	70.58988964378047	0.8235955857512187
384_87	50	25	70.24719197860009	0.8098876791440034
384_88	25.02849653	5	69.48742277185418	8.891785248370837
384_89	23.1149829	5	67.95191095685271	8.967385611370542
384_90	23.99627467	5	66.98888134254472	8.598521334508943
384_91	24.85813692	5	66.34327638307337	8.297027892614675
384_92	26.07104388	5	65.46415034824093	7.878621293648186
384_94	50	25	63.70983452198378	0.5483933808793512
384_95	50	25	61.79629427436817	0.4718517709747269
384_96	50	25	60.17001319334911	0.4068005277339645
384_97	28.68458098	5	59.04437632296939	6.071959068593879
384_99	25.60619918	5	56.05925649093201	6.090611462186401
384_100	28.86921697	5	53.83913628832761	4.993983863665521
384_101	30.84742552	5	52.73173555509123	4.376862007018246
384_102	26.33017284	5	52.45745156712451	5.225455745424902
384_103	26.33232782	5	51.01616324407215	4.936767084814429
384_104	23.74022998	5	50.6492653773324	5.38180707946648
384_105	23.63746796	5	50.12610356466012	5.297727120932024
384_106	23.96235155	5	50.66327340653343	5.340184371306687
384_107	23.5334017	5	49.28639188075483	5.150598036150967
384_108	24.56546591	5	49.45737844209771	4.978382506419541
384_109	28.36908013	5	49.10318012105681	4.146819998211361
384_110	50	25	48.9588946835031	-0.04164421265987585
384_111	29.36985644	5	50.14717369872453	4.155463451744906
384_113	50	25	51.2132786370132	0.04853114548052815
384_114	28.66110731	5	52.59273273045913	4.786325084091827
384_115	26.2705997	5	53.44678078445925	5.43523621689185
384_116	23.65848861	5	55.27712801068795	6.323727880137589
384_117	25.78411369	5	55.99826004269399	6.042829270538798
384_118	22.26076128	5	57.3277818708815	7.013404118176299
384_119	25.42208042	5	58.69400142826932	6.654384201653864
384_120	23.52894621	5	58.57155456591212	7.008521671182423
384_121	50	25	60.25095972690951	0.4100383890763803
384_122	25.23350501	5	61.07838472817224	7.168975943634448
384_123	24.89894765	5	62.48930128332528	7.518070726665056
384_124	21.98768849	5	63.56984989993364	8.31643228198673
384_125	22.2868065	5	64.0248291939543	8.347604538790861
384_126	22.66786622	5	66.36747163060195	8.739921082120391
384_127	23.88695554	5	66.68942382979331	8.560493657958663
384_128	24.29142697	5	69.52411159405047	9.046536924810093
384_129	25.38647321	5	69.91227203800661	8.905159765601322
384_130	25.02677282	5	72.49304591836588	9.493254619673175
384_131	26.25474545	5	72.86374743939392	9.321800397878784
384_132	29.3966232	5	74.46079631695925	9.01283462339185
384_133	50	25	75.76926411490847	1.030770564596339
384_134	50	25	76.71165890920692	1.068466356368277
384_135	50	25	78.53871492136427	1.141548596854571
384_136	31.59344666	5	78.93342310623611	9.467995289247222
384_137	50	25	80.19216221990479	1.207686488796192
384_138	27.56349798	5	81.78251761831645	10.84380392766329
384_139	50	25	83.24670368850136	1.329868147540054
384_140	50	25	84.50640397480221	1.380256158992089
384_141	50	25	85.17223199663017	1.406889279865207
384_142	50	25	85.59581414284628	1.423832565713851
384_143	50	25	86.45364231659416	1.458145692663766
384_144	27.19367528	5	86.08436434396404	11.77813781279281
384_145	24.47318843	5	85.65567184831333	12.23649668366267
384_146	27.29553203	5	86.5596197150162	11.85281753700324
384_147	50	25	84.39094514905348	1.375637805962139
384_148	50	25	83.99443220012334	1.359777288004934
384_149	50	25	82.3439442291767	1.293757769167068
384_150	50	25	82.04765418628483	1.281906167451393
384_151	50	25	81.42684443061762	1.257073777224705
384_153	50	25	80.06835548785867	1.202734219514347
384_155	50	25	79.21349544428988	1.168539817771595
384_156	50	25	77.73445333040344	1.109378133216138
384_157	30.30444278	5	77.10257504141696	9.35962645228339
384_158	21.9534798	5	77.23037535468723	11.05537911093745
384_161	50	25	73.12497450053864	0.9249989800215457
384_162	50	25	71.78313259768302	0.8713253039073209
384_163	50	25	70.46544929922983	0.8186179719691933
384_164	50	25	68.79287606932181	0.7517150427728723
384_165	50	25	67.85868345659212	0.7143473382636847
384_166	28.47666849	5	67.12369813400457	7.729405928800913
384_167	28.15344752	5	66.09619878327902	7.588550252655804
384_168	50	25	66.33078582219026	0.6532314328876105
384_169	50	25	66.00076321138579	0.6400305284554315
384_170	29.11831426	5	65.90327284915513	7.356991717831026
384_171	23.34854408	5	64.85044172139301	8.300379528278603
384_173	21.80890376	5	65.1020507503469	8.658629398069381
384_174	25.41586624	5	63.89939127946892	7.696705007893785
384_175	50	25	64.63256216818469	0.5853024867273876
384_178	22.45781671	5	62.89259681293665	8.086956020587328
384_180	26.99661759	5	61.50624164086349	6.901924810172699
384_181	50	25	61.29141828201177	0.4516567312804707
384_184	50	25	59.6938435227553	0.3877537409102121
384_185	31.48412063	5	59.42613861495983	5.588403596991967
384_186	28.48093779	5	58.39470936933484	5.982754315866968
384_187	50	25	58.39741002053515	0.3358964008214059
384_190	50	25	54.09590815021094	0.1638363260084375
384_191	50	25	52.62908114808543	0.1051632459234173
384_192	50	25	51.51587943116841	0.0606351772467363
384_193	50	25	51.58242913647082	0.06329716545883286
384_194	50	25	49.12723790151137	-0.03491048393954514
384_195	24.90623442	5	49.16469845949548	4.851692807899095
384_196	22.46042699	5	47.50856610324307	5.009627822648614
384_197	24.56738284	5	46.26101458824228	4.338726349648455
384_198	24.3264674	5	45.61115736357583	4.256937992715168
384_199	23.31478654	5	45.16643556052163	4.370329804104327
384_201	28.08221411	5	44.08215402501158	3.199987983002317
384_202	29.44497865	5	44.30656694876057	2.972317659752114
384_204	26.17488793	5	45.29465611654243	3.823953637308487
384_205	26.48171926	5	47.08988441403375	4.121633030806751
384_207	50	25	48.69544353362754	-0.05218225865489842
384_208	25.51417094	5	50.82979231150395	5.06312427430079
384_209	24.84447956	5	51.60396387469311	5.351896862938622
384_210	24.48956847	5	52.0692056246186	5.515927430923719
384_211	23.20393903	5	52.86082311976882	5.931376817953764
384_212	22.27674175	5	53.73442039419474	6.291535728838947
384_214	24.48747355	5	55.69476520098534	6.241458330197068
384_215	21.86236047	5	55.59705389128016	6.746938684256032
384_217	22.37668973	5	58.26695026252901	7.178052106505802
384_220	50	25	60.34596343086115	0.4138385372344459
384_221	21.58341907	5	60.21315077771275	7.72594634154255
384_222	19.98558067	5	61.56528152822614	8.315940171645227
384_224	21.83786745	5	60.75183493891583	7.782793497783166
384_225	26.2250395	5	62.12009653334202	7.179011406668404
384_226	26.50931893	5	60.30606903015003	6.759350020030006
384_227	26.89216612	5	60.75087683268598	6.771742142537197
384_228	23.60174748	5	59.29043000929092	7.137736505858183
384_229	27.91590377	5	59.56433293979256	6.329685833958512
384_230	24.17106914	5	58.54980026394603	6.875746224789205
384_231	20.07188488	5	58.39305686550236	7.664234397100472
384_234	25.71994969	5	57.25427639865361	6.306865341730722
384_235	26.39643352	5	57.27859289601789	6.176431875203578
384_237	27.60944008	5	57.19735202073831	5.917582388147663
384_238	25.51456276	5	58.49721317885427	6.596530083770853
384_239	50	25	56.96882929470218	0.2787531717880873
384_240	50	25	59.19572616811062	0.3678290467244247
384_241	50	25	57.69589958900828	0.3078359835603311
384_242	30.21393498	5	60.060510471459	5.9693150982918
384_243	26.1818036	5	58.44297139509388	6.452233559018777
384_244	50	25	60.03039090984812	0.4012156363939246
384_245	25.74759195	5	58.31602491239826	6.513686592479651
384_246	23.31381983	5	59.58078149738213	7.253392333476427
384_248	22.777685	5	56.27061248576064	6.698585497152126
384_250	27.38345751	5	54.01745501044061	5.326799500088121
384_252	24.13354148	5	52.89625677968948	5.752543059937896
384_253	24.0310861	5	50.71045321370601	5.335873422741202
384_254	23.29656265	5	50.8802727806053	5.51674202612106
384_255	21.59863727	5	50.33236836345647	5.746746218691294
384_256	22.26113423	5	48.58718164950564	5.265209483901129
384_257	23.73971824	5	47.34341271832472	4.720738895664945
384_258	26.51137253	5	44.86178678285117	3.670082850570234
384_259	30.22241943	5	44.56943207681173	2.869402529362346
384_260	50	25	43.01596213179402	-0.2793615147282392
384_261	50	25	42.49132306017086	-0.3003470775931655
384_262	27.93256118	5	42.41218043622619	2.895923851245239
384_263	25.12483315	5	41.78782507721897	3.332598385443794
384_264	25.63174038	5	42.22859719066373	3.319371362132747
384_265	30.18964161	5	42.42288702956826	2.446649083913652
384_266	50	25	41.08124076927445	-0.3567503692290219
384_267	50	25	41.47273706448021	-0.3410905174207917
384_268	50	25	39.23427462400879	-0.4306290150396484
384_269	22.78914438	5	40.6344579623826	3.569062716476521
384_271	22.85610519	5	40.60103910717255	3.54898678343451
384_273	30.1193295	5	40.24604885255726	2.025343870511452
384_274	50	25	41.73689205072358	-0.3305243179710567
384_275	50	25	39.11619332727689	-0.4353522669089244
384_276	50	25	39.6773342650207	-0.4129066293991718
384_277	25.74133795	5	36.48962999152823	2.149658408305647
384_278	25.64085677	5	37.60784096848752	2.393396839697504
384_279	24.03775287	5	35.73945413946974	2.340340253893949
384_280	23.37748979	5	36.11139812483997	2.546781666967995
384_281	23.28693126	5	35.47779271545622	2.438172291091245
384_282	25.82917058	5	33.37300530812202	1.508766945624404
384_283	26.68887056	5	35.69702357414695	1.80163060282939
384_284	24.81193545	5	33.07651901047588	1.652916712095177
384_285	24.83207042	5	35.1820913346492	2.07000418292984
384_286	23.45579618	5	36.14155760864852	2.537152285729704
384_287	23.70889191	5	35.1790737637807	2.29403637075614
384_288	24.98545475	5	36.58807375646565	2.32052380129313
384_289	25.20274617	5	34.69098153199018	1.897647072398036
384_290	7	5	36.35966810298617	5.871933620597234
384_291	24.67453678	5	35.64290267287954	2.193673178575909
384_292	26.20230302	5	37.17163596303639	2.193866588607277
384_293	26.67516847	5	38.02773584803404	2.270513475606808
384_294	50	25	40.1943321156668	-0.3922267153733281
384_295	50	25	42.46834474116144	-0.3012662103535425
384_296	26.79703011	5	44.03806623842777	3.448207225685555
384_297	22.51442746	5	43.39395747176025	4.175906002352049
384_298	22.36969054	5	45.71481093923528	4.669024079847055
384_299	26.77195411	5	43.72991781603838	3.391592741207676
384_300	50	25	45.96811375732781	-0.1612754497068875
384_302	23.81095779	5	46.69975017056225	4.577758476112451
384_305	22.12156408	5	48.82291447154423	5.340270078308846
384_306	25.13552212	5	46.42706591550522	4.258308759101043
384_307	26.04109397	5	48.47210962359986	4.486203130719971
384_308	24.38084038	5	45.39848794862468	4.203529513724936
384_309	24.13206907	5	47.21321717965071	4.616229621930143
384_310	23.44928934	5	45.87251261678087	4.484644655356175
384_311	21.76761303	5	46.3214935221955	4.910776098439099
384_313	21.21124243	5	44.47742146264114	4.653235806528228
384_314	21.97601403	5	47.12343152165186	5.029483498330372
384_315	22.08346254	5	44.07202050640965	4.39771159328193
384_316	21.88249977	5	45.36814812800089	4.697129671600178
384_317	21.1877388	5	45.97199382873481	4.956851005746961
384_318	24.53149292	5	44.33692444967988	3.961086305935975
384_319	24.08742697	5	44.59605564711133	4.101725735422265
384_320	23.32674346	5	41.04955268833762	3.544561845667524
384_321	21.04162776	5	42.57014135491971	4.305702718983941
384_323	20.63539868	5	41.33186387090098	4.139293038180196
384_324	23.67171718	5	42.20531234316049	3.706719032632097
384_325	23.2714209	5	43.88637644959732	4.122991109919464
384_326	27.93859204	5	44.14120639264571	3.240522870529142
384_327	21.86675555	5	45.78440238437545	4.783529366875091
384_328	22.32829336	5	44.18071108826985	4.370483545653969
384_329	20.44477587	5	45.47957519687296	5.006959865374593
384_330	22.96839766	5	43.1828761228526	4.042895692570521
384_331	22.97503039	5	44.56886325343146	4.318766572686291
384_333	23.08917573	5	44.15821398735211	4.213807651470421
384_336	20.71720962	5	47.27291541142585	5.31114115828517
384_337	23.12842619	5	44.36259991016945	4.24683474403389
384_338	23.19511671	5	45.89634053774593	4.540244765549185
384_339	22.70433968	5	42.98780479149089	4.056693022298179
384_340	21.30390685	5	43.86486527386767	4.512191684773534
384_341	21.1741805	5	42.96006976116388	4.357177852232776
384_342	20.18976148	5	42.21616503768965	4.405280711537929
384_343	19.46026049	5	42.41072315097862	4.590092532195724
384_344	19.25206317	5	39.41168368516828	4.031924103033657
384_345	20.82174301	5	40.67236001203129	3.970123400406258
384_346	21.5804554	5	37.3993538097459	3.163779681949179
384_347	22.24764231	5	38.70376934340524	3.291225406681048
384_348	19.28390211	5	38.15181473638469	3.773582525276939
384_349	19.27316133	5	36.85903564510088	3.517174863020176
384_350	20.70167092	5	34.62366765989928	2.784399347979855
384_351	21.04425497	5	34.22947634991884	2.637044275983768
384_352	19.29541168	5	31.91515471046356	2.523948606092713
384_353	18.33269827	5	32.31134681916961	2.795729709833921
384_354	21.30616355	5	30.53358178428359	1.845483646856717
384_355	24.26066324	5	30.52993711335109	1.253854774670217
384_356	22.83370154	5	31.46462053934412	1.726183799868824
384_357	21.19096011	5	30.27455388686713	1.816718755373427
384_358	23.51001044	5	30.69900119005511	1.437798150011023
384_359	22.88954743	5	30.07035297483366	1.436161108966732
384_360	24.03902368	5	29.14801767482351	1.021798798964701
384_361	23.0232777	5	28.4543135083596	1.086207161671919
384_362	24.53185767	5	28.18935677725826	0.7314998214516514
384_363	20.80959428	5	28.56231878486659	1.550544900973318
384_365	18.75729742	5	28.35553927515832	1.919648371031664
384_368	17.57650635	5	29.66591604268493	2.417881938536985
384_369	17.9896909	5	28.4856786240744	2.099197544814879
384_370	17.97165981	5	28.78003023197727	2.161674084395455
384_371	15.8473749	5	25.85365178448844	2.001255376897688
384_372	15.51079918	5	26.91289761634713	2.280419687269426
384_373	15.08933096	5	24.97771147687785	1.977676103375571
384_374	15.35505713	5	24.35191584172436	1.799371742344872
384_375	14.23034888	5	24.02613850160759	1.959157924321518
384_376	12.20722735	5	20.63880374740438	1.686315279480877
384_377	11.87524398	5	19.77912850161356	1.580776904322712
384_378	11.80943266	5	17.1759858576295	1.0733106395259
384_379	11.45212863	5	15.20841517905603	0.7512573098112068
384_380	7	5	13.06805179667557	1.213610359335114
384_381	7	5	10.96265474016639	0.7925309480332778
384_382	7	5	8.252070309327578	0.2504140618655157
384_383	7	5	6.170656068966695	-0.1658687862066611
384_385	7	5	3.419206774062896	-0.7161586451874208
384_386	7	5	5.625980075520544	-0.2748039848958913
384_387	7	5	8.527552037299731	0.3055104074599463
384_388	7	5	11.4542550458886	0.8908510091777192
384_389	11.24100999	5	13.66486817954099	0.4847716379081984
384_390	11.27589097	5	15.88751025915757	0.9223238578315133
384_391	12.30836253	5	18.68345146337061	1.275017786674123
384_392	12.7930275	5	19.40564174228835	1.322522848457669
384_393	13.82769536	5	21.94975807538795	1.62441254307759
384_394	13.33198585	5	23.36915071192675	2.00743297238535
384_395	15.46504244	5	25.94839406101691	2.096670324203383
384_396	17.497438	5	27.97010098746405	2.094532597492811
384_398	18.99524934	5	30.83316491644669	2.367583115289338
384_399	18.03395924	5	33.07163432328589	3.007535016657178
384_400	17.40483418	5	32.98512592030733	3.116058348061466
384_401	18.59605537	5	32.43869612428905	2.768528150857811
384_402	19.80048775	5	31.55256645398871	2.350415740797742
384_403	20.79542619	5	30.47834780703817	1.936584323407634
384_404	19.9406094	5	29.55489986603148	1.922858093206296
384_406	18.33451076	5	27.34625663553533	1.802349175107065
384_407	19.41699487	5	26.30594247620219	1.377789521240439
384_408	19.14201816	5	26.15282260399949	1.402160888799899
384_409	18.68482676	5	26.68385174648017	1.599804997296033
384_410	18.35359257	5	26.52750525544743	1.634782537089485
384_411	18.92386124	5	26.95128368439688	1.605484488879375
384_412	18.99753124	5	28.40270396348265	1.881034544696529
384_413	20.2924367	5	28.38430584313634	1.618373828627268
384_414	20.73395388	5	28.77452449848118	1.608114123696236
384_415	22.05237662	5	29.42948265243642	1.475421206487283
384_416	24.26617455	5	29.8918229496227	1.12512967992454
384_417	23.89516171	5	29.39508223591866	1.099984105183733
384_418	21.1390972	5	29.69219066740748	1.710618693481496
384_419	18.66664759	5	30.32441194058222	2.331552870116444
384_420	17.97464356	5	30.75449986581676	2.555971261163351
384_421	19.61029434	5	31.56938777248343	2.391818686496685
384_422	20.98893029	5	30.83008908089214	1.968231758178427
384_424	19.67735662	5	32.11901616164928	2.488331908329855
384_425	18.76448024	5	31.08339942708966	2.463783837417933
384_426	19.31277036	5	31.90041304574998	2.517528537149997
384_427	18.76920828	5	33.24664587178137	2.895487518356274
384_428	19.3871561	5	33.00086430439655	2.722741640879311
384_429	19.12482701	5	32.72860744908733	2.720756087817465
384_430	20.45369491	5	34.14708056333285	2.73867713066657
384_431	22.24198822	5	35.26501827553982	2.604606011107965
384_432	22.20732041	5	34.76958780409294	2.512453478818587
384_433	22.03184949	5	35.08981469338705	2.61159304067741
384_434	21.09003061	5	36.87104273729335	3.15620242545867
384_435	20.94162376	5	37.52046425715464	3.315768099430929
384_436	19.89869655	5	37.4801414460317	3.51628897920634
384_437	19.47637724	5	38.62195984201578	3.829116520403157
384_438	20.3283472	5	40.41318215138387	4.016966990276774
384_439	22.14113682	5	40.90539326208729	3.752851288417458
384_440	25.64240723	5	42.04180471728305	3.27987949745661
384_441	50	25	41.06770701000254	-0.3572917195998986
416_5	50	25	49.88802164695154	-0.004479134121938557
416_6	50	25	48.32244860578181	-0.06710205576872767
416_7	30.80417306	5	47.74657417236053	3.388480222472106
416_8	31.21838216	5	46.41569096986709	3.039461761973418
416_9	30.71834306	5	46.26609674853198	3.109550737706396
416_10	31.08570484	5	46.22250672042953	3.027360376085906
416_11	30.98725256	5	45.19449780187408	2.841449048374815
416_12	29.95794695	5	46.10620162304969	3.229650934609937
416_13	31.04235826	5	46.82095421757401	3.155719191514803
416_14	50	25	45.35271886069341	-0.1858912455722637
416_15	50	25	47.22210307986389	-0.1111158768054443
416_16	50	25	46.07917136497265	-0.1568331454010939
416_17	50	25	47.4389825166747	-0.102440699333012
416_18	30.32067662	5	47.78949975419564	3.493764626839128
416_19	30.08716409	5	48.99199780496197	3.780966742992393
416_20	28.48908771	5	50.6722983320329	4.43664212440658
416_21	28.98945687	5	52.14183747901671	4.630476121803342
416_22	27.86751924	5	53.75280420923075	5.177056993846149
416_23	27.61753068	5	54.7916166653614	5.434817197072279
416_24	27.83609859	5	56.072739435462	5.6473281690924
416_25	28.90598078	5	56.43828380052884	5.506460604105767
416_26	50	25	58.2925005111775	0.3317000204471
416_27	30.98114164	5	57.61221740647814	5.326215153295629
416_28	50	25	58.32717893431123	0.3330871573724494
416_29	28.40906935	5	57.88335546345863	5.894857222691726
416_30	27.80147751	5	59.45069957452211	6.329844412904422
416_31	27.9168442	5	59.40127584526515	6.296886329053031
416_32	28.58219001	5	61.11156688976929	6.505875375953858
416_33	50	25	62.02183290651611	0.4808733162606444
416_34	31.40315833	5	62.85134726629133	6.289637787258266
416_35	50	25	63.90455751939471	0.5561823007757886
416_36	31.85363614	5	64.92178075844521	6.613628923689042
416_37	32.42475799	5	65.29207228424002	6.573462858848004
416_38	50	25	65.98300700279295	0.6393202801117178
416_39	50	25	66.17944040705919	0.6471776162823676
416_40	50	25	66.56002363049633	0.6624009452198533
416_41	50	25	66.97215885863061	0.6788863543452243
416_42	50	25	66.92867163818507	0.6771468655274027
416_43	50	25	68.00364421943937	0.7201457687775746
416_44	50	25	67.53876415650571	0.7015505662602283
416_45	50	25	68.68994028348904	0.7475976113395615
416_46	29.42138884	5	68.55389606617139	7.826501445234278
416_48	50	25	69.35941625699498	0.7743766502797991
416_49	50	25	69.15327172212743	0.7661308688850972
416_50	50	25	70.1678621396448	0.8067144855857918
416_52	31.64242731	5	70.20550675201935	7.712615888403869
416_53	50	25	70.61191854827359	0.8244767419309437
416_54	50	25	70.02073319529821	0.8008293278119283
416_55	50	25	70.50355961413257	0.8201423845653028
416_56	50	25	69.80147282954485	0.792058913181794
416_57	50	25	68.90188241707338	0.7560752966829353
416_58	50	25	69.07895568753565	0.7631582275014261
416_60	50	25	66.57416937687537	0.662966775075015
416_61	50	25	66.57237409316861	0.6628949637267442
416_62	50	25	64.80523408263569	0.5922093633054277
416_63	50	25	63.6697612545797	0.5467904501831878
416_64	50	25	63.00149652017938	0.5200598608071751
416_65	50	25	62.71741178073604	0.5086964712294417
416_66	50	25	60.88401119581645	0.4353604478326579
416_67	50	25	61.33359683592739	0.4533438734370955
416_68	50	25	59.54384298965745	0.3817537195862979
416_69	50	25	59.61700841902525	0.3846803367610102
416_71	50	25	59.32091411082544	0.3728365644330177
416_72	50	25	60.05528405675147	0.4022113622700587
416_73	50	25	60.66611470967889	0.4266445883871555
416_74	50	25	61.3228818897963	0.452915275591852
416_75	50	25	63.13034215034698	0.5252136860138793
416_76	50	25	63.57193514784785	0.5428774059139141
416_77	50	25	65.43927844132151	0.6175711376528602
416_79	26.0362113	5	66.73751527518905	8.140260795037809
416_80	50	25	68.52734457220795	0.7410937828883181
416_81	50	25	67.69984126074469	0.7079936504297877
416_82	50	25	69.77495270819125	0.7909981083276501
416_83	50	25	68.4796552403278	0.7391862096131121
416_84	50	25	69.4644267545832	0.778577070183328
416_86	50	25	67.09183613655316	0.6836734454621262
416_87	50	25	66.68561599381299	0.6674246397525195
416_88	50	25	66.20044672145977	0.6480178688583907
416_89	50	25	64.71375411107128	0.5885501644428512
416_90	50	25	63.82319880501866	0.5529279522007465
416_91	50	25	63.54498905920735	0.5417995623682941
416_92	50	25	62.63607244086158	0.505442897634463
416_94	50	25	61.28681912201061	0.4514727648804245
416_95	50	25	59.42053710625623	0.3768214842502494
416_96	50	25	57.96986665279143	0.3187946661116572
416_97	50	25	57.12970457907743	0.2851881831630974
416_99	50	25	55.03681001302377	0.201472400520951
416_100	50	25	53.26165502772471	0.1304662011089886
416_101	50	25	52.70006381121867	0.1080025524487468
416_102	50	25	52.88054092125529	0.1152216368502116
416_103	50	25	52.52738847352287	0.1010955389409148
416_104	29.52189434	5	52.64960390215864	4.625541912431728
416_105	29.74178193	5	53.19052175640227	4.689747965280454
416_106	29.1981126	5	54.3139227683764	5.02316203367528
416_107	50	25	53.54601187240422	0.1418404748961689
416_108	50	25	54.03881877398201	0.1615527509592803
416_109	50	25	54.44764184970901	0.1779056739883603
416_110	50	25	54.4881454165504	0.1795258166620161
416_111	50	25	55.62883265392647	0.2251533061570589
416_113	50	25	56.90984881858919	0.2763939527435676
416_114	50	25	58.09762982001517	0.3239051928006069
416_115	30.22418843	5	58.34561077656414	5.624284469312827
416_116	50	25	60.03400257389028	0.4013601029556114
416_117	29.97306277	5	60.51993194601861	6.109373835203722
416_118	50	25	61.5558638743336	0.4622345549733441
416_119	50	25	62.47188487998709	0.4988753951994835
416_120	50	25	62.34015368996224	0.4936061475984894
416_121	50	25	63.27193989497818	0.5308775957991273
416_122	50	25	63.80682517275772	0.5522730069103088
416_123	50	25	64.57092817870583	0.5828371271482331
416_124	27.05648696	5	65.03806528723821	7.596315665447642
416_125	26.73746481	5	65.4078296499963	7.734072967999261
416_126	26.28741892	5	66.86364085590303	8.115244387180606
416_127	31.13927571	5	67.09624124054488	7.191393106108977
416_128	50	25	69.42499570813209	0.7769998283252835
416_129	50	25	69.68295141224695	0.7873180564898781
416_130	50	25	71.85815908573719	0.8743263634294874
416_131	50	25	72.28695626695094	0.8914782506780375
416_132	50	25	74.04107359564554	0.9616429438258217
416_133	50	25	75.25055997325404	1.010022398930162
416_134	50	25	76.54884177496831	1.061953670998732
416_135	50	25	78.2713313172372	1.130853252689488
416_136	50	25	79.2074665141627	1.168298660566508
416_137	50	25	80.95906035749536	1.238362414299814
416_138	50	25	82.56339744884856	1.302535897953943
416_139	50	25	84.59196294880968	1.383678517952387
416_140	50	25	86.12391711793406	1.444956684717362
416_141	50	25	87.23154032519808	1.489261613007923
416_142	50	25	88.18816069409064	1.527526427763626
416_143	50	25	89.27868568772988	1.571147427509195
416_144	50	25	89.44302990739141	1.577721196295656
416_145	50	25	89.6277381212508	1.585109524850032
416_146	50	25	90.92708062301246	1.637083224920498
416_147	50	25	88.82730757597686	1.553092303039074
416_148	50	25	88.84191908904789	1.553676763561916
416_149	50	25	87.36619575317386	1.494647830126954
416_150	50	25	86.9678906851279	1.478715627405116
416_151	50	25	86.39139385874948	1.455655754349979
416_153	50	25	84.75144387943233	1.390057755177293
416_155	30.21228029	5	83.33707797747134	10.62495953749427
416_156	50	25	81.83024216724408	1.273209686689763
416_157	50	25	80.86272664424504	1.234509065769802
416_158	50	25	81.23654747470822	1.249461898988329
416_161	50	25	77.91489189516298	1.116595675806519
416_162	50	25	76.49073705521724	1.05962948220869
416_163	50	25	75.47007355457031	1.018802942182812
416_164	50	25	73.8317976797162	0.9532719071886482
416_165	50	25	72.72982932399772	0.9091931729599088
416_166	50	25	71.5088821584075	0.8603552863363001
416_167	50	25	70.23553523710193	0.8094214094840771
416_168	50	25	70.33201753069545	0.8132807012278181
416_169	50	25	69.73905000610084	0.7895620002440336
416_170	50	25	69.62503259544506	0.7850013038178025
416_171	26.82227205	5	68.19040463313425	8.273626516626852
416_173	29.42828547	5	68.15484579919081	7.745312065838162
416_174	50	25	66.70467685136541	0.6681870740546162
416_175	50	25	67.19402639396121	0.6877610557584484
416_178	50	25	65.11871014698897	0.6047484058795589
416_180	50	25	63.54225813787775	0.5416903255151098
416_181	50	25	63.30919824755717	0.5323679299022868
416_184	50	25	61.86051544181575	0.47442061767263
416_185	50	25	61.42764481257448	0.4571057925029794
416_186	50	25	60.20461003565543	0.4081844014262171
416_187	50	25	60.0937297141771	0.403749188567084
416_190	50	25	54.62133486739198	0.1848533946956792
416_191	50	25	52.80389642158525	0.11215585686341
416_192	28.88305633	5	50.7508864195795	4.3735660179159
416_193	50	25	50.01348974431409	0.0005395897725637155
416_194	50	25	47.00630322635754	-0.1197478709456985
416_195	50	25	46.17955501975466	-0.1528177992098136
416_196	50	25	44.04627509685256	-0.2381489961258975
416_197	50	25	42.38362057422342	-0.3046551770310632
416_198	50	25	41.70708228622205	-0.3317167085511181
416_199	50	25	40.40473533836216	-0.3838105864655137
416_201	50	25	39.04464192711798	-0.4382143229152808
416_204	50	25	39.86914390693467	-0.4052342437226133
416_205	50	25	41.48783008890613	-0.3404867964437548
416_207	50	25	42.70134711489132	-0.2919461154043472
416_208	50	25	44.53783150529625	-0.2184867397881501
416_209	50	25	44.91629802880382	-0.2033480788478474
416_210	50	25	45.85708726993084	-0.1657165092027665
416_211	50	25	46.63453268894094	-0.1346186924423623
416_212	29.01906961	5	48.04721270375187	3.805628618750374
416_214	50	25	50.45051526793022	0.01802061071720885
416_215	23.74702244	5	50.74805733359482	5.400206978718964
416_217	50	25	53.68491756951634	0.1473967027806538
416_220	30.37333621	5	56.84106984830966	5.293546727661932
416_221	27.41996052	5	57.43202170039754	6.002412236079508
416_222	27.85146766	5	59.08747866331041	6.247202200662081
416_224	50	25	59.09827429960285	0.3639309719841139
416_225	50	25	61.05207741348224	0.4420830965392895
416_226	50	25	59.3063407444988	0.3722536297799519
416_227	27.88097021	5	60.22501068688315	6.468808095376628
416_228	27.46638566	5	58.84055548273427	6.274833964546853
416_229	27.93242826	5	58.76515614803093	6.166545577606185
416_230	23.89322115	5	57.72858391893049	6.767072553786099
416_231	23.95304588	5	57.27378361108677	6.664147546217353
416_234	50	25	55.54159187703584	0.2216636750814337
416_235	50	25	55.69679200542382	0.2278716802169526
416_237	50	25	55.26204084693582	0.2104816338774327
416_238	50	25	56.664691378701	0.26658765514804
416_239	50	25	55.49983266824056	0.2199933067296226
416_240	50	25	57.76177927007682	0.3104711708030729
416_241	29.2602471	5	56.67367024606198	5.482684629212396
416_242	27.47763472	5	59.13562447450051	6.331597950900102
416_243	27.96135051	5	58.19601578267432	6.046933054534863
416_244	30.02674733	5	59.94895240025436	5.984441014050871
416_245	50	25	58.67938693001438	0.3471754772005752
416_246	30.9409201	5	60.39656557029723	5.891129094059446
416_248	29.29539956	5	57.5139466288085	5.6437094137617
416_250	24.79246565	5	56.14249398871457	6.270005667742914
416_252	28.36409433	5	55.66013775306877	5.459208684613754
416_253	50	25	53.054040971113	0.1221616388445199
416_254	50	25	53.64601869551385	0.1458407478205541
416_255	30.06257101	5	53.36936402747026	4.661358603494053
416_256	30.791245	5	51.32937668802136	4.107626337604272
416_257	50	25	50.02288303207483	0.0009153212829932045
416_258	50	25	47.11313570818663	-0.115474571672535
416_259	50	25	46.0876321140159	-0.1564947154393639
416_260	50	25	44.04927860315143	-0.2380288558739428
416_261	50	25	42.81808186946063	-0.2872767252215749
416_262	50	25	42.60708119914743	-0.2957167520341028
416_263	50	25	41.46811433535071	-0.3412754265859718
416_264	50	25	41.83739948786943	-0.326504020485223
416_265	50	25	42.34709275414187	-0.3061162898343253
416_266	29.6580997	5	41.43305036363338	2.354990132726677
416_267	26.34226234	5	42.19863294269907	3.171274120539814
416_268	27.15940861	5	40.67340540235785	2.70279935847157
416_269	50	25	42.34639464112443	-0.3061442143550229
416_271	50	25	42.76343858728092	-0.2894624565087631
416_273	50	25	44.1911396059856	-0.2323544157605758
416_274	30.81292362	5	46.15522592037419	3.068460460074837
416_275	28.8632787	5	44.48152236561101	3.123648733122201
416_276	28.84502925	5	46.15577021898083	3.462148193796165
416_277	26.16111773	5	43.44600878773109	3.456978211546217
416_278	27.00714857	5	45.32435899035795	3.66344208407159
416_279	26.94377548	5	44.11259086242365	3.43376307648473
416_280	26.84739595	5	44.88591323972175	3.607703457944349
416_281	26.22459307	5	45.0423502978978	3.76355144557956
416_282	29.12775124	5	42.85458501982693	2.745366755965386
416_283	30.57687289	5	45.32129720386285	2.948884862772571
416_284	50	25	42.53922071034741	-0.2984311715861034
416_285	50	25	44.07076858416679	-0.2371692566333283
416_286	50	25	44.21263159828786	-0.2314947360684854
416_287	31.59149804	5	42.37627381342587	2.156955154685174
416_288	29.8553272	5	42.76395083108938	2.581724726217876
416_289	50	25	39.62177181548377	-0.4151291273806493
416_290	50	25	40.69568502098141	-0.3721725991607434
416_291	50	25	38.6895945665805	-0.4524162173367802
416_292	50	25	39.34660761352973	-0.4261356954588106
416_293	50	25	38.87122379033859	-0.4451510483864564
416_294	50	25	40.12475748250829	-0.3950097006996682
416_295	27.65943509	5	41.51617177111556	2.771347336223112
416_296	27.83554031	5	42.71396015368247	2.975683968736495
416_297	28.67249577	5	42.49275606521375	2.764052059042751
416_298	29.82952724	5	44.46297949619731	2.926690451239461
416_299	29.50557533	5	43.02657579665502	2.704200093331004
416_300	28.5196488	5	45.1579272797352	3.327655695947041
416_302	26.24934574	5	46.02272780481435	3.954676412962871
416_305	28.28951157	5	49.29174673897516	4.200447033795033
416_306	27.24862285	5	47.5872787312699	4.067731176253981
416_307	26.26380166	5	50.03043702188169	4.753327072376338
416_308	24.93019763	5	47.68774157179218	4.551508788358436
416_309	23.90672187	5	49.67509223361567	5.153674072723135
416_310	22.47382721	5	49.15691963024005	5.336618484048009
416_311	20.90731605	5	49.48126177464884	5.714789144929767
416_313	21.57371945	5	47.79066141986858	5.243388393973717
416_314	21.94973273	5	50.42482978138758	5.695019410277515
416_315	23.56718014	5	47.48378268263894	4.783320508527788
416_316	26.28362705	5	48.60391811551514	4.464058213103027
416_317	28.33514926	5	48.78185472046268	4.089341092092535
416_318	29.28060476	5	46.95061542852798	3.534002133705596
416_319	27.66111485	5	46.62540733195701	3.792858496391402
416_320	27.66407508	5	43.03030589077567	3.073246162155134
416_321	28.63527496	5	43.87685311883156	3.048315631766312
416_323	27.32974402	5	41.73068808987436	2.880188813974871
416_324	31.49564725	5	42.24475524578106	2.149821599156211
416_325	29.06924376	5	43.27252026163189	2.840655300326378
416_326	27.27351884	5	43.10079518901445	3.165455269802889
416_327	25.34026995	5	44.44552881684609	3.821051773369219
416_328	26.46132329	5	42.78826096726372	3.265387535452744
416_329	28.3938067	5	43.76318505729046	3.073875671458093
416_330	31.28453204	5	41.72698322775398	2.088490237550797
416_331	50	25	42.54982229717442	-0.2980071081130234
416_333	25.50025682	5	42.34517581322252	3.368983798644503
416_336	29.89109411	5	45.54238059356938	3.130257296713876
416_337	27.03122302	5	42.90886023799407	3.175527443598814
416_338	26.06070042	5	44.41450711775285	3.670761339550571
416_339	25.19455379	5	41.83164520372775	3.32741828274555
416_340	26.04100045	5	42.64856376961686	3.321512663923373
416_341	25.0854172	5	42.10933924509433	3.404784409018865
416_342	25.62954037	5	41.4499214711846	3.164076220236919
416_343	25.76858942	5	41.86412278294237	3.219106672588473
416_344	26.59337503	5	38.90403685545454	2.462132365090907
416_345	27.14605811	5	40.26935985759713	2.624660349519426
416_346	25.66412683	5	37.32662844925505	2.33250032385101
416_347	24.8839803	5	38.76941434633791	2.777086809267582
416_348	23.21067622	5	38.57207522725992	3.072279801451983
416_349	22.27658939	5	37.59589788901829	3.063861699803657
416_350	22.58750423	5	35.29116505060303	2.540732164120605
416_351	22.39021714	5	35.2727883543586	2.576514242871719
416_352	22.03709835	5	32.93153974266342	2.178888278532685
416_353	21.23620053	5	33.24294775966887	2.401349445933773
416_354	23.40821122	5	31.11808652282015	1.54197506056403
416_355	24.85606264	5	31.32051436625959	1.292890345251919
416_356	27.88179196	5	31.47419549168707	0.7184807063374137
416_357	25.562373	5	31.02282562338965	1.092090524677931
416_358	27.85726202	5	31.4802229760081	0.72459219120162
416_359	26.66157117	5	31.49938324824729	0.9675624156494592
416_360	26.36914197	5	31.63612698449791	1.053397002899581
416_361	26.41326316	5	31.80785190301703	1.078917748603406
416_362	24.99006506	5	32.60522276927822	1.523031541855644
416_363	22.07549089	5	33.95011223336026	2.374924268672051
416_365	23.45935627	5	35.06024300013058	2.320177346026115
416_368	24.35326193	5	36.52467689587586	2.434282993175173
416_369	22.59984115	5	35.13880055498289	2.507791880996577
416_370	21.74883862	5	36.41710484840489	2.933653245680978
416_371	20.78292039	5	33.78699883062632	2.600815688125263
416_372	20.83419647	5	34.92090086668391	2.817340879336782
416_373	21.81537478	5	34.6192467529736	2.560774394594721
416_374	21.69975652	5	33.28125029376887	2.316298754753774
416_375	20.04440613	5	34.43186373270252	2.877491520540504
416_376	18.24834636	5	32.31784106463542	2.813898940927083
416_377	17.82781873	5	33.60727879711207	3.155892013422413
416_378	17.02921218	5	32.22693169645768	3.039543903291535
416_379	17.82833826	5	32.43781875251492	2.921896098502985
416_380	17.93091056	5	32.14787610258438	2.843393108516877
416_381	20.86044913	5	31.13600276041321	2.055110726082643
416_382	21.56306406	5	30.93901485825807	1.875190159651613
416_383	21.92503487	5	30.54081724652539	1.723156475305077
416_384	19.91719701	5	30.31337560489713	2.079235718979425
416_385	18.94640741	5	29.9082294171811	2.19236440143622
416_386	19.65636486	5	29.49865552326184	1.968458132652367
416_387	22.18712837	5	29.26849769013963	1.416273864027926
416_388	21.88110022	5	28.35543135279437	1.294866226558874
416_389	21.14398367	5	27.22080013540104	1.215363293080208
416_390	18.83149247	5	26.23078496847872	1.479858499695743
416_391	18.80722661	5	25.785424597694	1.395639597538799
416_392	18.15030309	5	24.14262192134597	1.198463766269193
416_393	17.38511608	5	23.87532843345354	1.298042470690708
416_394	15.61357334	5	23.49654361961045	1.57659405592209
416_395	15.21381837	5	23.44437532042515	1.646111390085029
416_396	17.27800974	5	24.47097819469062	1.438593690938124
416_398	15.09278079	5	25.94426531159591	2.170296904319181
416_399	16.93182007	5	26.59535477455199	1.932706940910397
416_400	16.77338734	5	27.06261639168006	2.057845810336011
416_401	16.51483862	5	26.84040814307023	2.065113904614046
416_402	16.66612444	5	26.50630400982255	1.968035913964509
416_403	16.99658889	5	24.81088826883735	1.562859875767469
416_404	15.57919775	5	24.16866623169904	1.717893696339808
416_406	12.2042623	5	20.46278928588089	1.651705397176179
416_407	12.34411026	5	19.6874700543281	1.46867195886562
416_408	12.08305832	5	17.24648255329044	1.032684846658089
416_409	12.51370507	5	17.45414325521857	0.9880876370437143
416_410	12.45541132	5	15.85600470587222	0.6801186771744441
416_411	12.07852972	5	14.04446904493097	0.393187864986194
416_412	9.093413286000001	5	13.31990359250866	0.845298061301731
416_414	9.683695343	5	8.712521537921345	-0.194234761015731
416_417	9.877577798000001	5	3.511083897086266	-1.273298780182747
416_419	10.8687374	5	7.844436941512477	-0.6048600916975048
416_420	12.27291655	5	10.61301093007275	-0.3319811239854492
416_421	12.63572193	5	13.68547552430685	0.2099507188613693
416_422	11.16104158	5	15.48108766293847	0.8640092165876936
416_424	11.45763211	5	20.18253161412252	1.744979900824504
416_425	12.66500339	5	20.47712922242052	1.562425166484103
416_426	13.38016332	5	22.34980715627102	1.793928767254203
416_427	14.18156381	5	24.53657714840937	2.071002667681873
416_428	15.0704186	5	25.20247525862768	2.026411331725536
416_429	16.03756088	5	25.95071988518678	1.982631801037356
416_430	17.40890638	5	28.04292210554213	2.126803145108426
416_431	18.3465624	5	29.57815024853865	2.24631756970773
416_432	19.14297436	5	30.0156775325619	2.174540634512379
416_433	19.48097112	5	31.21686207697304	2.347178191394607
416_434	20.10077088	5	33.29241050742312	2.638327925484624
416_435	20.73336999	5	34.45821280749869	2.744968563499738
416_436	21.26772924	5	35.31658328897842	2.809770809795684
416_437	21.44369986	5	37.08281096592479	3.127822221184959
416_438	22.0134904	5	39.0363838356284	3.40457868712568
416_439	22.64514599	5	40.27222021076381	3.525414844152761
416_440	23.94051472	5	42.12267404260474	3.636431864520949
416_441	24.48368108	5	41.62070925844975	3.42740563568995
