0 1.0654541521347603e+01
1 1.3672826061367283e+01
2 -1.3501862197221592e+00
3 1.8175336718757343e+01
4 5.7771524411673445e+00
5 -3.7212341945258931e+00
6 9.6964761240122854e+00
7 4.3689633444004663e+00
8 9.5407830737908714e+00
9 1.3238539102388822e+01
10 1.4635296321675945e+01
11 1.0604015557932438e+01
12 8.1299138397713442e+00
13 6.7730091991879595e+00
14 -3.9933744895470111e+00
15 -3.3676397332420547e+00
16 1.1354140541913837e+01
17 -3.9263786491547235e+00
18 1.2349990067556837e+01
19 5.3791577393548025e+00
20 -3.4011661903709665e+00
21 1.8213909811090527e+01
22 7.5766042709439505e+00
23 1.0102085528579481e+01
24 -3.3589045461093470e+00
25 1.3140822447870558e+01
26 8.0046147913599892e+00
27 1.1737525832098294e+01
28 -2.8917324507425475e+00
29 9.7038011490973215e+00
30 -3.4050539858363318e+00
31 4.1229982092895110e+00
32 1.3130706818766313e+01
33 6.9729543705225545e+00
34 9.2053471995731968e+00
35 8.5018712551375959e+00
36 1.4711139521733585e+01
37 1.2671489134143686e+01
38 -7.5103424721308509e-01
39 -3.6624902414747513e+00
40 8.5112380981527949e+00
41 8.4341374644572920e+00
42 -3.5960446576157681e+00
43 1.7376570087809551e+01
44 8.0219748543626839e+00
45 -3.8705846294916961e+00
46 -6.0180329893037077e-01
47 -3.9877232656009367e+00
48 1.6424787298308861e+01
49 -3.4910385744985466e+00
50 1.1491025923408577e+01
51 1.7287440667025518e+01
52 1.0265131367458849e+01
53 -3.5000445290410473e+00
54 -4.1393673314568309e+00
55 4.2778365405591421e+00
56 1.3394739968356474e+01
57 7.5810285131141768e+00
58 9.7204947949055143e+00
59 5.3267361747544903e+00
60 1.2466517359636750e+01
61 7.1127049044386341e+00
62 6.3208358148587136e+00
63 -2.4958613285186515e+00
64 -3.4022557932454882e+00
65 2.9439586644590654e+00
66 8.9701640147860129e+00
67 7.9379775694205588e+00
68 -3.2219078750704480e+00
69 -2.8482303061593219e+00
70 -3.7456826662747957e+00
71 -3.3894431096883153e+00
72 -3.1098398938596907e+00
73 1.0043928292227777e+01
74 -3.0264165482709537e+00
75 6.7102911806896728e+00
76 -3.5057524687126715e+00
77 -3.6347323034974335e+00
78 -3.2093330694314370e+00
79 -3.5229976477680318e+00
80 -3.5196354914844590e+00
81 9.2290539290323110e+00
82 -4.3748378446125828e+00
83 -3.8309956511183012e+00
84 -3.6862900480387077e+00
85 -3.8364486411904792e+00
86 -3.6097342509215058e+00
87 -3.5209824065806212e+00
88 -2.8300647787574951e+00
89 8.8355466571141736e+00
90 -3.7187167957725458e+00
91 7.0394223293307236e+00
92 -3.3909156489801906e+00
93 -3.1260813198532267e+00
94 -3.3383219859153090e+00
95 -3.3875361160545303e+00
96 -3.0976100260109427e+00
97 2.1586656905050147e-01
98 1.7628962393539815e+01
99 -3.5311472393627672e+00
100 1.3952709364660485e+01
101 6.8328198738028414e+00
102 -3.2428737142329691e+00
103 -2.1200350827540606e+00
104 -3.4928995828750389e+00
105 -3.0418800881991412e+00
106 -3.8887293313387081e+00
107 -3.6565686103406230e+00
108 -3.7696024766848768e+00
109 -3.5966693547746593e+00
110 -3.6004548530125748e+00
111 9.4492381728169050e+00
112 -2.8761263611566252e+00
113 1.1102774464188334e+01
114 -3.4230871854014437e+00
115 -1.3229588267011521e+00
116 1.4676005114859402e+01
117 -3.4185418417582776e+00
118 9.9158643559234232e+00
119 -3.2340820236667129e+00
120 4.3394492500800572e+00
121 -3.5539798400942337e+00
122 -3.9104481920397229e+00
123 -1.6443211745207598e+00
124 -3.6758544584839701e+00
125 -3.6300163228483191e+00
126 -3.5082883250024111e+00
127 -3.5856461214197988e+00
128 -2.7764672777018156e+00
129 -3.6304327986242693e+00
130 -3.6171939793372432e+00
131 -2.5489593032384805e+00
132 -3.4884656550426465e+00
133 -3.0294302881251696e+00
134 -2.9519718011880696e+00
135 -3.0968864191477090e+00
136 -3.0982018002247185e+00
137 5.8927667854518209e+00
138 5.7912258879187677e+00
139 -3.4821625172569219e+00
140 -2.7123252664029796e+00
141 -3.5377019331712090e+00
142 -1.9224952294137450e+00
143 -3.8982469482675497e+00
144 -3.4075699443957723e+00
145 -3.3431512679838691e+00
146 -3.5354827548633394e+00
147 -3.2358241122698939e+00
148 -3.4985468416102088e+00
149 -3.5073090482461411e+00
150 -3.3150469538621055e+00
151 -3.1152007862870223e+00
152 -3.4317192902483193e+00
153 -3.8066266369138080e+00
154 -3.3592317501809750e+00
155 -3.1805976574925259e+00
156 -3.4540980913835804e+00
157 -3.1812640653032074e+00
158 1.2554334989438033e+01
159 -4.0432135202282753e+00
160 9.5882663959171861e+00
161 -3.2231218980906400e+00
162 -3.4633364039097110e+00
163 -3.6709150756067355e+00
164 -3.6067893517748786e+00
165 -3.5702025038061942e+00
166 -3.7045354096340000e+00
167 -2.7468909394148531e+00
168 -3.2814107316200150e+00
169 -3.4082243213772534e+00
170 4.2544533536589482e+00
171 5.2610466603794892e+00
172 9.6633838865199255e+00
173 -3.6490968245761124e+00
174 -3.5770815038336288e+00
175 -2.1378411239424242e+00
176 -3.6143897729969976e+00
177 -3.5326372712722978e+00
178 -3.5718420237404453e+00
179 9.6990940164971775e+00
180 -3.0714395466074174e+00
181 -3.4550307684245962e+00
182 -3.6126609771152993e+00
183 -3.6594443567856008e+00
184 -3.3516413675395640e+00
185 -9.9561806667910346e-01
186 -3.0119751800787462e+00
187 -3.4774288981705905e+00
188 -3.1111848616139568e+00
189 -3.3662134077538375e+00
190 -3.3828175021909064e+00
191 -3.5470275273126983e+00
192 -3.2428663113124219e+00
193 -3.1969539863518057e+00
194 -2.9967716943032325e+00
195 -3.8381801448400106e+00
196 -3.5721619585939939e+00
197 9.1703582255780667e+00
198 -3.5309666588412179e+00
199 -3.9829695111418766e+00
200 -3.3735679492786845e+00
201 -3.3456850738822248e+00
202 2.0774061280858966e-01
203 -3.5226189887452568e+00
204 -3.5824755371619692e+00
205 -2.7863727798276732e+00
206 -3.2264431976335084e+00
207 -3.2424840872411416e+00
208 -3.6603613394507297e+00
209 -3.6524262541318580e+00
210 -3.6845232009160758e+00
211 -2.9729928560636352e+00
212 -3.2381342094850925e+00
213 -3.0221838174887665e+00
214 -2.5134922469153111e+00
215 -2.7919601408394943e+00
216 -3.4239412426638656e+00
217 7.8905369944023409e+00
218 -3.4769546671724281e+00
219 6.0066807372085860e+00
220 -3.3512811129510411e+00
221 1.2535537360589393e+00
222 -3.7683141945815706e+00
223 1.0325500842560853e+01
224 -3.7121256485514622e+00
225 -3.6413579016104451e+00
226 -2.8567752518102911e+00
227 -3.0642485027758464e+00
228 -3.8225196045354672e+00
229 -3.8454465252659644e+00
230 -3.4545272349147216e+00
231 -3.1580948760576519e+00
232 -2.4997246821190622e+00
233 -3.5741128137578735e+00
234 -3.4889207216560645e+00
235 -3.4180814831953867e+00
236 -3.5798871270485675e+00
237 -3.5679435600269129e+00
238 -3.8356042712501321e+00
239 1.3438471450277351e+01
240 -3.6859122304380367e+00
241 -3.3171773474483301e+00
242 -3.1103673280964808e+00
243 -3.7158098654825857e+00
244 -3.3627770640383048e+00
245 4.6169392872433059e+00
246 5.5615241484435387e+00
247 -4.0677424057889455e+00
248 7.3572266691240689e+00
249 -3.4261464282783956e+00
250 -3.6960894997917615e+00
251 -3.4174402917854465e+00
252 -3.0962047120589524e+00
253 -3.4476858944609794e+00
254 4.0239047866828290e+00
255 -2.2282370265619815e+00
256 -3.7798312058606469e+00
257 -3.3003235816885028e+00
258 -3.2870585016638425e+00
259 -3.2107233460752864e+00
260 -3.3731122124925443e+00
261 -3.1990278256063118e+00
262 -2.9611017392529067e+00
263 -3.1818664388928877e+00
264 -3.4129363189184510e+00
265 -3.3729038003746066e+00
266 -3.4854938764529031e+00
267 7.1334600624906335e+00
268 -3.3758998988967983e+00
269 -3.8519270890855126e+00
270 -3.4254505644988020e+00
271 1.5357490630441074e+01
272 -2.9620948668780498e+00
273 -3.0712159380019410e+00
274 -3.6868700851333505e+00
275 -3.4257577877425738e+00
276 -3.7540769299667800e+00
277 -2.1783666815789582e+00
278 7.9716016293716292e+00
279 -1.2630326367850895e+00
280 -3.4998777042274698e+00
281 8.2453752573570327e+00
282 -4.1239917406627189e+00
283 9.5038446745477518e+00
284 -2.3273424312566551e+00
285 -3.8978975856514255e+00
286 -3.5814577018038940e+00
287 -3.5631179036910750e+00
288 -3.7544097325323897e+00
289 -1.0544715124810953e+00
290 3.4380033538041284e+00
291 -3.1429992187049680e+00
292 -3.5923606364279568e+00
293 -3.4651980160242002e+00
294 -3.4090667982868608e+00
295 1.0723369467727657e+01
296 -3.3344004714872861e+00
297 -3.5217997578326719e+00
298 -3.2746384753692674e+00
299 -3.1302305809589690e+00
300 -2.9100062497635792e+00
301 9.5908970915959522e+00
302 -3.3576811099890675e+00
303 2.7473244103904659e+00
304 5.5072617709674310e+00
305 -3.6604586305354534e+00
306 -3.9273119872380420e+00
307 1.1502599396585580e+01
308 -2.7276558288562036e+00
309 -3.5767303745241144e+00
310 -3.3446734861704375e+00
311 9.4046371260007735e+00
312 -3.1625147037476729e+00
313 -3.4733727863910930e+00
314 -3.5537206800689227e+00
315 -2.3567687423395620e+00
316 4.7526601860320383e+00
317 -3.4887807449598096e+00
318 -2.2840207058268178e+00
319 -3.8580710491568864e+00
320 -2.3565316830561369e-02
321 -3.3104741568039024e+00
322 7.3084103110343399e+00
323 -3.8337348098916926e+00
324 -3.8181283257046958e+00
325 9.3535588685999169e+00
326 -3.3058609816437134e+00
327 8.4718931664956720e+00
328 7.2199776216833298e+00
329 -1.8554057306571214e+00
330 -3.2121260340908933e+00
331 -3.2062737068301317e+00
332 -3.5417167849870612e+00
333 -3.5525680971362075e+00
334 -3.0829692370954005e+00
335 8.6454856866044985e+00
336 -2.3433313412390513e+00
337 4.0705389159548249e+00
338 -3.3331108725771252e+00
339 8.1876138543867363e+00
340 3.2204284478019178e+00
341 -3.3725334136418068e+00
342 -3.3846400085283359e+00
343 -1.7939537551620699e+00
344 -3.7552659468571430e+00
345 -3.6624863642634931e+00
346 -1.5255545856853825e+00
347 2.1856848753981768e+00
348 9.3483798195901695e+00
349 2.3811011991501796e+00
350 -2.8538299288324893e+00
351 -3.6329910372599779e+00
352 -3.4005324287349565e+00
353 -3.5828461503530966e+00
354 -3.9375867993048530e+00
355 5.8071091504114980e+00
356 -3.6780259787762692e+00
357 9.8373354337164383e+00
358 -3.3453622467344086e+00
359 4.0118533379533687e+00
360 -1.3284268205920764e+00
361 1.3014842414899265e+01
362 6.3898500632548494e+00
363 -1.3998028343059434e+00
364 4.3363376384820844e+00
365 9.1462470968951290e+00
366 4.0203929530382769e+00
367 -4.2845075436473623e+00
368 -3.2350368228497688e+00
369 -3.5043896692147372e+00
370 3.5793615226976585e+00
371 8.5536400368004362e+00
372 7.4440300476438201e+00
373 6.5564446660976179e+00
374 9.8229209769604644e+00
375 1.2459438057975426e+01
376 -3.7011173375339061e+00
377 1.5437418642209805e+01
378 7.7439094467431309e+00
379 4.7927624509088469e+00
380 -2.5544948137780739e+00
381 1.2552457056371589e+01
382 -3.2144010347010603e+00
383 4.0346235003772088e+00
384 -3.6185444036316157e+00
385 -3.4820841110262655e+00
386 -3.7543628451209932e+00
387 6.4009149663459217e+00
388 5.8720062286003272e-01
389 -3.8835907582447393e+00
390 3.7293899933005306e+00
391 1.0239197871677245e+01
392 -3.2094275569505188e+00
393 -3.0406262888016888e+00
394 -3.0677225796178393e+00
395 4.8028213270601494e+00
396 -3.4898780212087850e+00
397 -3.8403521594725913e+00
398 -3.6016031492881528e+00
399 -3.4480900140035131e+00
400 1.0776027199483108e+01
401 -3.5526229542110301e+00
402 -8.4334747289171275e-01
403 1.1320974180374289e+01
404 1.0259068073344292e+01
405 3.3942925350696314e+00
406 6.1422834867653391e+00
407 -3.4194820154532732e+00
408 4.9385163218701065e+00
409 -2.9958928403542249e+00
410 -4.9948482801128374e-01
411 1.0353099774637565e+01
412 -4.5279174672855405e+00
413 4.4423360459535672e+00
414 6.0103086335395588e+00
415 1.0579541228647797e+01
416 -3.5983162082611817e+00
417 -3.7137137703555885e+00
418 1.6200242137330562e+01
419 -4.0558302280199019e+00
420 3.9693498030385528e+00
421 -2.5035644188776023e+00
422 5.3386399673435116e+00
423 -3.5142994667967269e+00
424 -3.5696613774027930e+00
425 1.3786063000237307e+01
426 -3.2083917319243831e+00
427 6.8419648167293472e+00
428 6.1670115824722700e+00
429 -3.5636137982283724e+00
430 2.0160777764262519e+00
431 1.4926008001313958e+01
432 7.6652626609940269e+00
433 2.8837511091744590e+00
434 -3.3629520131607595e+00
435 -2.7212322940950924e+00
436 1.2329227348853825e+01
437 7.5486730085557845e+00
438 4.6697595358180495e+00
439 5.1649253246471014e+00
440 -3.7069080530668979e+00
441 1.3643570276135247e+01
442 -2.5240242009290954e+00
443 -3.3230604372307515e+00
444 -3.5500912995083609e+00
445 -3.2972237162549956e+00
446 -3.7034669519064098e+00
447 9.6652394581404995e+00
448 -1.8209430314956796e+00
449 -2.2434622622191225e+00
450 4.5171659569930744e+00
451 -4.1799276670923167e+00
452 3.6070204076232852e+00
453 -4.7073166079727038e+00
454 -2.0670494911384831e+00
455 -3.0500561230401391e+00
456 3.7596123331705176e+00
457 -2.8788903647752973e+00
458 -3.7381526712469797e+00
459 1.2046985287135941e+01
460 5.7876072133718521e+00
461 6.3166375756647239e+00
462 -3.5086345442919398e+00
463 -3.7287733528952520e+00
464 1.4630034998283620e+01
465 5.5523442038139121e+00
466 9.7461303351492585e+00
467 2.0707383588489678e+00
468 -3.5007003817614413e+00
469 -3.1179039421207246e+00
470 1.1559531802622871e+01
471 6.5487607111384900e+00
472 -1.5304583766096123e+00
473 1.1572102082143045e+01
474 -3.8782470050790843e+00
475 1.4982145769576684e+01
476 -2.7175202236689739e+00
477 3.0246030974316143e+00
478 -4.9234159098924284e+00
479 3.5126140606623029e+00
480 -3.6430046174533532e+00
481 8.4201456330802582e+00
482 -4.7065761751840309e+00
483 -3.7672825957368525e+00
484 -3.3361393861639370e+00
485 1.2772267560411592e+01
486 6.8575655690554358e+00
487 2.0452956156297772e+00
488 9.8821382576388483e+00
489 -2.1391696642074502e+00
490 -2.9575386200751441e+00
491 -2.3340129827328266e+00
492 -3.5522815249283521e+00
493 7.9261462418116340e+00
494 -3.5193419944014090e+00
495 -3.2557314431565283e+00
496 -5.5547520215721424e-01
497 1.3374877664218419e+01
498 -2.2082590398772610e+00
499 7.7818580769496553e+00
500 -4.4826797534051677e+00
501 -3.7438941196552888e+00
502 1.5534059310225073e+01
503 -3.4445281948954016e+00
504 -4.2342126777021960e+00
505 -5.1094553138542640e+00
506 5.4244225826078809e+00
507 8.2216017885635644e+00
508 -3.6286398965654687e+00
509 1.0456757910977620e+01
510 9.2183415700168503e+00
511 -2.8258316885067858e+00
512 -4.7409468830622075e+00
513 -3.9156668657942064e+00
514 1.3734992531872155e+01
515 -3.0654700578349772e+00
516 7.1730440284108639e+00
517 -3.8088480955325519e+00
518 -2.7153296138249683e+00
519 -4.3183071784117173e+00
520 -3.7213520380812057e+00
521 -4.8848280868997147e+00
522 -3.1233459644258077e+00
523 1.4830158610641123e+01
524 -3.7195723434419858e+00
525 -4.2390955125626384e+00
526 8.5185171633879531e+00
527 9.7845963249349150e+00
528 7.6346698542996290e+00
529 1.1364631323590931e+01
530 -2.4734459707167695e+00
531 -1.7536962013228328e+00
532 -3.4980931083002864e+00
533 8.3707758406051500e+00
534 -4.9899012311952848e+00
535 -3.6245146788073779e+00
536 -3.7060707004264164e+00
537 -3.8345202227819875e+00
538 -3.2405754534205915e+00
539 5.7399297954097150e+00
540 -3.5516698066037087e+00
541 -5.1151059897498126e+00
542 8.2318673095764741e+00
543 -3.6939067919364086e+00
544 -3.7018786650867432e+00
545 -1.6077984962415153e+00
546 6.8386963393652955e+00
547 1.1033875064948720e+01
548 -3.1109787428901869e+00
549 -2.8075922162319178e+00
550 -3.9285994758540390e+00
551 6.0389223352885546e+00
552 -3.5904499365128069e+00
553 -3.8093541251948908e+00
554 1.0629756230916874e+01
555 5.2515132030232579e+00
556 -3.5661264448021690e+00
557 -9.3409297346583786e-01
558 7.0097285265234017e+00
559 -3.4211479229702038e+00
560 9.6263503875486940e+00
561 -3.1080643546075577e+00
562 1.3238144485377420e+01
563 -3.1449925421406202e+00
564 -3.9187259021787564e+00
565 -4.3786030753099672e+00
566 6.0508346819365286e+00
567 -3.3829772784911274e+00
568 -3.4215952501806970e+00
569 -4.0526635432682374e+00
570 9.8488414940342661e+00
571 -3.6897646474357249e+00
572 -3.8160331250712791e+00
573 -3.6102909595613091e+00
574 -4.2200245594734360e+00
575 5.6347991590038635e+00
576 -3.6518113566305370e+00
577 -4.0265829861870204e+00
578 1.4488971694150404e+01
579 -3.5838173241015898e+00
580 -3.5759939553648721e+00
581 4.0739963200059108e+00
582 -3.8681572134575317e+00
583 -3.7224810720914872e+00
584 -4.0285523895547657e+00
585 6.7390455962791149e+00
586 -4.0613903296021547e+00
587 -3.5998441693119250e+00
588 -3.9196840484316873e+00
589 3.0449308288148238e+00
590 -3.7533155701392955e+00
591 -4.3703685376760966e+00
592 -2.2330276806137395e+00
593 -3.7523316027472355e+00
594 7.3006503663092790e+00
595 -3.9599586387027337e+00
596 -4.1717408704702530e+00
597 -3.4513578444994870e+00
598 -5.0681755721479789e+00
599 5.7850756127768852e+00
600 -2.0337668407182234e+00
601 4.1571399935408397e+00
602 -3.4736995042026972e+00
603 -2.4650884541100035e+00
604 -3.9006965148780459e+00
605 -4.0833008827880812e+00
606 1.0628971115107953e+01
607 -2.8651755949312863e+00
608 -3.6226332369504468e+00
609 -3.4629256162079849e+00
610 -3.4510886657740003e+00
611 -5.1424145242668891e+00
612 -3.5645072075006006e+00
613 -2.0892306394381639e+00
614 -4.0737935369174307e+00
615 -3.6250098961184567e+00
616 -3.6706000251481004e+00
617 -3.4011789627985607e+00
618 1.2578871044684888e+01
619 5.2946654948064893e+00
620 -3.5227067916024857e+00
621 -3.8639970763629092e+00
622 -4.3000330147036596e+00
623 6.6427398588481745e+00
624 5.3991842929215668e-02
625 -3.2848414682997147e+00
626 8.4043033861869798e+00
627 -3.9191147163921012e+00
628 8.4037972047826663e+00
629 -3.8439124229995345e+00
630 -3.7464124015567233e+00
631 5.1558022581383502e+00
632 1.1281374408335637e+01
633 -3.8585545666430332e+00
634 -3.4147821152079385e+00
635 -3.5761368727225018e+00
636 7.4569388378863026e+00
637 9.3309907973294823e+00
638 -3.8430188331068744e+00
639 -4.3707018001620384e+00
640 9.0831092980423502e+00
641 -3.8805470304247343e+00
642 -3.3732857002563184e+00
643 -3.4471005172088240e+00
644 -3.7171353690519600e+00
645 -4.0778013117645306e+00
646 -3.7535502115680224e+00
647 -3.4833135669314172e+00
648 -3.7895963988875181e+00
649 -4.4258130733013585e+00
650 1.0044172442189039e+01
651 -4.1509709740635339e+00
652 -4.6422823560599671e+00
653 -4.6209210111559536e+00
654 -4.4107664974381846e+00
655 -3.7108190202749713e+00
656 -3.6623326087906367e+00
657 1.3063951722816663e+01
658 -4.0366937625831616e+00
659 4.1060984835615457e+00
660 6.9566958691953760e+00
661 -5.9587958055004400e+00
662 -3.6415750120317183e+00
663 -3.7886746094448038e+00
664 -5.2468104678496275e+00
665 -4.6976111478657838e+00
666 -3.2476584773080450e+00
667 -3.9010887631236204e+00
668 -3.6932391046349857e+00
669 -3.1940179686841348e+00
670 -3.4311229018392222e+00
671 -3.6064415478061140e+00
672 -3.5262010347839476e+00
673 -4.7506426154922519e+00
674 -4.7815873860654525e+00
675 -4.4294691108685758e+00
676 1.1343613488392300e+01
677 6.5430842498700139e+00
678 -2.3883864767713026e+00
679 -3.6955082276552682e+00
680 -3.6387857486774253e+00
681 -3.7785760857682202e+00
682 6.8493333609921718e+00
683 -3.4413610177542231e+00
684 -4.5915383498982774e+00
685 -3.5874782614071363e+00
686 -3.5833876678529122e+00
687 -3.8186302540913810e+00
688 -4.0455370029578344e+00
689 -3.7008491867773734e+00
690 1.3099439657076768e+01
691 -3.9660395144585161e+00
692 -3.3418644578646832e+00
693 -4.4900491454756626e+00
694 -3.5986513530954412e+00
695 -3.8658855270359842e+00
696 -5.0205969850784147e+00
697 -3.9163593477114147e+00
698 1.6077899029042193e+01
699 -4.0467180136025291e+00
700 -4.3866622442806502e+00
701 -3.6658621989112272e+00
702 -3.9904087009746365e+00
703 -3.9618196357365578e+00
704 -3.8334766268199600e+00
705 -3.9181317285023307e+00
706 6.4050737589573936e+00
707 -3.7580226440277138e+00
708 -3.6899420652383572e+00
709 7.4539316321184534e+00
710 -3.8478962587199175e+00
711 -3.5979406665938845e+00
712 -4.9683681924487182e+00
713 -3.8230175291726765e+00
714 -3.8888341385022698e+00
715 -4.3721525062454800e+00
716 -3.9775833890884589e+00
717 -3.5425704640974351e+00
718 -3.6556467950727058e+00
719 -3.9107205408751735e+00
720 -4.4324450376138396e+00
721 -3.7097403273376730e+00
722 -3.7401532618159532e+00
723 -4.9302757908963146e+00
724 -3.6112077884190943e+00
725 1.7462474570568830e+01
726 -4.3871026829158204e+00
727 -3.7710101311221229e+00
728 -3.7286857546432746e+00
729 1.1140365211020697e+01
730 -3.9524671882328448e+00
731 -5.0858532768119495e+00
732 6.6469971443869955e+00
733 -3.6706047029870219e+00
734 -3.5410960601807799e+00
735 -3.8109712140645313e+00
736 -4.2088452449265104e+00
737 -4.7202687681827573e+00
738 -3.9282599764057311e+00
739 -3.6607122539605967e+00
740 5.5275162964373283e+00
741 -4.2948162618796397e+00
742 -3.8295735515006641e+00
743 -3.6540780000616597e+00
744 -4.2541947149655046e+00
745 -3.6944221750392803e+00
746 -4.2965259027466320e+00
747 -3.4068346478256384e+00
748 5.9563864794373869e+00
749 -3.9266527133106988e+00
750 -4.6650844203265587e+00
751 -4.0086069931171222e+00
752 -3.9946991183033558e+00
753 -3.7999549568913080e+00
754 -3.8921234436399672e+00
755 -3.8529296627401064e+00
756 -3.7578539406635438e+00
757 -3.5321655783858592e+00
758 -4.6121801882704920e+00
759 -4.1314488870181005e+00
760 -3.9400177127122498e+00
761 -4.1960725377777699e+00
762 -3.7777634308399288e+00
763 -1.7385463767636744e+00
764 -4.2725750226120116e+00
765 -3.8896365752038298e+00
766 -3.7327134447091641e+00
767 -3.6169889277865312e+00
768 -4.2796196713555661e+00
769 -4.4428759647648466e+00
770 -3.7689887266219833e+00
771 -4.3756912700692316e+00
772 -4.6292275575229995e+00
773 -3.7940999356570706e+00
774 -4.3604559496947575e+00
775 -3.7493666759493407e+00
776 -5.5953889960228214e+00
777 -4.0444121005590761e+00
778 -4.5471801297092380e+00
779 -3.4876335419268072e+00
780 -4.9978250663758264e+00
781 1.2674216085394844e+01
782 -4.9260759553372626e+00
783 -5.3738823276871486e+00
784 -3.5449323361182108e+00
785 -3.5533784814764333e+00
786 -5.6207033604559076e+00
787 -3.4679094939848660e+00
788 -4.6344954502156286e+00
789 -3.6252460500105372e+00
790 -5.3232505321827910e+00
791 -3.4093778823494700e+00
792 -3.8829061229110775e+00
793 -3.9498722455512483e+00
794 -3.9700256102063740e+00
795 -3.8918827504216620e+00
796 -3.8733616031261442e+00
797 -4.4971279507337130e+00
798 -5.0859084956081695e+00
799 -4.4360336935851210e+00
800 -3.6128731051564142e+00
801 -3.9230402917325620e+00
802 -4.8768487272361867e+00
803 -3.9794390083070392e+00
804 -3.9012710198797067e+00
805 -4.0494320181176988e+00
806 -4.2611222617176852e+00
807 -3.6345444563319194e+00
808 -4.2088869460987253e+00
809 -3.8541387103245452e+00
810 -3.5121172723706295e+00
811 -4.0504060361045768e+00
812 -3.7660665554344464e+00
813 -4.0728389368690925e+00
814 -4.3967867205704234e+00
815 -5.0372527032973151e+00
816 -3.6979889279624940e+00
817 -4.1437720472955624e+00
818 -3.6261529144952642e+00
819 -3.6990060021872773e+00
820 -4.4841468379007177e+00
821 -3.9337444299392961e+00
822 -3.0295706068827797e+00
823 -3.0574851428149863e+00
824 -5.2332488199977512e+00
825 -3.3683684624599728e+00
826 -4.4469831982392458e+00
827 -5.7114712182049718e+00
828 -3.9349341040955750e+00
829 -4.5898868277348326e+00
830 -3.8718478907180574e+00
831 -3.7953494267896644e+00
832 -5.1598230524137980e+00
833 -4.0358037574765664e+00
834 -4.8077836604692257e+00
835 -4.3296461764633243e+00
836 -4.9898616824535660e+00
837 -3.8390922753888850e+00
838 -3.5811622413550053e+00
839 -3.5441009864042368e+00
840 -5.2550161905731683e+00
841 -4.3618988649060624e+00
842 -4.1787177298907148e+00
843 -4.7263681234898067e+00
844 -4.3843411915260857e+00
845 -3.7636254818424897e+00
846 -4.4108249902487318e+00
847 -3.6938582556565325e+00
848 -4.2226634504152125e+00
849 -3.7979661591587730e+00
850 -4.4964857433053567e+00
851 -3.9729733302575974e+00
852 -3.7949291449240752e+00
853 -3.6630002221223323e+00
854 -3.8765714200265999e+00
855 7.2120220401456931e+00
856 -3.7232621758086966e+00
857 -4.3133873407343106e+00
858 -4.5464473288355611e+00
859 -4.0853186987111432e+00
860 -4.0086828101190024e+00
861 -4.1467304646956507e+00
862 -3.8513139104041310e+00
863 -3.6228934283617220e+00
864 -4.0920886154079001e+00
865 -4.0409916045320697e+00
866 -3.9854052977907970e+00
867 -4.1681945233011009e+00
868 -4.8392389615408122e+00
869 -3.9496684566348548e+00
870 -3.7991706472950377e+00
871 -4.1147296406235387e+00
872 -4.3134124794867175e+00
873 -5.1126258900107464e+00
874 -5.8132902946290450e+00
875 -4.2559833173993189e+00
876 -3.5440148410763856e+00
877 -4.4355797327084368e+00
878 -3.6374713219278854e+00
879 -3.0852744531172189e+00
880 -3.7381435544872819e+00
881 -3.4589897090270099e+00
882 -3.6477974970524145e+00
883 -4.8429182067480090e+00
884 -3.8251603103038589e+00
885 -5.4837727074463221e+00
886 -3.8270787355363138e+00
887 -3.7457533065649420e+00
888 -3.7832771782754415e+00
889 -4.1341072848240223e+00
890 -3.6255390519338411e+00
891 -3.7637258681980503e+00
892 -4.0767105664393881e+00
893 -3.8132707160881982e+00
894 -4.2499262966074767e+00
895 -3.9837068107761326e+00
896 -3.9004626257200803e+00
897 -3.9911859527625722e+00
898 -4.2502173097537197e+00
899 -5.0736090166235730e+00
900 -4.2163324333923802e+00
901 -3.6779560562103679e+00
902 -5.6256396223374106e+00
903 -3.9684751789298716e+00
904 -5.3433688131376993e+00
905 -4.8385005368115541e+00
906 -4.7224495757317095e+00
907 -3.9108833171644810e+00
908 -3.5524364220429590e+00
909 -4.0917919294957921e+00
910 -3.6168223777203039e+00
911 -3.9905632034162952e+00
912 -3.7591659089626419e+00
913 -3.7379188788238258e+00
914 -5.1154191702913554e+00
915 -3.7157341990760897e+00
916 -3.2911168055894682e+00
917 -3.4529316028833930e+00
918 -5.5738703474325630e+00
919 -4.4262824655368558e+00
920 -3.8488258275245566e+00
921 -3.9413921664614660e+00
922 -4.5704976186329604e+00
923 -4.0231638153352751e+00
924 -3.7470082876476232e+00
925 -3.7151335658126272e+00
926 -4.0838069730437656e+00
927 -3.6584351654920346e+00
928 -3.8358684155215066e+00
929 -3.5676965564825429e+00
930 -3.8704283693491526e+00
931 -4.1664333711278942e+00
932 -3.7061048616201746e+00
933 -3.8426943798891124e+00
934 -3.9998187094292752e+00
935 -4.5059824225575831e+00
936 -3.5142655042000430e+00
937 -3.6008891097967628e+00
938 -4.4620478147856453e+00
939 -3.7676447555325252e+00
940 -3.8977158638333194e+00
941 -3.7884385663563789e+00
942 -3.7249093425368214e+00
943 -4.7759453662041675e+00
944 -3.4793213592988459e+00
945 -3.3078123247045119e+00
946 -4.0440827577237961e+00
947 -4.0183201120898362e+00
948 -3.5386043979708002e+00
949 -3.9731034227550697e+00
950 -3.8149711153635706e+00
951 -4.7315736024739605e+00
952 -3.7478321291328967e+00
953 -1.9815091160718257e+00
954 1.2614997462795305e+01
955 1.1875546897927421e+01
956 1.4933578232965658e+01
957 -3.3562151594540159e+00
958 1.1850568392746029e+01
959 3.7168069954300718e+00
960 -2.9129735412430993e+00
961 7.8246422526936596e+00
962 3.6431573954067784e+00
963 -3.5961769210669825e+00
964 -3.5205764951688621e+00
965 -3.1618610815945947e+00
966 -3.1568764255724644e+00
967 -2.4544817424692469e+00
968 -3.7017632602387769e+00
969 -3.3164655338261775e+00
970 -3.3724539077532509e+00
971 -3.3780126896525204e+00
972 -3.3166307857290644e+00
973 -3.6837771522869249e+00
974 -3.2376983712257643e+00
975 -3.2649762048375734e+00
976 -3.1882907866167010e+00
977 -3.7010841846908580e+00
978 -3.7243980388578923e+00
979 -3.6516249345013212e+00
980 -3.3846641391976271e+00
981 -3.5453261510846925e+00
982 -3.6353754913927712e+00
983 -3.3842655721786770e+00
984 -3.5392437430483246e+00
985 -2.9732829490589641e+00
986 -3.3516996638716590e+00
987 -3.1560706563208316e+00
988 -3.7389012776709594e+00
989 -3.2223056823460472e+00
990 -3.4338194202115551e+00
991 -3.8458009121980501e+00
992 -3.7190579557531040e+00
993 -3.9257789994494265e+00
994 -3.6096754203860186e+00
995 -2.3098903369113559e+00
996 -2.7471985280818170e+00
997 -3.6136180617358384e+00
998 -3.6713802019917372e+00
999 -3.6812840215345597e+00
1000 -3.3595215087648018e+00
1001 -3.2467663105759690e+00
1002 -3.4703499763030630e+00
1003 -3.2817329302231304e+00
1004 -3.8038205443022397e+00
1005 -3.8742456282434148e+00
1006 -3.6329489638744157e+00
1007 2.6858554484946406e+00
1008 -3.6951151026858970e+00
1009 -3.6040499302187605e+00
1010 -3.4966194248721232e+00
1011 -3.5034119550877652e+00
1012 -3.6885997880152135e+00
1013 4.3991432463904552e+00
1014 -2.7332495429991899e+00
1015 -3.1543645914997547e+00
1016 -3.2781602950672859e+00
1017 -3.1358592751155836e+00
1018 -2.9202051185209821e+00
1019 -3.9918078124054204e+00
1020 -3.6937967467852140e+00
1021 8.9846332892938747e+00
1022 -2.9232751678351443e+00
1023 -3.7014307910917026e+00
1024 -1.4155040071195628e+00
1025 -2.9740800745629872e+00
1026 -3.4648764242360537e+00
1027 -3.5711536037916751e+00
1028 -3.3409774446488369e+00
1029 -3.3534797923888853e+00
1030 -3.6565853647142719e+00
1031 -3.5088987070228823e+00
1032 -3.2363784165234661e+00
1033 -3.0041248336487167e+00
1034 -3.3623059833306419e+00
1035 -3.4280018458299719e+00
1036 -3.6303541909009844e+00
1037 -3.2928717789174482e+00
1038 -3.2517366599902835e+00
1039 -2.6262238649867609e+00
1040 -3.6121728198322010e+00
1041 -3.5776089706136620e+00
1042 -3.7995789223593679e+00
1043 -3.4817312803608802e+00
1044 -3.7500262354615579e+00
1045 -2.7752292215161880e+00
1046 -3.5725732735620577e+00
1047 -3.4963497110935799e+00
1048 -3.4841197065924354e+00
1049 -2.8569327337616572e+00
1050 -3.6447366857877408e+00
1051 -3.2744759909513745e+00
1052 -3.3278113364521529e+00
1053 -3.7340000417991703e+00
1054 -3.1425673145437591e+00
1055 -3.6301091405254420e+00
1056 -3.6219711927079290e+00
1057 3.3484764029760758e+00
1058 -3.3335297530465517e+00
1059 -3.5700023434667258e+00
1060 -3.4078706552859375e+00
1061 1.2967651849816067e-01
1062 -3.3462860361134474e+00
1063 -3.3476647187229318e+00
1064 -3.4539956040960762e+00
1065 -3.1443223955895383e+00
1066 -3.3610697847031106e+00
1067 -2.6463556572103326e+00
1068 -3.4414836419378814e+00
1069 -3.3508955415170685e+00
1070 -3.7462973788374985e+00
1071 -4.0030154083654894e+00
1072 -3.6023238547610590e+00
1073 -2.7716343830666692e+00
1074 3.0546825648713707e+00
1075 -3.7268811014793668e+00
1076 -3.2651073818425500e+00
1077 7.7045422017603515e+00
1078 -3.3649849046518212e+00
1079 -3.6528021050973143e+00
1080 -3.1319657903129468e+00
1081 -3.0268956161282015e+00
1082 -3.4245947843238618e+00
1083 -3.5878983759576082e+00
1084 -3.5675455500903568e+00
1085 -3.1693736882526200e+00
1086 -3.3874326752749604e+00
1087 -3.8427320035937149e+00
1088 -3.2641517525226655e+00
1089 -3.9106690545910467e+00
1090 -3.5116765223790529e+00
1091 -3.5195301776872125e+00
1092 -3.5223115672221623e+00
1093 -3.2043031191318727e+00
1094 -3.5071810096474514e+00
1095 -1.6212175790444510e+00
1096 -3.7647922624362535e+00
1097 -4.0485378240823024e+00
1098 -3.3115411408512911e+00
1099 -3.1396729565786958e+00
1100 -3.6155736196690884e+00
1101 -4.0591735851502673e+00
1102 -3.6791550590591182e+00
1103 -2.4553444771218027e+00
1104 -3.5351833207579815e+00
1105 6.3176078583649344e+00
1106 -3.0721509772698266e+00
1107 -3.1319161760178189e+00
1108 -3.2362406998114581e+00
1109 3.9336246346388850e+00
1110 -3.6899690776229273e+00
1111 1.1903158267994639e+01
1112 -3.2895279560158306e+00
1113 -3.7245358994734294e+00
1114 -3.2639326609053754e+00
1115 -3.3292527159601470e+00
1116 -3.6429157674607309e+00
1117 -3.4037011162061339e+00
1118 -3.5067566861559394e+00
1119 -3.7866954934618584e+00
1120 -3.5858171244037251e+00
1121 -2.0850567836127276e-01
1122 -3.2763588105131141e+00
1123 -1.9844789369579448e+00
1124 -3.4756500638813113e+00
1125 8.4309987515531564e+00
1126 -3.5124712564235261e+00
1127 -3.5992406108425019e+00
1128 2.7211428128154487e+00
1129 -3.4929308850135823e+00
1130 -2.8939363799516036e+00
1131 2.2570699314832594e+00
1132 -3.0108966768344394e+00
1133 -3.2937788124712588e+00
1134 2.9383802300892055e+00
1135 -3.9596982256973434e+00
1136 -3.7659717584917103e+00
1137 9.1495806176498746e+00
1138 7.3945065192453159e+00
1139 -3.3384194172813570e+00
1140 2.0144611392021541e+00
1141 -2.5540264944953193e+00
1142 -3.2641499582756088e+00
1143 -3.5082331986979494e+00
1144 -3.4546384604959806e+00
1145 4.6506194255376139e+00
1146 -3.5430625206914472e+00
1147 -3.4352317840740798e+00
1148 8.6655353655457343e+00
1149 -3.5504173715095577e+00
1150 -3.7005528399194323e+00
1151 -3.4969464142750644e+00
1152 7.4006326566516867e+00
1153 -3.8857533940103064e+00
1154 -3.5475681432434971e+00
1155 -2.6367751388878311e+00
1156 5.8087003651105658e+00
1157 -3.3722920675024008e+00
1158 -3.6779427546029808e+00
1159 4.6631407496917161e+00
1160 6.8137568513782263e+00
1161 6.2768946740898848e+00
1162 8.8353979331509738e+00
1163 6.3888339206005123e+00
1164 -3.4027535990583111e+00
1165 -3.5354723832666908e+00
1166 -7.4926896549100841e-01
1167 -3.8805125930639743e+00
1168 4.8632058506681863e+00
1169 1.4308046596643991e+00
1170 -2.7947599707057162e+00
1171 2.7064512281061366e+00
1172 -3.0516375730714458e+00
1173 -2.2481825537645701e+00
1174 3.2912761501160550e+00
1175 -3.4625805601766966e+00
1176 -2.0834188836947605e+00
1177 3.4725098826455305e+00
1178 -9.4063206728781767e-01
1179 -2.8329533436057472e+00
1180 5.2389063854555076e+00
1181 -2.9574293797549616e+00
1182 4.9624255786474256e+00
1183 1.4444085849409763e+01
1184 -1.1251065758018484e+00
1185 1.1674574831321022e+01
1186 -3.6137334939258503e+00
1187 5.6165743165803477e+00
1188 3.6353923780539064e+00
1189 8.7697893248675580e+00
1190 -1.9175062002843584e+00
1191 -3.6362533103408134e+00
1192 5.2679389588930094e+00
1193 -3.7360854203938039e+00
1194 1.0699072545108123e+01
1195 9.2896031989201848e+00
1196 3.7335160229043911e+00
1197 -2.5016685836331587e+00
1198 -1.1868657217700069e+00
1199 1.0017195425421463e+01
1200 -2.7036658082929250e+00
1201 -3.1905426674657571e+00
1202 7.1467255472267670e+00
1203 6.1598988631372720e+00
1204 -2.9205202517755438e+00
1205 -2.6101289488882782e+00
1206 -1.8516064541029862e+00
1207 7.7089314392993211e+00
1208 3.7145507124686166e+00
1209 9.2038711476454953e+00
1210 -2.9659752937053976e+00
1211 7.4514588060267384e+00
1212 2.7648818396281072e-01
1213 -2.7979628171872086e+00
1214 4.7724499850138198e+00
1215 -2.0849081250042998e+00
1216 -2.3074261121711461e+00
1217 5.0562057997975822e+00
1218 -3.6517950590383395e+00
1219 -3.6371967573208592e+00
1220 -2.3828964475995389e+00
1221 -2.8267132315181396e+00
1222 1.4225860386210802e+00
1223 8.2720234262959789e+00
1224 -3.5251259450479324e+00
1225 -3.3518863280603330e+00
1226 -1.1977893655677387e+00
1227 -3.5996366550883354e+00
1228 -3.4490053400754466e+00
1229 -3.3294440965857293e+00
1230 -3.3735479647960060e+00
1231 4.2853987497057968e+00
1232 -3.4070794388140202e+00
1233 -2.5064440436458639e+00
1234 -2.6124238695913795e+00
1235 -9.0542893465012253e-01
1236 5.5999576700033051e+00
1237 4.2970943348593282e+00
1238 -3.6604338241566956e+00
1239 -3.0713669927947849e+00
1240 -1.1217886155274432e+00
1241 -3.4257234786454767e+00
1242 -3.4664404578919079e+00
1243 1.2585404789622558e+01
1244 -1.0981863227264688e+00
1245 4.0931595561096676e+00
1246 -2.8391377592377247e+00
1247 -2.6200955100180350e+00
1248 -2.9524231800054368e+00
1249 6.8936244480662952e+00
1250 8.4789476584457280e-01
1251 9.5350409027966219e+00
1252 -3.6284577221948155e+00
1253 4.7069361294677918e+00
1254 -3.6655761547416219e+00
1255 2.5853695745036340e+00
1256 8.7038811802240392e+00
1257 -2.0824801755803404e+00
1258 -3.3465829446858000e+00
1259 7.9820078558291687e+00
1260 -2.6132831593349164e+00
1261 -2.9381426111810063e+00
1262 8.8255432208052031e+00
1263 -3.4779428438198945e+00
1264 -2.5461655851109253e+00
1265 2.2248927042498883e+00
1266 -3.4189460222668999e+00
1267 -2.7005798426465977e+00
1268 8.7221841316939610e+00
1269 -1.8113266307254001e+00
1270 2.2265950277872708e+00
1271 -3.2090889008219068e+00
1272 -4.1407936412827020e+00
1273 9.3447255094505177e+00
1274 4.1775355808327692e+00
1275 -3.1018113180054590e+00
1276 -2.3085460833321880e+00
1277 -2.8328515972738040e+00
1278 -3.4840907716007790e+00
1279 -3.3023742523558415e+00
1280 1.3380001307136938e+01
1281 -2.9605657967651942e+00
1282 -3.2882138835645098e+00
1283 -3.3052162364958049e+00
1284 2.2878904290074389e+00
1285 -3.2524629780643339e+00
1286 -3.4589902073668144e+00
1287 -3.0479941909542236e+00
1288 -1.2858535333665774e-01
1289 -3.5164851673660564e+00
1290 1.0921837286434124e+01
1291 2.6703885220399024e+00
1292 1.0186535144730005e+01
1293 1.0732465580149904e+01
1294 -3.1324868554096885e+00
1295 -4.0882466357638210e+00
1296 5.1997178001512623e+00
1297 -2.3392460225663290e+00
1298 -1.5506798611512365e+00
1299 -3.1361681127167658e+00
1300 -8.9362174091011226e-01
1301 -3.6497270965150532e+00
1302 4.6744794653994770e+00
1303 -3.4315448766953924e+00
1304 -2.5745733871593814e+00
1305 1.1134833007081111e+00
1306 4.8668674440034305e+00
1307 6.7141401171247050e+00
1308 1.0217132442629890e+01
1309 -3.3028212582726146e+00
1310 8.0818415072386482e+00
1311 4.0595388110733150e+00
1312 2.6103642986943774e+00
1313 -3.3633075860439456e+00
1314 4.8797691895463258e+00
1315 -1.2974250445505386e+00
1316 1.3023306071585935e+01
1317 1.2259460520847911e+01
1318 2.8979699264289360e+00
1319 3.6775138060981840e+00
1320 -4.3333433674857647e+00
1321 4.8640492191793321e+00
1322 9.3783793680080727e+00
1323 -1.8395015459650366e+00
1324 1.6138344326657503e+00
1325 5.7077012295707412e+00
1326 -5.1132299424502268e+00
1327 7.6959906710489152e+00
1328 -3.3875265913556349e+00
1329 -4.0276815197111633e+00
1330 6.7664072195821570e+00
1331 1.6567277784147869e+01
1332 -3.5218346864058336e+00
1333 -1.2355836109886382e+00
1334 1.4033813590712665e+01
1335 9.5181142227292135e+00
1336 1.0862100260829944e+01
1337 2.8872769821538276e+00
1338 -2.7086179054549331e+00
1339 -3.0620211774733366e+00
1340 7.5838954212906735e+00
1341 -4.4418280615975432e+00
1342 9.0025234343194693e+00
1343 -3.5157133124076410e+00
1344 -4.7866926766589728e+00
1345 6.8515656226685921e+00
1346 -3.6786147077191544e+00
1347 2.5763061988949794e+00
1348 9.8519148248913080e+00
1349 -4.6285165119400817e+00
1350 4.4166526925573750e+00
1351 1.1267524618895916e+01
1352 8.1483104611641011e+00
1353 1.0314794697639496e+01
1354 5.2596939380108587e+00
1355 6.6444213793560296e+00
1356 4.2277942373494790e+00
1357 1.1945902503966499e+01
1358 -3.4175337628646938e+00
1359 3.5031299093666179e+00
1360 -1.7873343184403792e+00
1361 -1.8131971257539685e+00
1362 -4.0667360562196508e+00
1363 2.5028648546650156e-01
1364 4.8510375993351289e+00
1365 -3.3041603254061882e+00
1366 6.8677565191413406e+00
1367 -1.0864928088442320e+00
1368 -2.9973618802490898e+00
1369 2.1501298564067661e+00
1370 1.5092821614175183e+01
1371 6.2888327268243920e+00
1372 -3.7829688039207663e+00
1373 -3.3981272760581729e+00
1374 -1.7724253141838429e+00
1375 -4.0174794560300287e+00
1376 3.4046173858412465e+00
1377 6.2022271662643451e+00
1378 -7.3900829371392851e-01
1379 1.2424430150074221e+01
1380 5.4344333663657354e+00
1381 1.1427050071998377e+01
1382 8.6770603785511309e+00
1383 1.2200984840971573e+01
1384 -3.6134633993675904e+00
1385 8.8484585126856476e+00
1386 5.8661333105537876e+00
1387 1.5261889117330631e+01
1388 3.0639868924814571e+00
1389 4.8289925059520202e+00
1390 -3.6341744504608027e+00
1391 8.1388983307898890e+00
1392 -3.3781885676921739e+00
1393 1.4733908429180067e+01
1394 1.0598905905960724e+01
1395 6.0320912875649038e+00
1396 -2.3630220265401851e+00
1397 -3.0310585402223342e+00
1398 -4.2102178395067522e+00
1399 9.3950929916642636e+00
1400 -3.0117836976402454e+00
1401 6.3282064578496362e+00
1402 8.0932458333788055e+00
1403 -4.2843461645141794e+00
1404 1.1496802154568128e+01
1405 5.4569596467213399e+00
1406 6.8691832234157788e+00
1407 -3.8012069348241773e+00
1408 9.1945231772849514e+00
1409 -3.6564178684882771e+00
1410 -3.1088064002159546e+00
1411 -6.1343379679170906e-01
1412 6.5568217051428421e+00
1413 -3.8063656536186428e+00
1414 -4.7548533450423838e+00
1415 7.0173987996593770e+00
1416 -4.4631425138112952e+00
1417 6.0352452145772926e+00
1418 -4.8106617288377471e+00
1419 -3.7387856684092986e+00
1420 6.8676080769121493e+00
1421 -3.5630950484558253e+00
1422 1.3649352373491707e+01
1423 8.0752432659799993e+00
1424 1.6807415337345844e+01
1425 7.1521827904248765e+00
1426 1.8826735269783574e+00
1427 -3.9919485075933396e+00
1428 -3.4419712770301509e+00
1429 1.1402465391500066e+01
1430 9.4765515514831247e+00
1431 3.3246203922964819e+00
1432 -5.7898835244904845e+00
1433 1.1791598955248396e+01
1434 2.9940958561047712e+00
1435 1.1601317383236491e+01
1436 -3.4824330281883533e+00
1437 1.2395559324607291e+01
1438 1.2624807726315145e+01
1439 1.5708045553432532e+01
1440 7.2650776271999780e+00
1441 5.3107118062789800e+00
1442 -4.5130332438417886e+00
1443 6.1575695115136009e+00
1444 -3.7396169825458800e+00
1445 6.7691947219542765e+00
1446 -3.4027117963674769e+00
1447 -4.1178962212260330e+00
1448 -3.7950862527270970e+00
1449 -3.3855108559023299e+00
1450 7.7152056502330879e+00
1451 -4.6541045861330304e+00
1452 -4.4886329212312699e+00
1453 7.4624226378223977e+00
1454 8.0429648550507249e+00
1455 -3.7366577786631683e+00
1456 6.6365210473157275e+00
1457 -4.7908571181048201e+00
1458 -4.6184005842406579e+00
1459 -4.2779803190681251e+00
1460 7.1899553695296303e+00
1461 9.6263943470506437e+00
1462 1.3734323259159712e+01
1463 6.5256824337196715e+00
1464 9.6674619096475833e+00
1465 7.1656640344026155e+00
1466 1.2810581875694666e+01
1467 -4.5196987002586173e+00
1468 -3.8611165892681401e+00
1469 3.7762489519355658e+00
1470 -4.2564363146614488e+00
1471 7.7143006145814077e+00
1472 6.7053010672220656e+00
1473 -4.5797895427424287e+00
1474 6.6396324227720669e+00
1475 -4.0718460747011234e+00
1476 -4.0063363324638184e+00
1477 -5.2324735938102247e+00
1478 3.7130671635620915e+00
1479 6.1820536152423102e+00
1480 -3.7092012169884487e+00
1481 -4.2292863078642755e+00
1482 -4.3119558300108398e+00
1483 -4.9706987679354420e+00
1484 -3.8608854835507653e+00
1485 -3.5426240441601786e+00
1486 -3.2003097601337638e+00
1487 9.4418419260531170e+00
1488 4.9460154785177561e+00
1489 1.0735279969114135e+01
1490 -3.6841208018758924e+00
1491 -3.9962728900886200e+00
1492 5.9973448441586230e+00
1493 1.1329158874887659e+01
1494 -3.7096191242368266e+00
1495 -3.3951120256673097e+00
1496 -4.3652660564693884e+00
1497 8.1565580867952914e+00
1498 -4.3677894330057736e+00
1499 4.6393947918233662e+00
1500 -3.3963455007597836e+00
1501 1.0718978422354857e+01
1502 -3.4432171682796717e+00
1503 -3.9105086811575687e+00
1504 4.4513354289887488e+00
1505 4.5820040233430266e+00
1506 -2.9665705325647891e+00
1507 1.0289467177076411e+01
1508 -3.5251155550365385e+00
1509 9.7849093221219992e+00
1510 -4.5332067304091481e+00
1511 -3.7725923841782834e+00
1512 -3.9836760832204599e+00
1513 -3.1511813105284636e+00
1514 7.3656376234582037e+00
1515 -4.1249101416540670e+00
1516 -3.8094130245599986e+00
1517 6.9882710078781942e+00
1518 1.2277193532330921e+01
1519 -5.0625995829027080e+00
1520 -3.5056590780294363e+00
1521 -4.0832144287713277e+00
1522 -4.5926926256487368e+00
1523 -3.7199936004160699e+00
1524 1.1720497362412347e+01
1525 -3.7743773270107321e+00
1526 1.1173275988493700e+01
1527 -7.0132296888136603e-01
1528 -3.3598839947046986e+00
1529 -4.3514702539259336e+00
1530 -3.3594789166602448e+00
1531 8.2218436260138006e+00
1532 -4.4344666715460681e+00
1533 6.9939574496240633e+00
1534 4.2396969538601708e+00
1535 -3.9458753628047023e+00
1536 -3.8936167245279383e+00
1537 9.4421024318644751e+00
1538 -3.9018696949731804e+00
1539 -6.2593371019304822e+00
1540 -3.1867507735839276e+00
1541 -3.5783672084526801e+00
1542 6.9693150314162455e+00
1543 -4.0357027787706077e+00
1544 1.2385026033079189e+01
1545 -2.4774721136104780e+00
1546 6.2519643686958917e+00
1547 -4.7985388688098505e+00
1548 -4.0075946542529852e+00
1549 6.9054366784291634e+00
1550 6.5511181595079711e+00
1551 5.2789639797887462e+00
1552 -3.4828165049711539e+00
1553 -4.0561413667438346e+00
1554 -3.6086142321268508e+00
1555 -4.1250861773996466e+00
1556 -3.4445912282656428e+00
1557 1.0896850101133058e+01
1558 -3.9440859732857283e+00
1559 9.2401634502349648e+00
1560 -4.0665024344678162e+00
1561 4.2415721052447442e+00
1562 9.2346905280215150e+00
1563 -2.9545538491581231e+00
1564 -2.9629826463599054e+00
1565 6.4184137208420609e+00
1566 -3.5452434456437922e+00
1567 -4.5473891647026443e+00
1568 -3.7258985369893902e+00
1569 9.2657864415499454e+00
1570 -3.5969816007058277e+00
1571 1.1265327179645812e+01
1572 6.5732721633597704e+00
1573 1.1405144257639320e+01
1574 9.9339726946977720e+00
1575 -3.5871996742921537e+00
1576 -3.4402309887645224e+00
1577 9.6659456523521019e+00
1578 -4.9757936841396146e+00
1579 8.1787383785420662e+00
1580 -3.8292834374757168e+00
1581 1.1665474498149404e+01
1582 7.4031856052736300e+00
1583 8.4829130476943533e+00
1584 7.6331401399375665e+00
1585 8.6807443350929212e+00
1586 -4.5246673298655340e+00
1587 -3.7047867689762040e+00
1588 -4.5038624212266276e+00
1589 -3.7347920075241952e+00
1590 -3.8607977608083264e+00
1591 -4.1223897095514745e+00
1592 5.1600178645145149e+00
1593 -3.9771267439723323e+00
1594 -4.1917777887038712e+00
1595 -5.0935173260049726e+00
1596 -3.7771393896917389e+00
1597 -4.5548139126145335e+00
1598 -4.0748909873312966e+00
1599 -4.6546088157556094e+00
1600 6.0137327549714454e+00
1601 -4.3475642875388134e+00
1602 7.9894319003114322e+00
1603 -4.1974814920713213e+00
1604 8.6657643215350166e+00
1605 -3.5544878455173934e+00
1606 5.6825595379197607e+00
1607 -4.4807810746133656e+00
1608 6.3742875208258729e+00
1609 1.0020579923191118e+01
1610 -3.8241395016237627e+00
1611 8.3535802580908989e+00
1612 -3.6502087696763801e+00
1613 -4.4674944872423330e+00
1614 8.2732995281863815e+00
1615 -3.6316153750309375e+00
1616 8.3155117909372649e+00
1617 -4.2753324821375260e+00
1618 -3.9494186245485938e+00
1619 -5.5279732463691786e+00
1620 -5.3107521239509952e+00
1621 -3.6775459185525219e+00
1622 -3.1119172815236462e+00
1623 -3.0123438427192619e+00
1624 -3.7162502527177406e+00
1625 7.1097280305417287e+00
1626 1.2053578602464675e+01
1627 8.6080984156732594e+00
1628 7.3658425408195196e+00
1629 4.0267925595822067e+00
1630 1.1483399773551845e+01
1631 8.9670521552966651e+00
1632 1.1512649256090745e+01
1633 -3.3171660254369906e+00
1634 -5.8063652443397125e+00
1635 -4.4395105127071348e+00
1636 5.4980538042238551e+00
1637 -3.9258463924460885e+00
1638 -3.6695678627962969e+00
1639 -3.9202770692709166e+00
1640 -3.5388935813997451e+00
1641 9.7536872689023610e+00
1642 -5.5757471410365556e+00
1643 -3.8587063658543701e+00
1644 5.2069451196769290e+00
1645 -4.4632335673450854e+00
1646 5.9369339598291342e+00
1647 7.7440801588726567e+00
1648 -3.6393192503179428e+00
1649 -3.6864774172816532e+00
1650 -3.3083944091885660e+00
1651 -5.2119685511659499e+00
1652 -4.4664358857397986e+00
1653 -3.5309235689081060e+00
1654 -4.4052566502628672e+00
1655 -3.9430461947552855e+00
1656 5.7871744781184660e+00
1657 -4.3579202093493654e+00
1658 -3.6394744802998447e+00
1659 -3.6417380735418163e+00
1660 9.9880258881190489e+00
1661 9.3731399134012712e+00
1662 -3.5524763929992744e+00
1663 -3.7061742559960043e+00
1664 -5.1135688947044384e+00
1665 -5.0781464118886772e+00
1666 -3.2701786552480816e+00
1667 -4.4552115435877067e+00
1668 -4.6223944908844938e+00
1669 -3.7410411840467490e+00
1670 -4.3821108785172074e+00
1671 7.5152413090451873e+00
1672 6.6673969487700875e+00
1673 -4.1748901280054715e+00
1674 -3.7819316873107685e+00
1675 -4.8859682435958964e+00
1676 -3.5600679186061397e+00
1677 -4.1952368323506839e+00
1678 -3.7533787585969334e+00
1679 5.4780267436576207e+00
1680 -4.0019154005815949e+00
1681 -3.2465160583321979e+00
1682 -4.2468444204945754e+00
1683 -4.8696888300507135e+00
1684 6.7465776963531372e+00
1685 6.4791830892476456e+00
1686 5.9736056976485923e+00
1687 -4.1433598475183251e+00
1688 -3.5720529843376734e+00
1689 -4.2105829875053269e+00
1690 -3.3174052680310404e+00
1691 -4.2964362316083582e+00
1692 -3.9298313875714537e+00
1693 -4.4513497073238337e+00
1694 -3.5806688600934540e+00
1695 -4.2881725828330577e+00
1696 -4.8102262666739071e+00
1697 -3.6967633979363983e+00
1698 1.2990183414524356e+01
1699 -3.8637813716968057e+00
1700 -3.4923530217755387e+00
1701 -5.4022103479177392e+00
1702 -4.2976530590129460e+00
1703 6.7845707787917693e+00
1704 -3.2707903427840783e+00
1705 -3.4809294503608110e+00
1706 -3.3675530655354873e+00
1707 -4.5757624597598996e+00
1708 -4.5226199571946584e+00
1709 -3.9703910996506404e+00
1710 -3.9069824314139274e+00
1711 -5.0068165445662904e+00
1712 -4.0025261158193075e+00
1713 -3.6644851126321538e+00
1714 -3.6864139019990656e+00
1715 -4.0100769679527755e+00
1716 -3.7253719627509860e+00
1717 -3.6762244848322081e+00
1718 -4.8141928159103218e+00
1719 -5.5184495284357107e+00
1720 -4.0110489231800734e+00
1721 -3.4952224183571152e+00
1722 -3.4256179967014795e+00
1723 1.2855178934161545e+01
1724 -4.1496244505347173e+00
1725 -4.5267377136249758e+00
1726 -5.0605641876585494e+00
1727 -3.7556031604159732e+00
1728 -4.7072893680633170e+00
1729 -3.7478297723399612e+00
1730 -3.5956680172963522e+00
1731 1.0741348196186324e+01
1732 -3.6781790681074433e+00
1733 -4.2303665790451008e+00
1734 -4.4833998412308249e+00
1735 -4.0454558325428760e+00
1736 -3.6089023227843797e+00
1737 -4.5097769675639539e+00
1738 -3.4294277289991077e+00
1739 -3.6554402860742323e+00
1740 -4.3213351701247076e+00
1741 -3.9262699683258697e+00
1742 -4.7699050014371114e+00
1743 -3.6796173222172617e+00
1744 -3.9154705311624309e+00
1745 -2.3601337330532410e+00
1746 -3.5954710597125823e+00
1747 -3.6629006625622149e+00
1748 -4.4885847199567959e+00
1749 -5.2132583982085485e+00
1750 -4.8754198354764435e+00
1751 -4.4159918934621789e+00
1752 -3.6035661878123650e+00
1753 -1.1323686996985354e+00
1754 -3.8099271657574381e+00
1755 -3.1134596133462913e+00
1756 -3.6824197448709275e+00
1757 -3.8664527240783859e+00
1758 -4.0713088522391283e+00
1759 -3.5384870413270231e+00
1760 5.4560022402201875e+00
1761 -5.5218809348162647e+00
1762 -5.2335641913327109e+00
1763 -5.0205053313627275e+00
1764 -3.7157621330292603e+00
1765 -4.8275701743698134e+00
1766 -3.7002476706759211e+00
1767 -4.0093053172857154e+00
1768 -3.4957334487912055e+00
1769 -3.8005499269201710e+00
1770 -3.6929494979732018e+00
1771 -4.1846979715712207e+00
1772 -3.8398714938115979e+00
1773 -3.7769680162624026e+00
1774 -3.6124464992224508e+00
1775 4.6521098120191153e+00
1776 -3.3799324367755545e+00
1777 -3.5995296895024658e+00
1778 -3.8949373314764757e+00
1779 -4.4042164154882419e+00
1780 -3.6623081685084036e+00
1781 -3.6955588599805118e+00
1782 -4.6972284241656199e+00
1783 -4.9305437116442254e+00
1784 -2.9253268519365907e+00
1785 -4.6797762488003976e+00
1786 -3.4124322693808353e+00
1787 -3.6487319804112408e+00
1788 -5.3943083228780884e+00
1789 -3.6233984355103392e+00
1790 -3.8250036410679984e+00
1791 -4.1915066527379592e+00
1792 3.4412491650365258e+00
1793 -3.4980550809554902e+00
1794 -4.5582426439599990e+00
1795 -3.5026711118113778e+00
1796 -3.0100631108603881e+00
1797 -4.7534526972295268e+00
1798 -3.6351306824226541e+00
1799 -3.6398815186732563e+00
1800 -4.9042556220720881e+00
1801 -4.6938380427092730e+00
1802 -3.8010832993540578e+00
1803 -3.4092743438295146e+00
1804 -4.6412295443924707e+00
1805 -3.3077933958866739e+00
1806 -3.6297669735910878e+00
1807 -3.6703210926215655e+00
1808 -4.5573611048328564e+00
1809 -3.3437805756499173e+00
1810 -4.2308423411250828e+00
1811 -3.7082276577699558e+00
1812 -3.8575664299416754e+00
1813 -3.6554864012938308e+00
1814 -3.6690822697253784e+00
1815 -3.4298962457326185e+00
1816 -3.8354956926138315e+00
1817 -5.3816440318962542e+00
1818 -3.5763998795271998e+00
1819 -3.4340079519895328e+00
1820 -3.8499139806896321e+00
1821 -3.1084472283172020e+00
1822 -5.5098194463661674e+00
1823 -3.6684421345838043e+00
1824 -3.9715232833693426e+00
1825 -3.5495885661201072e+00
1826 -4.3418336264908701e+00
1827 -4.3442384109626602e+00
1828 -3.5114228047420393e+00
1829 -4.3018118424895890e+00
1830 -4.5259096869261830e+00
1831 1.1461188756846632e+01
1832 -3.4775554347909452e+00
1833 -3.5013266130522700e+00
1834 -3.8760370978528860e+00
1835 -3.7329493365214375e+00
1836 -4.3729773186379779e+00
1837 -3.6835526020428424e+00
1838 -3.5315003749808760e+00
1839 -4.3743454272944886e+00
1840 -3.8560329245177658e+00
1841 -3.7293885884888494e+00
1842 -4.6741540698660922e+00
1843 -3.3223034113066356e+00
1844 -3.4920921007393684e+00
1845 -3.6888482829284706e+00
1846 -3.6952262161652762e+00
1847 -3.9453308122384740e+00
1848 -3.8225652595338220e+00
1849 -3.5093185895891326e+00
1850 -3.8411199345696376e+00
1851 -4.2849025913715177e+00
1852 -3.9239699739840233e+00
1853 -3.1674912286800798e+00
1854 -4.1989244615523305e+00
1855 -3.5190124063965933e+00
1856 -3.7808886255540912e+00
1857 -3.7541926266130408e+00
1858 -3.2541150884200478e+00
1859 -3.8393182258221308e+00
1860 -4.1229453272020340e+00
1861 -3.5702787160432541e+00
1862 -3.6205416253265184e+00
1863 -3.4970333079468041e+00
1864 -3.6322443476584678e+00
1865 -3.8512029124040259e+00
1866 -3.5200462367951038e+00
1867 -3.8639227935842748e+00
1868 -3.7558685181998319e+00
1869 -3.6508275768097658e+00
1870 -3.7026904713830597e+00
1871 -2.9364607887066341e+00
1872 -3.3301695475974191e+00
1873 -3.6199700178413337e+00
1874 -3.6159959531636421e+00
1875 -4.4362265762817694e+00
1876 -4.1970962767751807e+00
1877 -3.7429639466036018e+00
1878 -3.5281612358819574e+00
1879 -4.1492564608506557e+00
1880 -3.3477896840940780e+00
1881 -3.5426392188584011e+00
1882 -3.9956571217329371e+00
1883 -3.4716723766027298e+00
1884 -3.6594874572616312e+00
1885 -4.1750900261452930e+00
1886 -4.0168831831384733e+00
1887 -3.6983982161479285e+00
1888 -4.2798082282341330e+00
1889 -3.5897278228354099e+00
1890 -3.7018020355211374e+00
1891 -3.2896033415607882e+00
1892 -3.8352907550051167e+00
1893 -3.7285332028266698e+00
1894 -3.5789353609429115e+00
1895 -3.7426874858282124e+00
1896 -3.8291433598086941e+00
1897 -3.0021362064705541e+00
1898 -3.5466039085700047e+00
1899 -3.6343159369121270e+00
1900 2.4467159385167817e-01
1901 -6.3462280499554791e-01
1902 -3.1255263107949980e+00
1903 -3.2908175677685172e+00
1904 -3.0623055427830610e+00
1905 -3.2112295141594310e-01
1906 -3.0295586634375580e+00
1907 -3.0987256227914792e+00
1908 -1.7054003431026494e+00
1909 -2.7174462180223742e+00
1910 -2.1903888542175691e+00
1911 -2.9560213155277855e+00
1912 -2.9132329819676430e+00
1913 2.9809515541658786e+00
1914 -2.9842197008831306e+00
1915 1.0358287914460465e+01
1916 -1.6638126354937932e+00
1917 -3.0004940261735524e+00
1918 -3.0041545124640487e+00
1919 -9.1294837588528188e-02
1920 -1.7283744437325983e+00
1921 -3.4942738738751467e+00
1922 -2.7140671824196834e+00
1923 -2.5681029733415190e+00
1924 8.5441885394221426e+00
1925 -1.6390257294965696e+00
1926 -3.3178215443395227e+00
1927 -3.3536427974382645e+00
1928 4.2898921308669946e+00
1929 2.5296324189476898e+00
1930 -1.7250766107471895e+00
1931 -2.8649033011913021e+00
1932 -3.2761081193499759e+00
1933 -2.6769449121589086e+00
1934 -2.4882485519439479e+00
1935 -3.3982214190998419e+00
1936 -3.1592442955525892e+00
1937 -3.3954028458665797e+00
1938 -3.0691964472192299e+00
1939 -3.2189744648160525e+00
1940 -2.8452327332037397e+00
1941 -2.8601645277688852e+00
1942 -1.6473843190041770e+00
1943 -2.6093968010171564e+00
1944 -2.7801283241665096e+00
1945 -3.3498088346638304e+00
1946 -3.2443683417804898e+00
1947 -3.0472504904819302e+00
1948 -5.4987091598377780e-01
1949 -3.1376309018782047e+00
1950 -1.8979818927657655e+00
1951 -2.8378917423774110e+00
1952 -2.9370625373608545e+00
1953 -3.1680429901541767e+00
1954 2.9598389676803754e+00
1955 -2.5532937304071295e+00
1956 -2.5305207650085784e+00
1957 -2.2377747659675173e+00
1958 -4.4989406475374960e-01
1959 -2.3243274140683856e+00
1960 -2.4596020066191491e+00
1961 3.3751492517325015e+00
1962 -3.3327360148769616e+00
1963 -4.0846980213616196e-01
1964 2.5157357591958664e+00
1965 -2.5885679817401281e+00
1966 -3.3152792568150922e+00
1967 -3.3069810500137140e+00
1968 -1.9146838585122061e+00
1969 -3.6431688330178007e+00
1970 -2.9866867209992134e+00
1971 2.6683438682445844e+00
1972 -3.4495787313694657e+00
1973 3.2010559098235545e+00
1974 -1.9299331813169482e+00
1975 -3.1213898433492415e-01
1976 4.5159639266567897e+00
1977 1.4036573831716950e+00
1978 -3.4152244549169164e+00
1979 -2.4370888149067684e+00
1980 -2.7006876174857370e+00
1981 -3.6409583962903045e+00
1982 -4.3537764254155058e-02
1983 3.4544786950192283e+00
1984 -2.6321826896721596e+00
1985 -3.3359930029497966e+00
1986 -3.4884346137935403e+00
1987 -2.3245610805151902e+00
1988 -3.2932711965795276e+00
1989 -1.7089082987802620e+00
1990 -3.3687667955997780e+00
1991 -3.4010678287120446e+00
1992 -3.4435153648709957e+00
1993 3.1248548522050204e+00
1994 -3.0893610364555482e+00
1995 -2.8252604358507121e+00
1996 -2.4573090966646944e+00
1997 -1.2526290183839979e+00
1998 -2.4023611188677623e+00
1999 -2.7050116325144669e+00
2000 -3.2091383274061038e+00
2001 -3.3089974304643088e+00
2002 -1.8225732819007063e+00
2003 1.6854105563167443e+00
2004 -3.1275857879084259e+00
2005 -3.1811911350772406e+00
2006 -2.3084676033511928e+00
2007 -2.7735545631592742e+00
2008 -2.8342701255281342e+00
2009 1.2226849932475246e-01
2010 -3.4254576079165160e+00
2011 -3.3977569805290138e+00
2012 -2.6992127871926437e+00
2013 -3.1437816711157573e+00
2014 -1.9903546484313126e+00
2015 -3.4524414611279539e+00
2016 -1.4620840379131594e+00
2017 -2.8248797615958967e+00
2018 -2.9674011760353367e+00
2019 -3.1881595039813080e+00
2020 -8.9110842343307350e-01
2021 -2.4663821311375682e+00
2022 -2.8423192422546197e+00
2023 -2.8000631573448791e+00
2024 -2.1058332816315564e+00
2025 -3.1279605819896883e+00
2026 -3.1549396871775621e+00
2027 -1.3963621456206137e+00
2028 -2.5505989237007105e+00
2029 4.8974990326629788e+00
2030 -2.9431728390536236e+00
2031 5.6563493141896268e+00
2032 -2.3719498263665804e+00
2033 -3.2355211397443377e+00
2034 -3.3439065771102778e+00
2035 -2.9011540838313543e+00
2036 3.4039985385565736e+00
2037 -2.5227938887297738e+00
2038 -3.4086552559506123e+00
2039 7.7268227992374348e+00
2040 -2.2629049906217169e+00
2041 5.4574748643794777e+00
2042 -3.1584336808523967e+00
2043 -3.6771288835493356e+00
2044 -2.2789973571374661e-01
2045 -3.4230645548699092e+00
2046 -2.9611523729559677e+00
2047 -3.5762632046764784e+00
2048 2.4843770294289746e+00
2049 8.3536158976642767e+00
2050 -3.3463024403186168e+00
2051 -3.3796617792863746e+00
2052 1.3473049451876558e+00
2053 -3.3487876348028309e+00
2054 -2.0345006500280163e+00
2055 6.1800367759697243e+00
2056 -3.1024242178202814e+00
2057 -2.1574648431967423e+00
2058 -3.0865524828705446e+00
2059 -1.6255035738473724e+00
2060 -3.0896312918418003e+00
2061 -3.2367397520656276e+00
2062 7.4176475779844306e+00
2063 -3.0729957127748748e+00
2064 -2.6562625936253825e+00
2065 -2.8471081043567392e+00
2066 2.6613320742285564e+00
2067 -3.5124499292612699e+00
2068 -3.1052773664868134e+00
2069 -1.9235694798898779e+00
2070 -3.0334133871547055e+00
2071 -2.3944112190520772e+00
2072 6.8939881542400876e+00
2073 4.5085533589317865e+00
2074 -3.0414674018854333e+00
2075 -1.6512026964930870e+00
2076 -3.2129031882391210e+00
2077 -3.2978377403318575e+00
2078 -3.1687758563426205e+00
2079 -3.2496457162699888e+00
2080 -1.5346804752100571e+00
2081 -3.2780670731222399e+00
2082 -2.8170136498448639e+00
2083 1.6240551973420716e+00
2084 -2.0052828868348183e+00
2085 2.2677359450377601e+00
2086 -1.6091022529888002e+00
2087 -3.3229185477737206e+00
2088 -3.4523722838981388e+00
2089 -3.3702941772898383e+00
2090 4.9214279540269895e-01
2091 -2.2762747274949926e+00
2092 -2.0644681367139213e+00
2093 -1.3688809071838742e-01
2094 -2.9922067089532027e+00
2095 4.3017494004939616e+00
2096 -3.2948765070444606e+00
2097 -2.8985425110866894e+00
2098 -3.1202659401915596e+00
2099 4.1420566962638583e+00
2100 8.2459626480694208e+00
2101 3.9506573011881367e+00
2102 6.7904072227007850e+00
2103 3.3132695365687126e+00
2104 -2.0435585308223518e+00
2105 -2.0011880365825592e+00
2106 -3.2986676123442726e+00
2107 -1.9080730917406721e+00
2108 -1.9325052287301931e+00
2109 -2.9705179886359532e+00
2110 -3.2942091021387570e+00
2111 -3.0911933732472754e+00
2112 -3.6214335946632072e+00
2113 5.7559154260483991e+00
2114 3.4180225394437271e+00
2115 7.8072783890975188e+00
2116 -1.4471463425222091e+00
2117 1.0174327421520517e+00
2118 -2.6924719101549344e+00
2119 8.2337696737264103e+00
2120 4.0794341112205927e+00
2121 1.3154489346459963e+00
2122 -4.3984944717330415e-01
2123 8.8690572930710179e+00
2124 -1.7739442145246711e+00
2125 2.7460463760778318e+00
2126 -2.8001945107021631e+00
2127 -3.3108350418570316e+00
2128 6.0854601306430300e-01
2129 -2.4024912225187549e+00
2130 -1.7351036039741998e+00
2131 4.0448948691326470e+00
2132 4.3910998233091112e+00
2133 -3.2409477410709182e+00
2134 4.4819444195600529e+00
2135 -3.2921846125252787e+00
2136 -2.8290318833930037e+00
2137 -3.6770083436733016e+00
2138 -2.8837339555991637e+00
2139 3.4935176789575908e+00
2140 -2.4552533332580047e+00
2141 3.6766252413778435e+00
2142 -1.3869708202783375e+00
2143 -3.6512746946693020e+00
2144 8.9161086638949669e+00
2145 8.3029345269919386e+00
2146 5.4439036960981451e+00
2147 5.7536398307052785e+00
2148 5.5582426972406171e+00
2149 -1.0098743363506764e+00
2150 -1.2312493417203094e+00
2151 4.0381976681358234e+00
2152 -1.9989583435244676e+00
2153 6.9054555051652731e+00
2154 -2.9405070737239822e+00
2155 1.0665212727740789e+01
2156 5.7309459073491666e+00
2157 -3.0814171006774749e+00
2158 1.0012620908328390e+01
2159 -3.0225430326445659e+00
2160 6.7233805275982164e+00
2161 3.5521030730236545e+00
2162 -3.5163783671845832e+00
2163 3.4984315339609720e+00
2164 -3.1968746468120925e+00
2165 8.8947274816557904e+00
2166 1.5599339793873664e+01
2167 -2.5232638869537687e+00
2168 4.0200159129195407e+00
2169 -2.4028995861639348e+00
2170 6.1102586115645048e+00
2171 -3.3074477067897878e+00
2172 -3.5368165203944510e+00
2173 3.2220713848528968e+00
2174 7.0883625800354029e+00
2175 -3.8546960112922801e+00
2176 -2.3217679581947883e+00
2177 -3.2931665532148520e+00
2178 7.8461270371453748e+00
2179 -3.2575134171540605e+00
2180 7.8761111486317539e+00
2181 -3.1119336285099206e+00
2182 1.5207716261636355e+00
2183 3.2493094602773831e+00
2184 3.3205742418555007e+00
2185 2.6508153176657188e+00
2186 3.4312966323733707e+00
2187 2.2334569847147590e+00
2188 8.5895472404331485e+00
2189 5.3810870835729840e+00
2190 4.7765098729864492e+00
2191 8.2440577184025070e+00
2192 1.2884859839018512e+01
2193 6.8562490315322133e+00
2194 5.5458792106846788e+00
2195 -1.5792793659886599e+00
2196 -2.1882671170587016e+00
2197 3.5472245124393398e+00
2198 -3.0465172603806194e+00
2199 3.3045386434543453e+00
2200 -6.6687900475205275e-01
2201 2.3716290607274138e+00
2202 -3.2762307934525268e+00
2203 2.4730592920962255e-01
2204 -2.5288689261615249e+00
2205 2.5599706398935420e+00
2206 -2.0709921566583378e+00
2207 -2.6014119613933797e+00
2208 3.7322822446130655e+00
2209 -1.4909064303940651e+00
2210 3.3348185296523547e+00
2211 8.0565514946165635e+00
2212 -2.9214741441361332e+00
2213 6.6349861156952104e+00
2214 1.1822734357390470e+01
2215 2.7589785480004188e+00
2216 -4.5263766162116781e+00
2217 8.9337606205599851e+00
2218 1.2973008559700542e+01
2219 -2.3080353044194437e+00
2220 6.6248267731134201e+00
2221 -2.2894625963796100e+00
2222 -3.6379262676670829e+00
2223 4.0922049022026536e+00
2224 7.3145820726962256e+00
2225 6.3543951508027083e+00
2226 4.7783674500207756e+00
2227 6.5986936224394892e+00
2228 2.7066466394829067e+00
2229 -3.5778857709802758e+00
2230 -3.0521569266208011e+00
2231 -1.9003882130785501e+00
2232 2.8023722277485086e-01
2233 -2.9201029413488331e+00
2234 4.7809723752226434e+00
2235 6.1344822885566934e+00
2236 -3.3070160592451563e+00
2237 -4.1597276650834010e+00
2238 2.5321885864440401e+00
2239 -4.7168982756296538e+00
2240 1.0035449909832195e+01
2241 5.1877625609529208e+00
2242 6.3651038344580524e+00
2243 -4.4475913574245078e+00
2244 -3.8030867501226173e+00
2245 -4.8681992586725640e+00
2246 6.5803511757323152e+00
2247 -3.2870196210763973e+00
2248 -3.6942345671423902e+00
2249 -2.3756809349979369e+00
2250 1.9451064996283278e+00
2251 3.9600755764787485e+00
2252 -4.1417561129470721e+00
2253 -2.9958045816708614e+00
2254 -3.4931205455567671e-01
2255 -4.1417257989956981e+00
2256 -2.7116164408357921e+00
2257 2.4587399425526195e+00
2258 6.1386479841014214e+00
2259 4.5740675450636195e+00
2260 -4.2885058597212602e+00
2261 1.1118240285644594e+01
2262 -2.5605370497916500e+00
2263 9.7464526016349744e+00
2264 3.6190388861227345e+00
2265 1.4046720025916608e+01
2266 -2.0474752363345288e+00
2267 -5.0226609135553630e+00
2268 -4.3422710245719207e+00
2269 -3.5922360681863963e+00
2270 -1.8824113441006427e+00
2271 -1.4321171767674472e+00
2272 -3.8668922788233933e+00
2273 8.3953540597120533e+00
2274 6.2554330963599041e+00
2275 9.1993223608613892e+00
2276 1.0450033576031814e+00
2277 -1.7530856554641057e+00
2278 9.8773725954451361e+00
2279 -3.8867724561278245e+00
2280 5.2181901944718527e+00
2281 7.8336870235571050e+00
2282 -2.9239687272801964e+00
2283 -3.7551793140807481e+00
2284 -3.6978230151581597e+00
2285 -3.6730774763407679e+00
2286 1.0854698468075538e+01
2287 7.6592379386923932e+00
2288 -4.0128453597285096e+00
2289 -3.4068609605334470e+00
2290 -4.0139707896476100e+00
2291 -4.4445655848825778e+00
2292 -5.1104371585833581e+00
2293 6.1934163118983392e+00
2294 -3.8572109414532556e+00
2295 5.0269965474002802e+00
2296 2.6460527973333439e+00
2297 -3.0113395567657397e+00
2298 -4.8260789535635658e+00
2299 -4.5176619447486752e+00
2300 -5.2793399662451126e+00
2301 1.3960868422081763e+01
2302 -3.4942493698778971e+00
2303 -3.9107111181666272e+00
2304 -4.9128423696076444e+00
2305 -4.9749148323708861e+00
2306 6.3345339119984265e+00
2307 -4.0992533836952187e+00
2308 4.5467830565018135e+00
2309 -3.8993339755095766e+00
2310 7.8438185928024238e+00
2311 -4.6715019041272177e+00
2312 -4.5905996974182957e+00
2313 1.1104702275098566e+01
2314 -4.2212082470177137e+00
2315 8.9219207971838301e+00
2316 1.1119043321528627e+01
2317 -3.8908751865328859e+00
2318 -4.2759168615066478e+00
2319 7.6254936192204701e+00
2320 -3.4979022436229932e+00
2321 9.7154556315504639e+00
2322 -4.5437040071511321e+00
2323 -1.7738183773862328e+00
2324 -3.5816963806662288e+00
2325 -3.9127334924383725e+00
2326 -4.5007582915815583e+00
2327 1.1117948384953905e+01
2328 -3.9475895174412492e+00
2329 -3.1570065942578251e+00
2330 -3.7880031193962567e+00
2331 -4.1244217746700906e+00
2332 -3.6244952009364075e+00
2333 -3.8536662137511870e+00
2334 9.5043421584905055e+00
2335 4.3890261741776335e+00
2336 -4.6894834125366351e+00
2337 3.5032050567587572e+00
2338 1.1495938887353987e+01
2339 6.3348468030004046e+00
2340 -3.9121061061605418e+00
2341 -2.8182546105773087e+00
2342 3.5437395950060187e+00
2343 -4.2668988522049727e+00
2344 -4.3018545990122439e+00
2345 -4.7251031303609130e+00
2346 -5.1330955179842395e+00
2347 -3.6565051209832604e+00
2348 6.0960296201233897e+00
2349 9.3217643027940778e+00
2350 6.1424044921952357e+00
2351 -4.1147730154215338e+00
2352 -3.5665250937984689e+00
2353 -4.0953742313843922e+00
2354 -3.6532740650521012e+00
2355 1.0706909319757491e+01
2356 -4.2992201060255502e+00
2357 6.7790192469279784e+00
2358 6.5250780808268374e+00
2359 6.4529790462929482e+00
2360 3.8772343928822686e+00
2361 -4.3512775764035778e+00
2362 6.0258676386836107e+00
2363 -2.3498819391239909e+00
2364 -4.7887135763712925e+00
2365 -5.4850910223839113e+00
2366 -4.1092562921959619e+00
2367 -4.1627903935760617e+00
2368 6.9133665161550502e+00
2369 -4.6682897126770166e+00
2370 -3.3913216389620429e+00
2371 -3.9565027641113009e+00
2372 7.2996217384881978e+00
2373 7.9825727671354860e+00
2374 9.7002044364674056e+00
2375 -4.4062591648862117e+00
2376 -4.5271105902559601e+00
2377 -3.7864817474017514e+00
2378 7.4442804864470205e+00
2379 -3.4863948736872974e+00
2380 -3.7139546182353844e+00
2381 1.0306789646615577e+01
2382 -4.0276453242538484e+00
2383 -3.3646040788824392e+00
2384 -4.2786139873321201e+00
2385 4.8939403114889091e+00
2386 4.5703955325965051e+00
2387 6.7160569809832964e+00
2388 -3.9281809827975875e+00
2389 4.9261907698708649e+00
2390 -3.8938669861145216e+00
2391 7.3958923520049877e+00
2392 -3.3955385469905730e+00
2393 9.9061322305241113e+00
2394 -3.9437670477322828e+00
2395 -3.9718628837556653e+00
2396 -4.0651648542976444e+00
2397 3.2454692450829574e+00
2398 9.9888964249811352e+00
2399 -5.2060169958312486e+00
2400 1.1568719830125332e+01
2401 -4.5496822149935303e+00
2402 -4.0025931127054015e+00
2403 5.4963496260572811e+00
2404 2.9107663295354307e+00
2405 -4.4929497482888916e+00
2406 8.8207250439387206e+00
2407 -4.8252669896322420e+00
2408 3.9722538436681187e+00
2409 -5.1740223061303929e+00
2410 -3.9609099495425517e+00
2411 -5.1173230569245147e+00
2412 -3.8154514139925308e+00
2413 -4.3365150976852798e+00
2414 5.7437063086581759e+00
2415 1.0204830840526753e+01
2416 -4.5131030995788350e+00
2417 4.4438912530878989e+00
2418 1.0684248901402484e+00
2419 -4.5912403708554663e+00
2420 6.5927910598822645e+00
2421 -4.2966202486444134e+00
2422 -4.9410619707576586e+00
2423 -4.5213941122023362e+00
2424 -4.8582033269118901e+00
2425 -4.2213617998297739e+00
2426 9.6662939201310820e+00
2427 -8.1204196239947235e-01
2428 -4.4218692060280382e+00
2429 9.5258398629622381e+00
2430 3.8911724397292549e+00
2431 -3.7927981194260858e+00
2432 -3.7688460083882029e+00
2433 -4.2284363977853214e+00
2434 7.1152453414774435e+00
2435 -4.1815643454937312e+00
2436 6.3516538380557934e+00
2437 -4.4943890209015001e+00
2438 -4.5471602353153653e+00
2439 8.7636826503082221e-01
2440 -4.0073654530549092e+00
2441 -4.2246339213580617e+00
2442 -3.2711367389642390e+00
2443 7.3348043923664692e+00
2444 -5.2542877827897536e+00
2445 -3.8385151814566099e+00
2446 6.5515901447056502e+00
2447 6.0845889989614594e+00
2448 9.2770821680611171e+00
2449 -4.0988996138870970e+00
2450 -3.8523745714904716e+00
2451 -3.7761731770659810e+00
2452 -4.7868485890350989e+00
2453 -6.2319448639370312e-01
2454 7.2148204115308898e+00
2455 -4.4302194728139117e+00
2456 -4.8855646384366898e+00
2457 -4.1286551024938891e+00
2458 5.9381849993496552e+00
2459 3.0580136068402566e+00
2460 -3.8417146940570439e+00
2461 5.1925641839043131e+00
2462 9.6813551102226452e+00
2463 -2.2610911396895457e+00
2464 6.0413118937622929e+00
2465 -3.8070363206688329e+00
2466 5.5561759840396547e+00
2467 -3.6538559560941941e+00
2468 1.0407224159437403e+01
2469 9.1843822061712412e+00
2470 -4.0289606158225233e+00
2471 6.1376081300634411e+00
2472 7.7183963611501261e+00
2473 2.8321996373290110e+00
2474 5.6712979535590735e+00
2475 -4.6790838018445617e+00
2476 6.1982156000883224e+00
2477 8.6090355781037022e+00
2478 -4.1976607976450868e+00
2479 -4.1072079218683957e+00
2480 -4.3196501185543896e+00
2481 4.1451650069109727e+00
2482 7.8003283892625594e+00
2483 3.0658110857776939e+00
2484 -4.9722654700450395e+00
2485 4.5336553149088532e+00
2486 -5.2075034624379812e+00
2487 -3.9673881290358537e+00
2488 9.5301243338228421e+00
2489 -4.3284384278266028e+00
2490 -3.5315285041083224e+00
2491 3.0272988830345464e+00
2492 -4.5433687263818463e+00
2493 -3.8521181888426987e+00
2494 1.0541450461011157e+01
2495 1.1823526696728582e+01
2496 -4.4926304160991224e+00
2497 4.8977102267139925e+00
2498 5.5235240206316787e+00
2499 -4.6207755688813519e+00
2500 6.9655959673952772e+00
2501 -3.6116294335163839e+00
2502 -3.3179119237086550e+00
2503 -3.9969918340034765e+00
2504 -3.7381270012575585e+00
2505 -4.4631699123210069e+00
2506 -3.6862301395285333e+00
2507 9.0847876558746439e+00
2508 -4.3266350190836897e+00
2509 7.7599432690671168e+00
2510 -4.4632615374668267e+00
2511 -4.5838677511354415e+00
2512 -3.4874142752685482e+00
2513 9.7324498241331980e+00
2514 8.3099540882337362e+00
2515 -4.6934415035317620e+00
2516 8.7327290351031870e+00
2517 -4.9130969567860143e+00
2518 6.7513400555901288e+00
2519 1.2763629562222272e+01
2520 -3.6727658197366626e+00
2521 1.0208140683314857e+01
2522 -3.8755952208986533e+00
2523 -4.2486259304706193e+00
2524 8.9286223308787438e+00
2525 5.3904406352917178e+00
2526 7.2434185446254782e+00
2527 1.2795481110946200e+01
2528 -2.1957044777985315e+00
2529 4.3221897363979149e+00
2530 8.8304918402572916e+00
2531 -4.1155554872508286e+00
2532 -2.4879998076024021e+00
2533 -3.4371739709554849e+00
2534 -4.2692168125729273e+00
2535 -3.8661151936637204e+00
2536 -4.7595432186070941e+00
2537 -4.1071338437793594e+00
2538 1.3154532733269477e+01
2539 3.4957632781803420e+00
2540 -4.1330470143510123e+00
2541 -4.7974191054783812e+00
2542 -3.7122001358710031e+00
2543 -4.9172472147367845e+00
2544 -3.8292370812407350e+00
2545 -4.5097039784005792e+00
2546 1.6178028268886827e+01
2547 -2.9458380546947005e+00
2548 -4.9884774626366966e+00
2549 -3.9192165633508851e+00
2550 -3.6541223636223243e+00
2551 -2.7881040104873671e+00
2552 -3.5220193493708711e+00
2553 -4.3061627913024214e+00
2554 -3.7196342571192265e+00
2555 1.0039353357015655e+01
2556 -3.6109988097466701e+00
2557 7.1073812597801638e+00
2558 -3.6268263743482367e+00
2559 4.1227666303437474e+00
2560 9.6470801389293346e+00
2561 -4.5173931443962596e+00
2562 -1.4239277356151381e-01
2563 6.1815629840766944e+00
2564 -4.1566215041701504e+00
2565 -3.5208062419341766e+00
2566 -3.8775386580836768e+00
2567 -3.4435394517635247e+00
2568 -3.2040883355279210e+00
2569 6.0200013088913682e+00
2570 -3.9447836741239648e+00
2571 -4.4163782099623932e+00
2572 3.5666341076463191e+00
2573 -3.8144528274921217e+00
2574 -4.5912442028988369e+00
2575 -4.8557867833896076e+00
2576 -3.6021995488043204e+00
2577 -3.7925669982774837e+00
2578 6.7820652612351822e+00
2579 -4.2320620231210802e+00
2580 -3.7433752245548679e+00
2581 -4.2215882986376325e+00
2582 -3.7382095742323953e+00
2583 -4.9532797587442152e+00
2584 -3.8341158620862310e+00
2585 -3.3426278159121852e+00
2586 -4.0716352786761156e+00
2587 -3.4543331718645773e+00
2588 -2.2664612043514634e+00
2589 -4.5384021165502970e+00
2590 7.9489099755595376e+00
2591 -3.3687838010211921e+00
2592 5.5643508223434859e+00
2593 5.8851865041673150e+00
2594 -3.4168054091012028e+00
2595 -4.9676680716691628e+00
2596 -4.9729594122335001e+00
2597 -5.1531195483017260e+00
2598 8.2795233499186054e+00
2599 5.8712327344256012e+00
2600 5.0401652760474862e+00
2601 -3.5353917461149136e+00
2602 -1.8164925117771891e-01
2603 -3.8136140554131766e+00
2604 -4.0476560206579304e+00
2605 1.3637891316057910e-01
2606 -3.3590900723884838e+00
2607 -2.4553781331789559e+00
2608 -3.6028984678544709e+00
2609 -4.2767142934953570e+00
2610 -4.3771881704009301e+00
2611 -3.8446670566831878e+00
2612 6.1315765849797765e+00
2613 5.5135077229977547e+00
2614 -4.2775743660038907e+00
2615 7.2086896561491738e+00
2616 5.2443807717056883e+00
2617 7.8612832667847163e+00
2618 -4.9071077835288737e+00
2619 -3.4271946087110194e+00
2620 5.7202314538582808e+00
2621 -5.0061624965718163e+00
2622 -3.3129510498104424e+00
2623 -5.4170033445627483e+00
2624 -4.9079100278460288e+00
2625 -4.4622240459818876e+00
2626 -3.7309125202352607e+00
2627 1.1329265472042923e+01
2628 1.0628564783605928e+01
2629 -3.1271994522831479e+00
2630 9.9710895668053734e+00
2631 -3.4251733610817876e+00
2632 -4.2323346036038565e+00
2633 -3.3998377028284450e+00
2634 5.8052921247775986e+00
2635 -3.7448222695340836e+00
2636 3.1768772957735241e+00
2637 -4.7949525067176273e+00
2638 -3.5262163757460949e+00
2639 4.2876395146586459e+00
2640 -2.6861993970526612e+00
2641 -3.9544877947438786e+00
2642 7.4503546182681762e-02
2643 2.8451025492754600e+00
2644 2.3694517621424733e+00
2645 -3.6649655853439937e+00
2646 -3.6769857315096846e+00
2647 -3.5006252631705896e+00
2648 -3.3377890831332082e+00
2649 8.1821707181179892e+00
2650 -4.4832750506990511e+00
2651 -3.4604117822288054e+00
2652 -4.9004774381590606e+00
2653 -3.4025481678658105e+00
2654 9.2193753182199334e+00
2655 -2.1464197089415626e+00
2656 -3.5660139524777361e+00
2657 7.2576533040928055e+00
2658 5.7824529194659506e+00
2659 -4.2290886555795311e+00
2660 -3.6216021016922100e+00
2661 -4.6468085024202397e+00
2662 -3.2831863578583000e+00
2663 -3.6294713296048831e+00
2664 -3.6339395444363491e+00
2665 -3.6770803187806300e+00
2666 -4.2916165520865697e+00
2667 -4.6833047508454868e+00
2668 7.8605553468647855e+00
2669 -3.5998506307840339e+00
2670 6.3130983839438528e+00
2671 9.2560893949476419e+00
2672 -4.6427041440570473e+00
2673 -3.7061358150953998e+00
2674 -3.7674792408027811e+00
2675 5.2202641278728992e+00
2676 -3.5194375014363040e+00
2677 -4.0701965256740973e+00
2678 -4.7107588155432873e+00
2679 5.7875508049669975e+00
2680 1.0206337943280358e+01
2681 -3.3916355530549485e+00
2682 9.3604474281736056e+00
2683 -2.9898691517106393e+00
2684 -3.7576225197472732e+00
2685 -4.3114592878836904e+00
2686 -4.8292228241610795e+00
2687 -4.0020198678306302e+00
2688 -4.0350766104708731e+00
2689 -4.9760931714955463e+00
2690 -4.0563258124841379e+00
2691 -4.3803882492985755e+00
2692 -4.4773462808306093e+00
2693 -4.7464075346798467e+00
2694 7.2924556062583301e+00
2695 -3.7064128373885952e+00
2696 -3.4161246271124863e+00
2697 -1.1245985010758728e+00
2698 -3.7494948828334405e+00
2699 -3.7208388700103385e+00
2700 -3.5858104114340383e+00
2701 -3.8971332870060915e+00
2702 -5.8596337232687477e+00
2703 -4.2210119286273597e+00
2704 -4.7328307791054787e+00
2705 -3.3865741737719883e+00
2706 -4.1801228799511447e+00
2707 -3.7602570590244455e+00
2708 5.7896207273610782e+00
2709 -3.3274004252080869e+00
2710 -3.8134580586322975e+00
2711 -4.4940904034927973e+00
2712 4.4523317856090356e+00
2713 -3.7254575385521100e+00
2714 -3.5322729790468474e+00
2715 -3.4233709507303338e+00
2716 -3.3621551120036108e+00
2717 -4.4656291522308562e+00
2718 -1.0451192656372170e+00
2719 -5.3696642011206608e+00
2720 -3.6072919453162164e+00
2721 -3.6452763720352146e+00
2722 -3.5059298933041956e+00
2723 -3.3601892071514485e+00
2724 -3.0468055992743346e+00
2725 -3.5522330309563528e+00
2726 7.3069796288134601e+00
2727 -3.7004023582437173e+00
2728 9.1052644346512093e+00
2729 9.8019935532043903e+00
2730 -3.9254172614559275e+00
2731 -3.5506660828240864e+00
2732 -2.9213789104084591e+00
2733 -3.4696371789679525e+00
2734 -3.9505364018373821e+00
2735 -3.3971442228045401e+00
2736 -3.4506614100612607e+00
2737 -3.6310397727524837e+00
2738 -3.3148672554265985e+00
2739 -3.4630423070766070e+00
2740 3.2507082514968042e+00
2741 -3.6250618560008361e+00
2742 -3.9036377939033517e+00
2743 -3.7929849267654627e+00
2744 -3.6713302573270497e+00
2745 -3.7218022062745675e+00
2746 -3.5729320710315444e+00
2747 -3.5114535011485288e+00
2748 -3.4237766255492010e+00
2749 3.7692697043486190e+00
2750 -4.0981706577158556e+00
2751 -4.6800677536796176e+00
2752 -3.7098126887666818e+00
2753 -3.1948536448621683e+00
2754 -3.4763539647562376e+00
2755 -2.2176099127330993e+00
2756 -4.0797278127713366e+00
2757 -3.4558260733235495e+00
2758 -3.1859428121970086e+00
2759 -3.2015978442315283e+00
2760 -3.5555799233429584e+00
2761 5.5694734606191698e+00
2762 -3.4335179990595823e+00
2763 -3.3354401817180341e+00
2764 -3.8405660184073511e+00
2765 -3.6852225681879145e+00
2766 -3.3838656800457829e+00
2767 -3.9123587789389052e+00
2768 -3.3609196153048932e+00
2769 -3.8316955317646078e+00
2770 -3.5260322568061633e+00
2771 -3.5522327016660364e+00
2772 -3.6026114602375832e+00
2773 6.4291383052153508e+00
2774 -4.9614402041800680e+00
2775 -3.7509290355189155e+00
2776 -3.3585207960084063e+00
2777 -3.5443708914590228e+00
2778 -3.5566781394825737e+00
2779 -3.9363428631799180e+00
2780 -3.1715442385713764e+00
2781 -3.5638315915291723e+00
2782 -2.7039240668666467e+00
2783 -3.4842978979949679e+00
2784 -2.6940806119917489e+00
2785 -3.5690499618416651e+00
2786 -3.6280897696137973e+00
2787 -3.3854790767032470e+00
2788 -3.2330553306064287e+00
2789 -3.3546239740450270e+00
2790 -3.4936358310185898e+00
2791 -3.4301445145383349e+00
2792 -3.6526146946326015e+00
2793 -3.6392694492102153e+00
2794 -3.2779752990886633e+00
2795 -3.4809774448700379e+00
2796 -3.4119234531912572e+00
2797 -3.5303058536935019e+00
2798 -3.8415445385376179e+00
2799 -3.1537106046310974e+00
2800 -3.5487304990090491e+00
2801 2.9959332635835629e+00
2802 -3.5699509844982855e+00
2803 -3.2034661528304014e+00
2804 -3.3764807797273351e+00
2805 -3.5211956026836826e+00
2806 -3.7226272289160951e+00
2807 -3.6143724541676070e+00
2808 -3.8045869185639516e+00
2809 -3.4303381117501726e+00
2810 -3.5729143093370213e+00
2811 -3.4452128628251808e+00
2812 -3.4045963892847166e+00
2813 -3.8275170310712685e+00
2814 -3.4983160899791002e+00
2815 -3.4119346023110984e+00
2816 -3.3084251598301480e+00
2817 -3.5399778206077999e+00
2818 -3.6660256118894008e+00
2819 -3.4078743153851043e+00
2820 -3.3221247462149477e+00
2821 -3.6561240689192207e+00
2822 -3.8005696273939344e+00
2823 -3.4161639675609088e+00
2824 -3.7818797016907859e+00
2825 -3.1616061428867459e+00
2826 -3.6522878278257287e+00
2827 -3.6606403180446070e+00
2828 -3.3698241839500493e+00
2829 -3.7244133010335227e+00
2830 -3.4660716070222737e+00
2831 -4.1176895116697292e+00
2832 2.6927644289686352e+00
2833 5.3291461107863842e+00
2834 6.5165059839297186e+00
2835 -3.4095688748740188e-01
2836 7.4912731051922754e-01
2837 6.2834812362308066e+00
2838 2.5021049874963563e+00
2839 2.6094366166440697e+00
2840 -1.3927738123497837e+00
2841 -8.4059935309414435e-01
2842 1.0087643302740263e+01
2843 -1.9563866726991244e+00
2844 7.1247392641616116e+00
2845 3.3991777601586639e+00
2846 2.5408480356931116e+00
2847 -3.1645605264994496e+00
2848 2.1572071024132229e+00
2849 3.2220484910023495e+00
2850 4.5573160719286576e-01
2851 3.5623635019343389e+00
2852 3.1229328274249903e+00
2853 -2.4262982371426030e+00
2854 -2.5262859313972861e+00
2855 -1.4451438560995395e+00
2856 7.0244455557039815e+00
2857 -2.8452594671318825e+00
2858 2.4553929956702407e+00
2859 3.4250136904611486e+00
2860 1.4258893536016453e+00
2861 5.1086488176128020e+00
2862 6.7089108020529515e+00
2863 -2.7795944419624843e+00
2864 7.9860768735535475e+00
2865 -2.6739250324636137e+00
2866 3.6964645958878712e+00
2867 -1.9371583375807441e-01
2868 -1.1295836397359302e+00
2869 3.2489633075254019e+00
2870 2.8268505618135493e+00
2871 -1.8413452514241331e+00
2872 5.9079823560381293e+00
2873 8.5716478569792791e+00
2874 2.7846549921053367e+00
2875 -1.4526318608750037e+00
2876 -8.7533729290603690e-01
2877 -2.7245889101250635e+00
2878 3.2524503847034643e+00
2879 1.3453582436629727e+01
2880 -1.3192648765900323e+00
2881 -7.2632875196521063e-01
2882 -2.0657713188174998e+00
2883 -1.7873722872293238e+00
2884 -1.3584473454368462e+00
2885 4.7449776598833404e+00
2886 2.5067997278082488e+00
2887 4.0765867613534077e+00
2888 1.6739399954954730e+00
2889 3.2624296319551593e+00
2890 -2.3714684080607017e-02
2891 -9.7698936790910396e-01
2892 -1.9442312193053770e+00
2893 -2.0172950095341307e+00
2894 2.0524576982994813e+00
2895 -2.2563202616664491e+00
2896 1.1049946854772572e+00
2897 -1.7533954197950730e+00
2898 8.3974938212910484e+00
2899 2.6109747619211352e+00
2900 -2.3857268578953974e+00
2901 -2.2484753114472600e+00
2902 2.0905309443468019e+00
2903 2.1352477867208206e+00
2904 -2.1268115810173667e+00
2905 -2.0397422110159007e+00
2906 5.1410385030118917e+00
2907 1.1277179378405247e+00
2908 -2.3369788715271071e+00
2909 7.1350275940800891e+00
2910 -3.2049319569676049e+00
2911 -2.5064404526842021e+00
2912 -1.9454181039567340e+00
2913 -2.2337359432268430e-01
2914 7.5737092753415451e+00
2915 2.0904634710264220e+00
2916 -1.7287357870423390e+00
2917 1.6213239996489601e+00
2918 4.9046208768584370e+00
2919 3.1298117855882679e+00
2920 4.5828542908940957e+00
2921 3.3360520147507366e+00
2922 -2.7675502556709136e-01
2923 -2.6360783364221341e+00
2924 7.5038407710445965e-01
2925 4.8405878685203856e+00
2926 -1.3661509140887795e+00
2927 -2.1061591085733236e+00
2928 4.6883997087842264e+00
2929 6.3969218821091234e+00
2930 1.2090214814132641e-01
2931 2.3581351378938598e+00
2932 2.5832376830121349e+00
2933 5.8327368294224813e-01
2934 4.5497003384329915e+00
2935 4.5530420031716856e+00
2936 -9.2154342881160878e-01
2937 -1.7522012554705775e+00
2938 2.6038310182982118e+00
2939 -1.8190440294632164e+00
2940 -2.6889581259733153e+00
2941 3.0107165294294407e+00
2942 7.3724063691438291e+00
2943 -1.8327718510655688e+00
2944 7.6605398672167198e+00
2945 -3.0203879608699724e+00
2946 5.8325349736403851e+00
2947 2.8269570288944958e+00
2948 2.9854941661680341e+00
2949 -2.2311043428287345e+00
2950 4.7938945077567912e+00
2951 2.2661949451576435e-01
2952 -1.9942781006997712e+00
2953 5.3626707829466120e+00
2954 2.6966061190464448e+00
2955 7.5213626296843312e+00
2956 -2.2090144675586942e+00
2957 -2.6998201480209940e+00
2958 4.1870894600758550e+00
2959 -2.3892377416101733e+00
2960 3.9874573788901442e+00
2961 3.6045694504912009e+00
2962 3.5838638651326349e+00
2963 -2.0288070259999378e+00
2964 -2.4714334384822441e+00
2965 8.9019286218962457e-01
2966 2.6339436699127536e+00
2967 5.2407909566833766e+00
2968 -1.5574883873076633e+00
2969 -1.3395657429030627e+00
2970 3.4360540127669941e+00
2971 -2.5000936432162826e+00
2972 -1.9392957007273384e+00
2973 7.1249473092261439e+00
2974 3.0567332720676381e+00
2975 4.4798689582718918e+00
2976 -1.2265131477892555e+00
2977 -1.9468669554868736e+00
2978 2.4828060091431050e+00
2979 5.3096341683104047e+00
2980 4.7614419745794576e+00
2981 4.3380133330139508e+00
2982 -2.9668620907363202e-01
2983 1.1664003922115762e+00
2984 8.5041424966102710e+00
2985 -1.5798577668352622e+00
2986 1.0385796741263589e+00
2987 6.8897892271660641e+00
2988 2.6571963863208694e+00
2989 -1.4990731867450280e+00
2990 -8.2547265345427179e-01
2991 -2.4119429943700181e+00
2992 -1.8456362471653411e+00
2993 1.5641224580438970e+00
2994 4.5852723177346466e-01
2995 -2.7008001197783376e+00
2996 4.3962481291826085e+00
2997 -8.1734025748604078e-01
2998 -1.5959777139924443e+00
2999 6.8155819075258091e+00
3000 3.8507195635465292e+00
3001 6.2819889187383149e+00
3002 -2.5099345725734290e+00
3003 -1.4538275972156589e+00
3004 6.1208273516701439e+00
3005 -1.4261835341045084e+00
3006 1.0000282949443879e+00
3007 -8.9524169126193542e-01
3008 -2.2771087388508473e+00
3009 1.4074042155670934e+00
3010 -7.4057923141088078e-01
3011 -1.2068612561265708e+00
3012 4.3653374423831055e+00
3013 -3.0296605900377203e+00
3014 7.8385946370607895e+00
3015 -1.8205269706542015e+00
3016 -9.5507806520194638e-01
3017 4.5006218070099608e+00
3018 -2.5989204232438663e+00
3019 -2.1001787633567095e+00
3020 5.2083361445424989e+00
3021 4.2505497416649858e+00
3022 -2.9524451711201420e+00
3023 -2.2289455721331741e+00
3024 -1.6196386515349641e+00
3025 8.8762843318208784e+00
3026 3.9849742531397756e+00
3027 4.8293404334439041e+00
3028 -2.5152496800606250e+00
3029 -1.7745690392927267e+00
3030 3.4819857427343797e+00
3031 -2.8473711510762389e+00
3032 -3.0009753565875914e+00
3033 -2.2950605381976392e+00
3034 -9.9057509247370745e-01
3035 -2.1362084987083336e+00
3036 -1.6316474457154391e+00
3037 -2.3236564001070596e+00
3038 -6.9271112850442507e-01
3039 -1.2255778404950215e+00
3040 -2.6132944613192342e+00
3041 3.1752439131329142e+00
3042 -9.4219533331432026e-01
3043 -2.4211714865233818e+00
3044 -1.4828577714188904e+00
3045 5.7141224648012399e+00
3046 1.4737335743765863e+00
3047 2.0805105687507734e+00
3048 -1.7210219139459397e+00
3049 -2.4148023984792717e+00
3050 5.9334221434993883e-01
3051 4.3404343033353774e+00
3052 -2.5139555858978606e+00
3053 4.3337536844695510e+00
3054 3.4287419868417905e+00
3055 8.0455971179205008e+00
3056 -2.7594438285244025e+00
3057 7.2132411081910055e+00
3058 4.7144015631670628e+00
3059 -2.4539752517214573e+00
3060 5.1176992059527349e+00
3061 4.4794020015271094e-02
3062 -2.3862009124240089e+00
3063 4.4039582999823326e+00
3064 -2.8335794576009459e+00
3065 -5.3591257401936576e-01
3066 2.7144553774186178e+00
3067 4.2446099311003032e+00
3068 -2.1209383984365497e+00
3069 -1.9606177872805144e-01
3070 3.6764527639231948e+00
3071 -1.3627357946941923e+00
3072 6.7347133404452029e+00
3073 2.5578467238176734e+00
3074 -6.4241273948614530e-01
3075 4.1701533248122029e+00
3076 4.4632857506150083e+00
3077 5.5224615880486017e+00
3078 5.3734885989781072e+00
3079 4.9071103749309488e+00
3080 -2.1315331215238755e+00
3081 -2.6816237269855305e+00
3082 -1.6657604898192928e+00
3083 3.0819512639340116e+00
3084 5.9331630500145591e+00
3085 -2.4956086471903403e+00
3086 4.0758802933092326e+00
3087 -2.1118596072385625e+00
3088 6.3402232178008520e+00
3089 2.6581885448012730e+00
3090 -2.7078405700029280e+00
3091 5.2154271032033916e+00
3092 4.6459433531461594e+00
3093 -2.8484080406358214e+00
3094 -2.5213584898277093e+00
3095 4.1530574116886418e+00
3096 4.9468112744191899e+00
3097 -2.6569631155167137e+00
3098 -2.5028974524930345e+00
3099 6.3675856162935531e+00
3100 1.1134733278086799e+00
3101 3.9778311779794815e+00
3102 4.9555667038537932e+00
3103 -3.2637140284400465e+00
3104 7.2431296733220059e+00
3105 -2.2002078163921102e+00
3106 -2.6444839036541148e+00
3107 -3.1978825150653547e+00
3108 8.0501495681939828e-01
3109 5.7904579265544331e+00
3110 6.1967306384814975e+00
3111 1.0388740230246601e+01
3112 -1.6615813224829001e+00
3113 -1.7161177936357268e+00
3114 3.2416444354585612e+00
3115 -1.1680023521521228e+00
3116 -3.2266963179063390e+00
3117 2.9271345223413707e+00
3118 -2.5510363057081258e+00
3119 1.2728869971521779e+00
3120 8.9558593856990161e+00
3121 -2.6698246444732896e+00
3122 3.4716361623476923e+00
3123 1.3985188654050511e+00
3124 -2.9506945940938221e+00
3125 2.7465367818322490e+00
3126 3.5137635599774488e+00
3127 3.4830243821184932e+00
3128 2.5840190675197281e+00
3129 4.6586555084729602e+00
3130 3.3988723050730170e+00
3131 -2.5625898851920148e+00
3132 -3.0370563092377698e+00
3133 7.7697270532551013e+00
3134 2.8727218554225544e+00
3135 7.2338673496506027e+00
3136 3.0410286998713119e+00
3137 4.4350722634575348e+00
3138 -2.6029009842821247e+00
3139 6.0808956084475209e-02
3140 5.0060307098771881e+00
3141 2.9123073449441370e+00
3142 -2.8890549079626617e+00
3143 3.3322708343358611e+00
3144 6.2115433776880371e+00
3145 7.2253819845340486e+00
3146 1.5772765836240517e+00
3147 1.4075735032697259e+00
3148 2.2844126970097095e-01
3149 3.9262092039543108e+00
3150 5.2950872791551706e+00
3151 7.4244096918315075e+00
3152 -3.0531074769322211e+00
3153 1.7567958075729004e+00
3154 -2.4831904304531931e+00
3155 5.4553269628474217e+00
3156 -2.5951365136364379e+00
3157 5.3878564690874278e+00
3158 3.8786174816317072e+00
3159 8.8424064851492226e+00
3160 -2.9950731471286618e+00
3161 -2.4262076146330736e+00
3162 7.0518467527222599e+00
3163 -2.9433845360961564e+00
3164 -3.2389799075903496e+00
3165 -2.0699058221905884e+00
3166 -2.7625410515784052e+00
3167 -2.7731344787510553e-01
3168 6.8108578965216919e+00
3169 6.9845602667295772e+00
3170 -1.4143853667203314e+00
3171 3.4495581220481397e+00
3172 -2.4389008624826194e+00
3173 1.0158490154054172e+00
3174 -3.7054829500866395e+00
3175 1.1919901416886798e+01
3176 2.9919541102745604e+00
3177 -9.7868716387987176e-01
3178 5.1721349560664409e+00
3179 7.1119751770875652e+00
3180 -3.0513013788130814e+00
3181 2.4485445064591929e+00
3182 -2.9274091732676570e+00
3183 -4.1896820263888923e+00
3184 3.7220775127397174e+00
3185 5.9528558167544681e+00
3186 4.9881071668101349e+00
3187 -1.0855689764549696e+00
3188 -4.1495721291683445e+00
3189 3.4756834707571063e+00
3190 -2.9087689359124207e+00
3191 -3.1257197667429200e+00
3192 -2.5309861324113188e+00
3193 -2.0541584834721744e+00
3194 -3.7422774996839343e+00
3195 -1.2954412141848688e+00
3196 -2.0249933460190435e+00
3197 3.5155772580511679e+00
3198 -3.7180102265937767e+00
3199 6.2599380481710132e-01
3200 -3.9785932687131722e+00
3201 -4.4640611764556422e+00
3202 -3.7359122659766522e+00
3203 4.6303650830116574e+00
3204 -3.8062335326325787e+00
3205 -4.4883291552308275e+00
3206 5.5424539662417596e+00
3207 -3.6970209107350898e+00
3208 -2.6290259066651318e+00
3209 -5.5503532364877955e-02
3210 3.8345545406434223e+00
3211 -4.1765485712189196e+00
3212 -3.7026558403046055e+00
3213 -4.1566936620915138e+00
3214 -3.7074366639724889e+00
3215 -4.0094894932355487e+00
3216 -4.2240941971428194e+00
3217 -3.5907580508943884e+00
3218 -3.9750471696215510e+00
3219 -4.3041769290164771e+00
3220 -4.0586479497590711e+00
3221 9.9548659336915399e+00
3222 1.0142751816354323e+01
3223 -4.6663034266470929e+00
3224 -3.0252990912987965e+00
3225 -3.5670047666609999e+00
3226 -2.6715693340425419e+00
3227 8.8644823074485029e+00
3228 -3.7353075036373626e+00
3229 -4.0105341969513537e+00
3230 -2.2979961439353569e+00
3231 5.7031454584496277e+00
3232 6.0866110051070894e+00
3233 -4.1116508784203907e+00
3234 -1.3090100177853330e+00
3235 -4.2497404298042349e+00
3236 -3.3954958871571215e+00
3237 -4.1121181932924067e+00
3238 -3.8403971892766102e+00
3239 -4.2437099341529851e+00
3240 -4.6033079015938547e+00
3241 -3.8667124246530369e+00
3242 -4.8527613753058363e+00
3243 -4.0652197471434821e+00
3244 -4.1628118907207510e+00
3245 -3.7794716679985427e+00
3246 -3.7840700603727888e+00
3247 -3.3908328135166332e+00
3248 7.4185074708952241e+00
3249 -3.8179229816461331e+00
3250 2.7085874431447476e+00
3251 -3.8706543378033915e+00
3252 -3.7825708829478750e+00
3253 -3.7382941271999623e+00
3254 5.6962250257201932e+00
3255 -3.8293949147041992e+00
3256 6.3801640402886548e+00
3257 -4.1833568410877557e+00
3258 -3.9361026548674540e+00
3259 -3.9371413981103101e+00
3260 -4.2365368330045321e+00
3261 -4.8073037658021427e+00
3262 -3.9396362953037460e+00
3263 -4.4950993883017336e+00
3264 -4.2248053244722152e+00
3265 -3.6074971473586079e+00
3266 -4.1024104611801846e+00
3267 -3.8781361634284544e+00
3268 -3.6159128738215127e+00
3269 -4.5383743275708852e+00
3270 -3.5589031866513237e+00
3271 -4.4800767887218038e+00
3272 -4.2397094512099196e+00
3273 8.1827864484294199e+00
3274 6.1805884688957313e+00
3275 -5.2169733762598245e+00
3276 -4.1502607071314852e+00
3277 -5.5163073313926629e+00
3278 -4.0277298905094545e+00
3279 -3.9204218531934623e+00
3280 4.8202262505435929e+00
3281 -3.4903208201859082e+00
3282 -3.9343264115597392e+00
3283 -3.7137769331719772e+00
3284 3.2983512905122603e+00
3285 6.7788585701243589e+00
3286 -3.8953916080574307e+00
3287 -3.4277625252666621e+00
3288 -4.6276822800773330e+00
3289 -3.6978129554685166e+00
3290 -4.0288944082025093e+00
3291 -4.6138049314353564e+00
3292 5.7111190914334609e+00
3293 -3.6083844278417145e+00
3294 -3.6179415934943551e+00
3295 -3.4477151301749229e+00
3296 -3.9573867715652824e+00
3297 -4.3950917620988212e+00
3298 -3.5612258881665011e+00
3299 -4.6832084922365338e+00
3300 -4.1838079873963370e+00
3301 -3.4922237195663510e+00
3302 -3.9039034360186804e+00
3303 -3.7980368297766298e+00
3304 4.2304253589407921e+00
3305 -4.2630707397221155e+00
3306 -3.7696289865828838e+00
3307 1.2597611178060204e+01
3308 -3.9098801339101428e+00
3309 -3.6099541912326987e+00
3310 -3.8011412496494046e+00
3311 -4.7375031231418214e+00
3312 -3.7291429046691880e+00
3313 -3.9842992643962853e+00
3314 -4.0456923040633299e+00
3315 3.4158474310166285e+00
3316 -4.0513529750965995e+00
3317 8.9658248896074006e+00
3318 5.2054346504469589e+00
3319 9.2621167443839560e+00
3320 -4.5318772606215454e+00
3321 -2.6874067643094461e+00
3322 1.4470316410279056e+01
3323 9.5043518230710422e+00
3324 -4.5110994766727446e+00
3325 -4.2064156707827598e+00
3326 -4.4888811377255875e+00
3327 -3.9610542622319622e+00
3328 -3.4641134387804398e+00
3329 -4.0388732661607589e+00
3330 -3.4885246835286954e+00
3331 6.2806620242852009e+00
3332 6.9659843072737777e+00
3333 4.2006028225358314e+00
3334 -4.0721962458570218e+00
3335 -4.1551856518835484e+00
3336 -3.9314329126870224e+00
3337 -3.9699735551831932e+00
3338 9.4567766099590198e+00
3339 -3.7189858754112453e+00
3340 -3.6532815593384727e+00
3341 -3.1062486717468389e+00
3342 -4.9701026689764252e+00
3343 -4.1492965082242605e+00
3344 -4.5152323359669859e+00
3345 -4.0968215761109912e+00
3346 -4.5953579618053650e+00
3347 -3.6387055030448798e+00
3348 6.3869251163052585e+00
3349 7.8113053552745919e+00
3350 6.5512607993037477e+00
3351 -4.0502412813898596e+00
3352 -3.6061355886619757e+00
3353 -3.4109887146843958e+00
3354 -3.7144564076801188e+00
3355 -4.1134352945620822e+00
3356 -4.0454518099731187e+00
3357 -3.8480568196558651e+00
3358 -4.5628100731428063e+00
3359 8.2977112200082581e-01
3360 -3.7335624719087090e+00
3361 -4.5875487160771531e+00
3362 -3.8135760455638663e+00
3363 -3.1461117177290086e+00
3364 -3.4035743779616436e+00
3365 4.8745924438336230e+00
3366 -3.9792877115261724e+00
3367 -3.2415965631150594e+00
3368 -4.0102038298139737e+00
3369 6.3195673276926119e+00
3370 6.7855376262027089e+00
3371 -3.8264825540699019e+00
3372 -4.5748991578795595e+00
3373 -3.8816269264058989e+00
3374 -3.8144303379003510e+00
3375 9.7725666836018945e+00
3376 -4.5026854179056661e+00
3377 8.3429005087410388e+00
3378 -4.5772677095925447e+00
3379 -4.0034480339910585e+00
3380 -4.5924430809295620e+00
3381 4.1847083541537371e+00
3382 5.4152865029509387e+00
3383 -4.3553537482007387e+00
3384 -3.4223052205789104e+00
3385 -5.1895636607863613e+00
3386 9.1985179319461459e+00
3387 -3.3722654472763365e+00
3388 -3.8459368289592279e+00
3389 -3.8697889336346263e+00
3390 -3.8375271673552480e+00
3391 -4.2731979783243652e+00
3392 -3.2974403013812443e+00
3393 6.1962405359861510e+00
3394 -3.4952675559864081e+00
3395 -3.9771042745982883e+00
3396 -3.4587809689713507e+00
3397 -3.6215664238218142e+00
3398 -3.4149899528120669e+00
3399 9.6761860157599866e+00
3400 -4.5129347223003968e+00
3401 -3.6964295096417774e+00
3402 5.9498812678064716e+00
3403 -3.8084764283345849e+00
3404 -3.6890992846657240e+00
3405 -3.3223689387844875e+00
3406 -4.2178661852286199e+00
3407 -4.1392609453667433e+00
3408 -4.7336592656983036e+00
3409 -3.6983019627462657e+00
3410 -4.7069539009740113e+00
3411 -3.7284182818808898e+00
3412 -3.2164755565026462e+00
3413 4.2677033842486987e+00
3414 -3.7338114146746078e+00
3415 -4.3513283388758026e+00
3416 7.0866885005413156e+00
3417 -4.0626838013108433e+00
3418 -4.3683065880210208e+00
3419 -3.7498571951796156e+00
3420 -3.8909520547594565e+00
3421 -3.3235073635986447e+00
3422 -3.4820998870491779e+00
3423 -3.5854832739561227e+00
3424 -4.0381831937426060e+00
3425 -3.6673705384990258e+00
3426 -3.3309759891728876e+00
3427 -3.8759696244022752e+00
3428 6.3327379225036093e+00
3429 -4.8952453285624227e+00
3430 -3.8702224398204974e+00
3431 -3.5042909536063451e+00
3432 4.1664038502861924e+00
3433 -3.8303338354278100e+00
3434 -3.6233561577633426e+00
3435 -3.9611654214757741e+00
3436 -3.8178686415788379e+00
3437 -4.1737162451752070e+00
3438 -4.0445762930138773e+00
3439 -3.4820778261803036e+00
3440 8.9130147964537922e+00
3441 -3.9989668145850121e+00
3442 -3.6123987915733236e+00
3443 -4.2707964115320358e+00
3444 -3.5763098456850764e+00
3445 -4.5254612621317101e+00
3446 8.1808127520611489e+00
3447 -3.2771079428652845e+00
3448 1.1371070309131690e+01
3449 8.8740679519212211e+00
3450 -1.6935887452433602e+00
3451 -1.9370365817750750e+00
3452 1.1701443201448859e+01
3453 -3.9659099165702187e+00
3454 -3.6235539173854261e+00
3455 -3.9012094893138665e+00
3456 1.1843179554469032e+01
3457 -3.0635741595079491e+00
3458 -4.2015477911730059e+00
3459 6.2646972540768573e+00
3460 3.4288441851915392e+00
3461 -3.3348113638184107e+00
3462 5.4085726691114511e+00
3463 -4.2544072930138137e+00
3464 -3.8617234857952281e+00
3465 7.1694127998736485e+00
3466 6.2845798549462231e+00
3467 -4.7466663151158706e+00
3468 -3.5097467648819536e+00
3469 -3.9776784959239619e+00
3470 -3.6096546198510615e+00
3471 9.2139010354902595e+00
3472 7.1163467740715030e+00
3473 5.3330049304783635e+00
3474 -3.8634832629625517e+00
3475 -5.2889172090035634e+00
3476 -3.7988748164310184e+00
3477 -4.1844977898626299e+00
3478 -3.4539561688282823e+00
3479 -3.4650000862354902e+00
3480 9.8165307047850785e+00
3481 -3.8112482224040005e+00
3482 -4.1137674442107661e+00
3483 -4.0429812551655600e+00
3484 -4.7217144667071800e+00
3485 1.0701028012037558e+01
3486 -5.0411423028526121e+00
3487 -4.7656228268834848e+00
3488 -3.3303413866982039e+00
3489 -3.7184394709330890e+00
3490 -4.0164245512398686e+00
3491 -4.2566007781668249e+00
3492 7.7696131960820720e+00
3493 8.4336360387442131e+00
3494 8.2615103569788175e+00
3495 -4.7869811576574328e+00
3496 -3.7760527787930975e+00
3497 -4.4046449005783259e+00
3498 7.2373776640616052e+00
3499 -3.3932416895352655e+00
3500 -3.3834191261104749e+00
3501 4.9235287168247241e+00
3502 7.5737273182416978e+00
3503 2.3984069489867617e+00
3504 6.1189726439401122e+00
3505 6.6711796758000093e+00
3506 2.4141247382327817e+00
3507 -3.5377896606456449e+00
3508 -3.6546971170928919e+00
3509 -4.0666305661298114e+00
3510 -3.7066417936995948e+00
3511 -2.6618665435945505e+00
3512 -1.8838592011803748e+00
3513 -3.4339959460788054e+00
3514 -4.0736905869073565e+00
3515 5.4852838444778236e+00
3516 -4.4613796834562240e+00
3517 6.7441840896278702e+00
3518 5.1844526502448458e+00
3519 -3.3831604949488732e+00
3520 -3.5087429305323936e+00
3521 3.0685126519636170e+00
3522 -3.8862252008579570e+00
3523 8.9888157586592570e+00
3524 -2.8405332813301838e+00
3525 -4.0730223106939025e+00
3526 -4.3183382238752834e+00
3527 -3.5700748772157356e+00
3528 -3.7076916592938405e+00
3529 -4.2387763553921083e+00
3530 -3.5623681176199660e+00
3531 9.3400097519420804e+00
3532 5.9710240176710379e+00
3533 -3.5060636447592288e+00
3534 -3.6900491051991042e+00
3535 -4.3813439329399744e+00
3536 -3.4706499711104639e+00
3537 9.2077904592202717e+00
3538 -3.8383389996006523e+00
3539 5.9258599831485315e+00
3540 -4.1295395470350611e+00
3541 2.5734984725932137e+00
3542 -3.4576628672338687e+00
3543 -3.7087250891629138e+00
3544 1.0410527602913657e+01
3545 -3.6688659034543223e+00
3546 -4.8024587383502562e+00
3547 -3.5540630305244418e+00
3548 5.9925916084716802e+00
3549 -3.9483241340520387e+00
3550 -4.1518628347697302e+00
3551 -3.6340862719980236e+00
3552 -3.6516523490607882e+00
3553 -3.0672979490846339e+00
3554 -3.5767324865504437e+00
3555 -4.0775858224270785e+00
3556 -4.1601691370466183e+00
3557 7.8402447186108430e+00
3558 -3.4671308396538310e+00
3559 -3.2373926999639644e+00
3560 4.8886923093713248e+00
3561 4.3671073001215115e+00
3562 6.7844144284010213e+00
3563 5.6546420256145611e+00
3564 -3.5516060514265200e+00
3565 -3.3244154540701025e+00
3566 -3.3234363973709473e+00
3567 -3.4990121677548056e+00
3568 -3.6062282401574817e+00
3569 -3.1422399208212846e+00
3570 -3.6173995611049454e+00
3571 -3.0968090941589561e+00
3572 -4.6100124065405357e+00
3573 -3.7844939951949557e+00
3574 -3.5292915246824439e+00
3575 -3.4392433563343698e+00
3576 7.2980181738404220e+00
3577 -3.4958875559932658e+00
3578 -3.6531738601413104e+00
3579 -2.2150851479342557e+00
3580 -4.0712091041594753e+00
3581 -3.5704417217047490e+00
3582 -3.5486501891980922e+00
3583 5.1779167311860714e+00
3584 9.7848581209486447e+00
3585 -3.7238413873941179e+00
3586 7.6069050171660200e+00
3587 -3.2215552917771748e+00
3588 -3.5399423363672704e+00
3589 9.4400364562073324e+00
3590 8.3816205992786674e+00
3591 -3.8038008512192514e+00
3592 -3.3104965181080162e+00
3593 -3.5596269081417642e+00
3594 -4.4433892175290186e+00
3595 9.0795389246605875e+00
3596 1.1196625329417648e+01
3597 4.2907284428174490e+00
3598 -4.0602007869089052e+00
3599 1.2584446882861148e+01
3600 6.8860817582786584e+00
3601 6.6805464612549761e+00
3602 -3.8131478944402355e+00
3603 -3.2209981144172986e+00
3604 -4.2969305494872847e+00
3605 6.8693629813388766e+00
3606 -4.4337704399249587e+00
3607 -3.7164007554310476e+00
3608 -3.1252262037898193e+00
3609 -3.5555064104741732e+00
3610 9.3105364029328701e+00
3611 -3.7894722521688817e+00
3612 7.9442547564771742e+00
3613 4.4928787231522920e+00
3614 1.2450638510152125e+01
3615 1.0503590442359339e+01
3616 5.2969072073682497e+00
3617 -3.5763657412665202e+00
3618 9.2620764761341690e+00
3619 4.9385582424282513e+00
3620 8.1870635864900709e+00
3621 8.1934961969957456e+00
3622 -3.5193380268608969e+00
3623 4.1726656367594028e+00
3624 -3.6322865451495048e+00
3625 8.5303056916087669e+00
3626 -3.6497653926746625e+00
3627 9.9671074758096978e+00
3628 -3.9153298634690477e+00
3629 -3.6762704092470453e+00
3630 -4.2278311981969301e+00
3631 7.1349037850900210e+00
3632 -3.4915546214098523e+00
3633 -3.7523265475830807e+00
3634 -3.5846490345368167e+00
3635 7.9609154290166897e+00
3636 -3.6970667477648620e+00
3637 7.6542716298829738e+00
3638 -3.5778816837194509e+00
3639 -3.8706631222093231e+00
3640 2.1648259094365550e+00
3641 -4.0743145970785370e+00
3642 1.3027775305819674e+01
3643 9.9279455828718142e+00
3644 -3.5843821860762093e+00
3645 -3.6995059843207905e+00
3646 -2.3339125974320911e+00
3647 7.4381037967734169e+00
3648 5.7566655238568316e+00
3649 -3.6449319367476307e+00
3650 -3.3987695241471840e+00
3651 7.9100943586379566e+00
3652 6.8629888769388314e+00
3653 1.1532898630030729e+01
3654 -3.5083248145547645e+00
3655 -3.1623050925039808e+00
3656 -3.6080465397296027e+00
3657 -3.3610714271762294e+00
3658 4.8489304415925609e+00
3659 7.3037046367987726e+00
3660 8.5563311166931726e+00
3661 7.2759973282057251e+00
3662 4.8543623867975851e+00
3663 5.7180197530379173e+00
3664 9.6259639473314369e+00
3665 -3.3552844177910450e+00
3666 1.0940953074907666e+01
3667 4.3721779289502010e+00
3668 -3.8985185056586698e+00
3669 1.1412544387922809e+01
3670 -4.2743926846003228e+00
3671 -3.5766566114495220e+00
3672 -4.2619572690283700e+00
3673 7.9970581135564665e+00
3674 -3.4500974594611487e+00
3675 2.7707567387937968e+00
3676 -3.9696978780934251e+00
3677 -3.1438861311716146e+00
3678 -3.6368025796619512e+00
3679 -3.5695465892807294e+00
3680 -3.5621494917265042e+00
3681 8.5197312323646717e+00
3682 -3.3359677936160663e+00
3683 -3.4622295613472986e+00
3684 -3.3146252230538642e+00
3685 -3.7379004390535342e+00
3686 -3.2776186394996891e+00
3687 -5.0861209899641509e+00
3688 5.1824143021072269e+00
3689 -3.5790368636800491e+00
3690 -3.8205043252724824e+00
3691 -3.6772252363831033e+00
3692 1.1775073707239223e+01
3693 5.9977147184828894e+00
3694 -3.6577321695792451e+00
3695 -3.8326225891560997e+00
3696 -3.7212384931979590e+00
3697 7.0987238412176827e+00
3698 -3.3821804346726467e+00
3699 -3.4788159443567874e+00
3700 -3.0131347342022092e+00
3701 7.2098929375062140e+00
3702 6.7289512665599904e+00
3703 6.6866633740672787e+00
3704 -3.7043661083708677e+00
3705 -3.5695387462894570e+00
3706 -3.7108938537390523e+00
3707 -3.3303089153148395e+00
3708 -3.5617800846218142e+00
3709 -3.7379091304187613e+00
3710 -3.4066432162904361e+00
3711 6.1310017687169598e+00
3712 -3.7309577394665840e+00
3713 -3.4599087777432005e+00
3714 6.5660364341484030e+00
3715 -3.6886363669958726e+00
3716 5.1727746098798706e+00
3717 5.6758064352428113e+00
3718 -3.6896789837196566e+00
3719 -3.6903862495101181e+00
3720 -3.4923999153975132e+00
3721 -3.7717164229167985e+00
3722 3.5577885612728126e+00
3723 -3.5526347902828426e+00
3724 -3.5191528474025358e+00
3725 -3.6833974403178069e+00
3726 -3.7475020524460847e+00
3727 -3.3844316603936830e+00
3728 -2.9218843706795439e+00
3729 -3.7371272239022759e+00
3730 -3.4417665058577303e+00
3731 -2.8225933582975209e+00
3732 -3.6065625069511311e+00
3733 -3.4842581558781172e+00
3734 -3.2157506134593361e+00
3735 -3.7194372268768063e+00
3736 -3.4022920162531354e+00
3737 1.0101730911497675e+01
3738 -3.7695924909214251e+00
3739 -3.3509093556779042e+00
3740 -3.3401301045319167e+00
3741 -3.5097631782657568e+00
3742 -3.1906018965064646e+00
3743 -2.9016026629418930e+00
3744 1.0161418886963997e+01
3745 -3.9096691217601034e+00
3746 -3.2899737311521058e+00
3747 5.4704296693731100e+00
3748 7.5690698304820465e+00
3749 4.5668730969068436e+00
3750 3.5993859790684519e+00
3751 3.7707660716838669e+00
3752 2.5160671553246894e-01
3753 -1.4375235467799237e+00
3754 5.7371122987993832e+00
3755 -2.8968966719606843e+00
3756 6.1822658271677540e+00
3757 4.4277514694822200e+00
3758 4.4847511072300117e+00
3759 3.6710082214937132e+00
3760 9.3312828446889480e+00
3761 -2.4139342295804735e+00
3762 1.1221107237971204e+01
3763 2.4990103697988855e+00
3764 -2.2844094046975845e+00
3765 1.4382533793956764e+00
3766 2.7095010868031131e+00
3767 5.2898804052305337e+00
3768 2.5667350049341402e+00
3769 6.8055359011245065e+00
3770 1.7897682611259640e+00
3771 2.8730204560015480e+00
3772 6.5482263898857322e+00
3773 9.1788887002960695e-01
3774 1.1547497915517399e+01
3775 3.0979972150628030e+00
3776 5.5079836170402841e+00
3777 7.9067230673385467e+00
3778 4.5147422302690448e+00
3779 7.3335703791064653e+00
3780 3.2612030939426044e+00
3781 6.2501098764141290e+00
3782 8.4514191549403499e+00
3783 6.3202371869131175e+00
3784 7.7757239494580404e+00
3785 3.2346271682088359e+00
3786 -2.7178489137212445e+00
3787 6.7065384524412393e+00
3788 -5.3801456682105453e-01
3789 2.4686044254640467e+00
3790 2.6746182155602549e-01
3791 4.0314626470389614e+00
3792 -7.3514190688094161e-01
3793 6.1545353774845468e+00
3794 2.0865517620366303e+00
3795 3.2281556716983921e+00
3796 3.1289518827726628e+00
3797 3.9724542795157411e+00
3798 6.6853539932618835e+00
3799 2.4983921153806898e+00
3800 7.7087211604801897e+00
3801 3.0216716735185285e+00
3802 -1.6158809894237640e+00
3803 7.2026970656435232e+00
3804 -1.6177944552332562e+00
3805 4.6069376118955070e+00
3806 2.4436989947649628e+00
3807 7.8964575644946784e+00
3808 -1.7408306543892362e+00
3809 4.9252049968483291e+00
3810 1.3310381186366076e+00
3811 -1.1414519135573646e+00
3812 1.6562698541925611e+00
3813 5.6972949880029828e+00
3814 -1.9009929135359460e+00
3815 2.9136556241816209e+00
3816 -1.1792298204177327e+00
3817 4.2837856906041578e+00
3818 5.1067209774157361e+00
3819 3.5526273277862348e+00
3820 2.2901628821381528e+00
3821 2.4889837396033925e+00
3822 -2.3844605740628735e+00
3823 3.0496194867907604e+00
3824 2.5764624615255509e+00
3825 2.1884049300734381e+00
3826 1.0084627988936935e+01
3827 -8.2394062980149174e-01
3828 3.7519727735941317e+00
3829 -3.0089692277469857e+00
3830 5.6383745775322840e+00
3831 4.4202124575340420e+00
3832 2.5079907330528677e+00
3833 4.9912910073833903e+00
3834 7.8232575504680222e+00
3835 2.9100519107717453e+00
3836 -9.1198858303049124e-01
3837 5.2010054559592795e+00
3838 -1.2042056096447389e+00
3839 2.1634558521827798e+00
3840 4.5161381662918174e+00
3841 3.0058201281680339e+00
3842 2.4559408543559624e+00
3843 4.6233071369506495e+00
3844 4.3114149347853159e+00
3845 8.0682946147436603e+00
3846 2.8165693647245051e+00
3847 -1.7164255811620202e+00
3848 -2.5991090964226493e+00
3849 1.1390527003401310e+00
3850 -1.5177169534530228e+00
3851 5.7273821061262886e+00
3852 2.5544554336924969e+00
3853 -1.0927673047675024e+00
3854 6.8629671449399465e+00
3855 4.8342584995818401e+00
3856 2.5307895821829156e+00
3857 1.2616074867544033e-01
3858 2.3424358372680854e-01
3859 6.3686662832863359e+00
3860 5.6652490240846154e+00
3861 2.1747803158922996e+00
3862 -1.4616745735675776e+00
3863 9.8477605149331404e-01
3864 -2.4821388648430114e+00
3865 -2.0297711234004431e-01
3866 3.7277284853516122e+00
3867 4.3597221367191965e+00
3868 1.0957045288116330e+01
3869 2.9672992429168956e+00
3870 2.6982712792715478e+00
3871 6.5066366714194190e+00
3872 -1.1094945544716535e+00
3873 -8.9595629994645287e-01
3874 3.8080125841434009e+00
3875 4.9803487807278435e+00
3876 2.8398141565082509e+00
3877 -4.0299995225961838e-01
3878 2.4863720180106894e-01
3879 6.9800179099765378e+00
3880 7.2771556389261001e+00
3881 2.4588323405836419e+00
3882 4.3996269097041241e+00
3883 2.7249822737124854e+00
3884 1.0148763559658187e+00
3885 -1.5136578814890917e+00
3886 6.2860915576123755e-01
3887 4.9654676625887584e+00
3888 6.3520904587165186e+00
3889 3.1633266739128731e+00
3890 3.7467516791577760e+00
3891 2.6050341185528407e+00
3892 4.3185432954388494e+00
3893 -5.1795025055375483e-03
3894 4.5006336821522419e+00
3895 4.3057418150796591e+00
3896 6.1133747125743723e+00
3897 4.1062295158055422e+00
3898 5.8334795497620897e+00
3899 3.2133636169728721e+00
3900 6.7307693242414093e+00
3901 5.2427145167853650e+00
3902 8.2868034756068418e+00
3903 2.6674624467258896e+00
3904 2.6271734114157939e+00
3905 -5.4067928709826285e-01
3906 -2.9460897926054401e+00
3907 2.6386705299394007e+00
3908 -1.6363879640108012e+00
3909 5.2197488786628536e+00
3910 2.5586827770871272e+00
3911 5.4397119202574622e+00
3912 -1.7951941003603438e+00
3913 3.4219981111355509e+00
3914 -1.7867274773634423e-01
3915 2.5230292765480344e+00
3916 -1.2138539269635875e+00
3917 4.6749115691836014e+00
3918 7.3649760621210678e+00
3919 1.4591718653964509e+00
3920 1.2092599200188605e+00
3921 -1.8932958333765453e+00
3922 3.0085737973596669e+00
3923 4.0373258145417674e+00
3924 5.2970062570403309e+00
3925 -3.1149999345181145e-01
3926 -1.5176676799637099e+00
3927 -2.0053045693044798e+00
3928 3.1956603658803195e+00
3929 2.6236439776286852e-01
3930 3.6180588364569606e+00
3931 4.4680545281643642e+00
3932 3.6640939195032525e+00
3933 -2.4669696637541727e+00
3934 -1.6495791431506301e+00
3935 4.9713929402535735e+00
3936 4.4303439654880767e+00
3937 6.3155788853269179e-01
3938 -2.4116507095697606e+00
3939 -2.1741498253580329e+00
3940 2.6472329532574737e+00
3941 2.5620423152663290e+00
3942 5.7010420030604469e-01
3943 -1.6363950462310808e+00
3944 5.4966595083939945e-02
3945 2.5811729418878775e+00
3946 5.0441915171660110e+00
3947 4.4198258756119957e+00
3948 4.8500510479465992e+00
3949 -1.9426311285209177e+00
3950 2.7263568982006574e+00
3951 5.2691420605963248e+00
3952 2.0142495078367656e-02
3953 -1.4712659848378880e+00
3954 3.5487110102370525e+00
3955 -2.3102288210096318e+00
3956 2.8668846780933923e+00
3957 -9.4487179766752161e-01
3958 6.1558443800211569e+00
3959 2.4696665719115494e+00
3960 2.1854077671664876e-02
3961 4.8204734725570084e+00
3962 -2.8506848399068256e+00
3963 -2.2636984081374858e+00
3964 8.9822513991934971e-01
3965 5.6155985556782948e+00
3966 3.5823657662168431e+00
3967 3.6296126551014805e+00
3968 2.4424699710536770e+00
3969 3.5361725130596429e+00
3970 -2.4751280786717658e+00
3971 1.3008125740528647e+00
3972 -1.0220298853730234e-01
3973 -1.6622885951801876e+00
3974 7.7944513452192057e+00
3975 2.6045560525233595e+00
3976 1.8223824780215792e+00
3977 3.5831926702918695e+00
3978 5.6115434726066802e+00
3979 3.3793776530321433e+00
3980 3.3666493615363597e+00
3981 2.5198023113208206e+00
3982 5.3043133280313963e+00
3983 3.1568857510506949e+00
3984 -1.3273652032580632e+00
3985 -6.4580986684907193e-01
3986 6.0988915943116826e+00
3987 -2.0685823607161509e+00
3988 4.8126936014806052e+00
3989 5.3990053066016683e+00
3990 -2.4864813701538870e+00
3991 -2.0087674271669469e+00
3992 2.5414744261860851e+00
3993 3.3620387513580203e+00
3994 -2.4271940069738140e+00
3995 5.2674302689016694e-01
3996 2.4171922643238202e+00
3997 2.8674909844914067e+00
3998 -1.1873765958620526e+00
3999 2.6418857260190944e+00
4000 -1.9893256912430755e+00
4001 2.5763287553803167e+00
4002 4.3785923607274857e-01
4003 5.3215388065139346e-01
4004 -1.3201281839824526e+00
4005 2.7166279411267240e+00
4006 3.3433223485318009e+00
4007 2.5231390240838585e+00
4008 2.8733087117598872e+00
4009 8.0915589652837638e-01
4010 -9.3154097068507713e-01
4011 3.4490765156880889e+00
4012 2.8095482243494581e+00
4013 2.5878161643661395e+00
4014 9.6622289160935593e-01
4015 3.8601352579276349e+00
4016 -2.6269337338721135e+00
4017 2.0299931877743860e+00
4018 2.5762072271399874e+00
4019 -6.1239882119443534e-01
4020 -1.0492465311626094e-01
4021 4.3663299644768747e+00
4022 4.2651641412984995e+00
4023 -2.0455587465483780e+00
4024 -2.9934782144810321e+00
4025 -1.3663407813247699e+00
4026 5.3295312186759185e+00
4027 3.0333971843852647e+00
4028 4.1516577909256265e+00
4029 4.1295093530322502e+00
4030 2.6131626527063174e+00
4031 5.7751798467604507e+00
4032 -2.7328794615482206e+00
4033 3.5403465738619273e+00
4034 -1.5793422446414609e+00
4035 -2.5650175783284044e+00
4036 2.2575534662573955e+00
4037 5.0846698116690554e+00
4038 3.2042932230145791e+00
4039 -1.7957594712290952e+00
4040 6.6591665721602809e+00
4041 -1.0670464502557560e+00
4042 -2.2541299040527552e+00
4043 1.8614284340344287e+00
4044 -1.0750432325349526e+00
4045 3.2663823717077531e+00
4046 9.9732221432668688e-02
4047 2.5214824166887935e+00
4048 -1.1136732569539978e+00
4049 1.0244033922696409e+00
4050 6.5747377254332324e+00
4051 2.7351212728575418e+00
4052 3.6490642720666999e+00
4053 8.4206749519599366e-01
4054 -2.6216087247586346e+00
4055 2.5470524678394093e+00
4056 5.6303390415234142e+00
4057 6.3212220214427406e+00
4058 4.1344343017329912e+00
4059 2.3900312015346206e+00
4060 1.3240545825771617e+00
4061 -7.6314068159297699e-01
4062 -1.2681309748416694e+00
4063 -1.2578429270004168e+00
4064 -1.3593261432126331e+00
4065 2.5367465765286146e+00
4066 1.2269445926712749e-01
4067 -3.9261685674235997e-01
4068 -2.6308466488158806e+00
4069 5.4502117762654096e+00
4070 -2.6250220810711720e+00
4071 2.5286987309522901e+00
4072 -2.0370903417173332e+00
4073 -1.1515115127016857e+00
4074 -4.8736469038392582e-01
4075 4.6365963196309545e+00
4076 6.7872584896146142e+00
4077 -2.8977716161618339e-01
4078 3.6315038362261700e+00
4079 3.1697372489745583e+00
4080 1.9544404763054590e+00
4081 -2.7787646503308772e-02
4082 7.9098103551384495e+00
4083 9.5258676778730889e-01
4084 -1.4495304151427135e+00
4085 8.4983453225081682e+00
4086 2.7375040241285453e+00
4087 -2.0930222909055960e+00
4088 -8.3518029168014907e-01
4089 3.0540063175758974e+00
4090 8.1902574410100222e+00
4091 -9.7813267063138853e-01
4092 -5.6791699471394307e-02
4093 -2.0212678210572927e+00
4094 -2.6507950419392774e+00
4095 5.8326825633903630e+00
4096 3.8108752245021567e+00
4097 1.8357287552760790e+00
4098 1.6838456973382772e+00
4099 2.6276404374654692e+00
4100 2.5940142437412850e+00
4101 7.1279580174236745e+00
4102 -2.0845658228172241e+00
4103 3.1928757552185414e+00
4104 7.3018775691447302e-01
4105 2.5878231603075252e+00
4106 -3.4255680305497593e+00
4107 -3.5002759645150325e+00
4108 2.9225588095512363e+00
4109 -3.4541812923164672e+00
4110 -3.3605174255518659e+00
4111 -3.4235614170237056e+00
4112 -3.3755822949818186e+00
4113 -3.2684506787702201e+00
4114 -3.6849075650464931e+00
4115 -3.8533441912260633e+00
4116 -3.3697118211439205e+00
4117 -3.5189596406120573e+00
4118 -3.3658191220249805e+00
4119 -3.5554962329784381e+00
4120 -3.3738846588917975e+00
4121 -4.2855036222390543e+00
4122 -3.4462036861862115e+00
4123 -3.6048029301725126e+00
4124 -3.5289188635598965e+00
4125 -3.7449147137000991e+00
4126 -3.7869732550576654e+00
4127 -3.7775758263267978e+00
4128 -3.1025285231970741e+00
4129 -3.6023985270361800e+00
4130 -3.4463213845258052e+00
4131 -3.3226548675242631e+00
4132 -3.2115748123187942e+00
4133 -3.2346475771490457e+00
4134 -3.1627507699305610e+00
4135 -3.2803244392225150e+00
4136 -3.4902400508387954e+00
4137 -2.8212127726722169e+00
4138 -4.1071838847013042e+00
4139 -3.1521358290465904e+00
4140 -3.9297606314361344e+00
4141 -4.1418713747462057e+00
4142 -3.6386520959842756e+00
4143 -4.0071727821939600e+00
4144 -4.0119170428403894e+00
4145 -3.5906603483832273e+00
4146 -3.1366731757252762e+00
4147 -3.6464280672824030e+00
4148 -3.5106845719981701e+00
4149 -3.8187955490627172e+00
4150 -3.6469225179337537e+00
4151 -3.5160335564789560e+00
4152 -3.4430278781286718e+00
4153 -3.9985793278422972e+00
4154 -3.5526161383088866e+00
4155 -3.6475115568842198e+00
4156 -3.5969385024824740e+00
4157 -3.2430203143015288e+00
4158 -3.6600934887224974e+00
4159 -3.4540571507756606e+00
4160 -3.7656481776147883e+00
4161 -3.2095591473567096e+00
4162 -3.4635086728013387e+00
4163 -3.6793970291909144e+00
4164 -3.8375194519021871e+00
4165 -3.6890272533681219e+00
4166 -3.4888436317435145e+00
4167 -3.6709983403473521e+00
4168 -3.6230764073945143e+00
4169 -3.6945870907442595e+00
4170 -3.3355048598816892e+00
4171 -3.7051694269424691e+00
4172 -3.9292759416661021e+00
4173 -3.8315607859140823e+00
4174 -3.8965324311892555e+00
4175 -3.7155607521255560e+00
4176 -3.5717986367034680e+00
4177 -3.5144549478589409e+00
4178 -4.1087237833684922e+00
4179 -3.9478616633202903e+00
4180 -3.4438211163714265e+00
4181 -3.8560968565043381e+00
4182 -3.3248785425579488e+00
4183 -2.4907481482586475e+00
4184 -3.5530352955457896e+00
4185 -3.3786283846453000e+00
4186 -3.3258079161084830e+00
4187 -4.1605744230367581e+00
4188 -3.6786076432221830e+00
4189 -3.2119863091524508e+00
4190 -3.6102631858308758e+00
4191 -3.6520098598966877e+00
4192 -3.3896141606227443e+00
4193 5.9058521924791449e+00
4194 -4.1674718967289541e+00
4195 -3.9106349991103295e+00
4196 -3.4950295562813749e+00
4197 -3.2536694273979885e+00
4198 4.6998112841557909e+00
4199 -3.9820111962705553e+00
4200 -3.7450344624883516e+00
4201 -3.9297351068137454e+00
4202 -2.5715807592442093e+00
4203 -3.3442276038334184e+00
4204 -3.2251639595241488e+00
4205 -3.1639981863309012e+00
4206 -3.1179196316116027e+00
4207 -3.5274834948987155e+00
4208 -3.6114960529026456e+00
4209 -3.4447258657277331e+00
4210 7.4592037443956638e+00
4211 -3.4661923450082219e+00
4212 -3.2875053373808503e+00
4213 6.0588694040007027e+00
4214 6.9452386138647304e+00
4215 -3.7964856561740170e+00
4216 -3.2757760961900004e+00
4217 -3.7946171738203112e+00
4218 -3.6813770978791229e+00
4219 1.2640173007354061e+01
4220 -3.5752971108368472e+00
4221 -2.8606770856697898e+00
4222 -3.8323237718956835e+00
4223 4.4294669663544592e+00
4224 -3.3269254802244967e+00
4225 -2.9774087018398636e+00
4226 -4.1592327779051432e+00
4227 -3.7368635621750310e+00
4228 -3.3953245879389478e+00
4229 -3.6185938938720801e+00
4230 7.5866414723341977e+00
4231 -3.5829030498617525e+00
4232 -3.7800490480284896e+00
4233 -3.5528386458956245e+00
4234 -3.9368943297527386e+00
4235 -3.6486951213681751e+00
4236 -3.7112532024146767e+00
4237 -3.7635903578801733e+00
4238 -3.7825822822819948e+00
4239 -3.6857180736671014e+00
4240 -3.5100406957371533e+00
4241 -3.5260936804431502e+00
4242 -3.5891625403292911e+00
4243 -3.9179574111575208e+00
4244 8.3633460635349142e+00
4245 -3.5947086214294859e+00
4246 -4.5064870721861503e+00
4247 -4.0407636955307753e+00
4248 -3.7686076742578947e+00
4249 -3.7113230090601443e+00
4250 -3.5687718016770873e+00
4251 -3.6222494872931654e+00
4252 -3.4446231452128893e+00
4253 -3.7325974754215725e+00
4254 -3.8529199296261765e+00
4255 -4.0102974708892649e+00
4256 -3.3361430965927599e+00
4257 5.8451316079202824e+00
4258 -3.9462688498329483e+00
4259 -2.4100908630153577e+00
4260 -3.6958713630327868e+00
4261 -4.1163214330237290e+00
4262 -4.4978034850193538e+00
4263 -3.8736176889495457e+00
4264 -3.4316768046534230e+00
4265 -3.7982059398537404e+00
4266 -3.3982761461572806e+00
4267 -3.3169774433454235e+00
4268 -4.1765333846849195e+00
4269 -3.8523454378257869e+00
4270 -3.3657665132620256e+00
4271 -3.7416442741283076e+00
4272 6.9210293222565058e+00
4273 -3.5692175524593353e+00
4274 -3.5258969290115574e+00
4275 -3.5829576424616012e+00
4276 -3.8288084846260766e+00
4277 -3.7608559289357526e+00
4278 -3.5708805784877429e+00
4279 -3.7861782964333539e+00
4280 -4.2046926529658357e+00
4281 -3.4875629255821790e+00
4282 3.3608977864069494e+00
4283 -3.8468799147545130e+00
4284 -3.7173040237348021e+00
4285 5.1832409801830597e+00
4286 -3.5846890417716470e+00
4287 -3.4174008103143967e+00
4288 4.5167107954159711e+00
4289 7.7282431378399945e+00
4290 -3.6700590017154009e+00
4291 -3.1776233550387425e+00
4292 -3.2552039802677983e+00
4293 -3.7756828950412484e+00
4294 -3.8564169082587743e+00
4295 -3.5119909268730387e+00
4296 -3.7542215446802438e+00
4297 -3.9079910651678116e+00
4298 -3.7412007415086106e+00
4299 -3.6869759453904791e+00
4300 8.5135877726134321e+00
4301 -3.7088833795995861e+00
4302 8.5366554453047900e+00
4303 -3.5406313795799447e+00
4304 -4.1442800699042612e+00
4305 -3.2946252076777287e+00
4306 -3.8829359557470040e+00
4307 -4.0512615292648686e+00
4308 -3.9074400802000344e+00
4309 -3.9632928603262916e+00
4310 -3.2474892921866290e+00
4311 4.8919194420606527e+00
4312 -3.6866142087072413e+00
4313 -3.6996349327564957e+00
4314 -4.0119261089951745e+00
4315 -3.7044367134106495e+00
4316 -3.8140011702492145e+00
4317 -4.0201377096042812e+00
4318 -4.0434495792836387e+00
4319 -4.2821374276846038e+00
4320 6.2785406427407002e+00
4321 9.9020927414830595e+00
4322 -4.2126939231881284e+00
4323 -3.5855177499376025e+00
4324 -3.5827338352678266e+00
4325 -3.3995077104705822e+00
4326 -3.4250551349384475e+00
4327 -3.8756783372985626e+00
4328 -3.8452406218808028e+00
4329 -4.2205928447096639e+00
4330 -4.0156761709679314e+00
4331 -4.0610525041117711e+00
4332 6.6788662942703709e+00
4333 -4.0602532836913907e+00
4334 -3.2691984203999458e+00
4335 -4.2972263983652104e+00
4336 7.2436887700772052e+00
4337 7.7694120425015862e+00
4338 -3.5203964473116396e+00
4339 -3.8957087210192380e+00
4340 -3.4208780069025133e+00
4341 -3.3326569941783730e+00
4342 -3.7549498203800882e+00
4343 -3.3483689405817856e+00
4344 -3.5722042045568529e+00
4345 -3.4866593917250084e+00
4346 -4.0311113093751096e+00
4347 -3.4467961152605731e+00
4348 -4.0499302885936581e+00
4349 6.7084737508619661e+00
4350 -3.8326923911321771e+00
4351 -3.9017367165401988e+00
4352 -3.5089822760047995e+00
4353 -3.6987762129313055e+00
4354 -2.9870626554611412e+00
4355 -4.1882233941511871e+00
4356 6.8217230936106148e+00
4357 -3.5837448685439885e+00
4358 4.0535706108604801e+00
4359 -4.1222416289508237e+00
4360 -3.7541557285315643e+00
4361 -3.1784117297420540e+00
4362 -4.6661786950003838e+00
4363 -3.6385963707458813e+00
4364 -4.2789144978893212e+00
4365 -3.8156838460667446e+00
4366 -3.9391921229080209e+00
4367 3.7212922502449564e+00
4368 -3.7891256171520578e+00
4369 -3.7395820035181631e+00
4370 -3.9697564248442281e+00
4371 -4.0272467967614256e+00
4372 -3.5434988219299397e+00
4373 -3.7775393427648853e+00
4374 -3.8540831375554454e+00
4375 -3.7979244864323309e+00
4376 -4.6933775507414222e+00
4377 -3.7082077384570309e+00
4378 -3.6339453723361435e+00
4379 -4.1545474763181316e+00
4380 -3.5705875567928289e+00
4381 -4.2639827477684911e+00
4382 -3.9234661315652568e+00
4383 -3.8636193462563209e+00
4384 -3.7541409856923305e+00
4385 -3.9963724581697933e+00
4386 -3.5018063823586125e+00
4387 -3.4513145259286362e+00
4388 7.0001666460621337e+00
4389 -3.4227927514661194e+00
4390 -4.1776252109112297e+00
4391 1.3309284895452716e+01
4392 -3.5657844742244262e+00
4393 -3.8094893490715651e+00
4394 -4.0586253051550871e+00
4395 4.7551432566887533e+00
4396 6.7713014573576125e+00
4397 -4.1003040850733576e+00
4398 7.7926770885569479e+00
4399 6.6616166436705306e+00
4400 8.1749849910987962e+00
4401 -4.2423825698170887e+00
4402 7.8155772560860735e+00
4403 -3.9458770643624277e+00
4404 -3.9317328192427046e+00
4405 -4.0293855615098515e+00
4406 -4.0070671907759650e+00
4407 9.6899229214652127e+00
4408 -3.4763986581076036e+00
4409 1.2251329222420537e+01
4410 -4.0094610042478278e+00
4411 -4.3548530599372679e+00
4412 -4.2917189282596295e+00
4413 -4.5925848136984673e+00
4414 -3.9848538084053118e+00
4415 2.6622077695363413e+00
4416 -3.3850143515239237e+00
4417 9.8316629732364937e+00
4418 7.1786887874068235e+00
4419 -3.7863114898318844e+00
4420 -3.9108840551739017e+00
4421 -4.3049287986157463e+00
4422 -4.1057504286690714e+00
4423 -4.1655314874967839e+00
4424 -3.8730559960962800e+00
4425 -4.2897017194687885e+00
4426 7.0570512564501184e+00
4427 -3.6483118813472637e+00
4428 -4.6317183698409963e+00
4429 -3.8523497444629911e+00
4430 -3.9084439622837857e+00
4431 -3.4923655407603014e+00
4432 -3.5363146014484625e+00
4433 -3.7568171002416553e+00
4434 1.0047909595941009e+01
4435 -3.6591571462780701e+00
4436 -3.7735225578074361e+00
4437 -3.9742118300843385e+00
4438 -2.8212610559363758e+00
4439 -3.8274464735623877e+00
4440 -3.3025296782019127e+00
4441 8.7097969363292780e+00
4442 -3.1108878584050910e+00
4443 -3.8466368107606339e+00
4444 -4.6265709629404954e+00
4445 -3.8194812330156345e+00
4446 -3.5762217753051959e+00
4447 -4.4100152025254014e+00
4448 -3.7571126208487353e+00
4449 -4.2768532415407403e+00
4450 5.7232568830801727e+00
4451 8.6046253543776512e+00
4452 -3.8683380775223850e+00
4453 -3.2489938877050255e+00
4454 -4.4693852171218929e+00
4455 -3.4643953921285324e+00
4456 1.3847900999139369e+00
4457 -3.9450272728144058e+00
4458 -3.3790375781512632e+00
4459 -3.6543423552331276e+00
4460 -3.3892422887773952e+00
4461 7.5569176454754343e+00
4462 -3.7414544226243769e+00
4463 -3.8512667451888372e+00
4464 5.1562923891884909e+00
4465 1.0677778888154188e+01
4466 -3.6838448586859278e+00
4467 -3.9775924552509512e+00
4468 -3.8597713019094053e+00
4469 8.4977995021096113e+00
4470 -3.5596500709058496e+00
4471 7.1132661324706898e+00
4472 9.1103552767596092e+00
4473 -3.9426014388102653e+00
4474 8.6396609028189477e+00
4475 -3.7917756231389936e+00
4476 -3.6234769125128796e+00
4477 7.3415797538626322e+00
4478 8.2685306181254283e+00
4479 -5.0108028941839935e+00
4480 5.3355284372099945e+00
4481 5.9816899720485068e+00
4482 -3.7053827523668361e+00
4483 -3.4662053452711725e+00
4484 -4.3767420703673583e+00
4485 -3.4937789631564398e+00
4486 5.6854540193981054e+00
4487 1.1504218569040425e+01
4488 -3.9646139894694805e+00
4489 3.0453473939210394e+00
4490 6.4828346877061254e+00
4491 -3.6602701628409053e+00
4492 5.4537323069778401e+00
4493 -3.3932950285094066e+00
4494 8.5201056730593585e+00
4495 8.0375577328436894e+00
4496 5.0990972006152813e+00
4497 7.3581565080219598e+00
4498 7.1187365230964552e+00
4499 6.7066163950320785e+00
4500 -3.4346495142752675e+00
4501 -3.8167544083484328e+00
4502 -3.8459040421114876e+00
4503 8.4481036225664621e+00
4504 5.3032864739597985e+00
4505 -3.6892725499415255e+00
4506 -4.1869436455183173e+00
4507 3.4496434730024128e+00
4508 -4.0014957711665824e+00
4509 -3.6442958563371821e+00
4510 9.6954588358565097e+00
4511 -3.6432085720086640e+00
4512 -3.3870940342947513e+00
4513 8.6132073326496972e+00
4514 6.6076187319086479e+00
4515 -4.1020289701097417e+00
4516 9.6289795991280105e+00
4517 8.1889022491727630e+00
4518 8.6800309519559402e+00
4519 9.3538948138485729e+00
4520 -3.3595714788615125e+00
4521 -4.3914619692647809e+00
4522 8.6341389013749392e+00
4523 9.2074858602429366e+00
4524 -3.9616602675556711e+00
4525 -4.3759830877132053e+00
4526 -3.5161934072349714e+00
4527 3.0105109227279021e+00
4528 6.3936323564923754e+00
4529 -3.9888820271558632e+00
4530 -4.0191740280020243e+00
4531 1.1692839556240811e+01
4532 -4.0809391297148272e+00
4533 -3.5652815904586301e+00
4534 7.8745009739492673e+00
4535 6.3212692233863397e+00
4536 -4.3495470077804423e+00
4537 -3.8365617107689722e+00
4538 5.1727694995268489e+00
4539 -4.8213857659457720e+00
4540 -3.3493793643240672e+00
4541 5.5232783103711656e+00
4542 -3.4418939006290006e+00
4543 1.1098978886259122e+01
4544 -4.5172603008056385e+00
4545 -3.8778562850350449e+00
4546 1.0842993272374686e+01
4547 6.4753862711412156e+00
4548 -4.1308741959748563e+00
4549 -3.9053333038056572e+00
4550 4.0453140077468897e+00
4551 1.0573467946036036e+01
4552 6.9330623109137708e+00
4553 9.6204861440105809e+00
4554 5.5026063286832176e+00
4555 2.8987615996460376e+00
4556 -4.4222577205365363e+00
4557 -3.9312979166507009e+00
4558 -4.1848184820394403e+00
4559 -3.9182018600751478e+00
4560 7.6274989445509487e+00
4561 -3.2162874283302503e+00
4562 -3.5179821458778955e+00
4563 4.8933885373873576e+00
4564 -3.5697859627247555e+00
4565 7.6363552028001704e+00
4566 -4.3160078481082200e+00
4567 -4.2025082590016298e+00
4568 -4.1017839243737804e+00
4569 -3.1018963444398748e+00
4570 -3.9912625849929722e+00
4571 7.9751090453883560e+00
4572 -3.9079603611382767e+00
4573 6.4008384031497725e+00
4574 8.2581113333504703e+00
4575 5.2445274184512423e+00
4576 -4.0110664606784754e+00
4577 -3.7186414503876626e+00
4578 6.0571401211872375e+00
4579 4.6665456253521471e+00
4580 6.2501146250544384e+00
4581 8.8780845693032227e+00
4582 -4.1578451001840726e+00
4583 1.6267935628859755e+00
4584 1.1763204025263837e+01
4585 -3.5499170430804479e+00
4586 7.1719754295064417e+00
4587 1.0149148322417551e+01
4588 2.9130676890412421e+00
4589 9.1887625836304903e+00
4590 -4.5218079851158164e+00
4591 5.9701660163806292e+00
4592 8.9533501070950372e+00
4593 6.9453511964051629e+00
4594 6.0044744815594955e+00
4595 -3.7198586068905439e+00
4596 7.5841679739209233e+00
4597 1.0658780845291375e+01
4598 -3.8274651622774165e+00
4599 1.3164756170322693e+01
4600 8.9417604405050195e+00
4601 5.1169361528893154e+00
4602 -3.5904269661754671e+00
4603 8.7270074986104280e+00
4604 5.7407493632836557e+00
4605 7.6949894971006350e+00
4606 8.7465696103186374e+00
4607 -4.5639150109890183e+00
4608 9.1899000511383413e+00
4609 5.6097845495153793e+00
4610 6.8011874385423692e+00
4611 1.0426468922064149e+01
4612 9.2786793481616527e+00
4613 -4.0696055864616110e+00
4614 7.8141746491240829e+00
4615 5.7994523378439515e+00
4616 1.1244581235670307e+01
4617 2.5705105289922492e+00
4618 7.9137458149196735e+00
4619 -4.7949881098904026e+00
4620 9.6967990073486909e+00
4621 3.7477953580194119e+00
4622 9.2415571478877343e+00
4623 1.1943706958506521e+01
4624 4.3459089541928497e+00
4625 6.3192139540078509e+00
4626 6.2609875101713621e+00
4627 8.2396389557589718e+00
4628 -4.1293853344381120e+00
4629 8.3876006762185664e+00
4630 5.1335347117202073e+00
4631 9.0466452926422658e+00
4632 9.2774873613195368e+00
4633 6.6617081639989220e+00
4634 4.8733216645103177e+00
4635 9.0784231125673500e+00
4636 1.0604096919345405e+01
4637 4.1764881803942853e+00
4638 8.8388134756422012e+00
4639 -1.4065994505193449e+00
4640 7.6047258510740807e+00
4641 6.6756261974222006e+00
4642 3.2202119299940657e+00
4643 -1.5119832125561117e+00
4644 6.5084503003022727e+00
4645 3.4816703611632462e+00
4646 8.4634031879950040e+00
4647 2.6251556000089442e+00
4648 9.0281461236108218e-01
4649 -1.4211693752121413e-01
4650 2.0650326195368205e+00
4651 6.2001787767616490e+00
4652 -8.7001724854792906e-01
4653 9.9111615645490769e-01
4654 5.3196515681867262e-01
4655 4.2828754932986177e+00
4656 1.0599725621152344e-01
4657 2.6357281623342055e+00
4658 2.7614268915353390e-01
4659 -2.1922880534014797e+00
4660 4.8758214244911153e+00
4661 2.3101293631135298e+00
4662 -7.0135302765775209e-01
4663 6.3044973294793154e+00
4664 4.2497973406673428e-01
4665 6.2774533411126372e+00
4666 -2.0899382824015787e-02
4667 -2.1160740812941306e-01
4668 3.7890061866922387e+00
4669 6.5083619865191702e+00
4670 2.4293278892966694e+00
4671 4.6726356376271738e+00
4672 -2.0161400310978994e+00
4673 5.5742198860056433e+00
4674 3.2951982234356625e+00
4675 3.5720704841044322e+00
4676 7.1436380899058793e+00
4677 2.4975524750200946e+00
4678 3.4883395891127140e+00
4679 2.9897541031744348e+00
4680 1.6828468998876904e+00
4681 4.2308636654935734e+00
4682 2.1329918634651492e+00
4683 -3.5674187813072428e-01
4684 2.8697068764889897e+00
4685 7.9334061593225931e+00
4686 -2.2026761672313420e+00
4687 -2.0321808687361211e+00
4688 8.9158571630002807e+00
4689 5.2046833138155755e+00
4690 3.1292672180584415e+00
4691 4.9872663908892862e+00
4692 4.1133915970492509e+00
4693 6.1625582883497927e+00
4694 -1.2751110547104270e+00
4695 -1.7411098368068878e+00
4696 2.7631178318248795e+00
4697 2.2112361263921727e+00
4698 -2.5402116378441808e+00
4699 3.9770176539944484e+00
4700 4.4315833840041954e+00
4701 5.7690408734912797e+00
4702 1.6445738629675581e+00
4703 1.9150426949114439e+00
4704 1.0347949194831223e+00
4705 6.5528793027471259e+00
4706 7.8485814467090043e-01
4707 2.5375205759114512e+00
4708 8.3946878936002172e+00
4709 -1.8093452361588060e+00
4710 2.0195789039062668e+00
4711 2.2771733571094273e+00
4712 1.1778626102061287e+01
4713 3.5853081341502917e+00
4714 4.0030871577513345e+00
4715 6.7949750796724331e+00
4716 -1.7467890196692146e+00
4717 5.5609389048722404e+00
4718 2.3571967595221524e+00
4719 2.9974913621567389e+00
4720 -2.2083353953145148e+00
4721 5.6783997205805266e+00
4722 6.6149503512346568e+00
4723 5.8909321690748886e+00
4724 5.4094013989088674e-01
4725 3.7438378134890767e-03
4726 -2.3114167533208136e+00
4727 4.8342581086330760e+00
4728 2.7215609367412501e+00
4729 4.6221161765961911e+00
4730 3.7832726136734989e+00
4731 2.5541253444718754e+00
4732 9.9339573714952856e+00
4733 3.6662951376654647e+00
4734 3.7201741787417397e+00
4735 9.1939462957003020e+00
4736 -1.4581173243458621e+00
4737 -1.6871797786308083e+00
4738 3.4279158522220006e+00
4739 -1.0786532591584876e+00
4740 3.9233570212900348e+00
4741 9.3744005481697599e+00
4742 -2.0705390695723527e-01
4743 2.2669127990323887e+00
4744 2.4729300627156383e+00
4745 2.6183353727550376e+00
4746 6.2788490899228826e+00
4747 6.2148388213270200e+00
4748 3.4467175605995246e+00
4749 3.4069062726738029e+00
4750 6.0847399854811473e+00
4751 2.4700531289429928e+00
4752 -4.2220236626124985e-01
4753 -2.5130985072961298e+00
4754 1.2451621203650869e+00
4755 4.8358474742675925e+00
4756 2.9845872000868474e+00
4757 3.0181694919931328e+00
4758 7.1740130390202879e+00
4759 -1.5187486242316564e+00
4760 7.8303338276747536e-01
4761 6.1427192367262222e+00
4762 5.1920920959579089e+00
4763 5.7933566807452417e+00
4764 2.6132618725998991e+00
4765 -5.1712849386483950e-01
4766 -7.3287147501898642e-01
4767 -2.4921325319788745e+00
4768 -2.4907548755277622e+00
4769 -4.3073477351942652e-01
4770 4.5954345224082473e+00
4771 4.0904399617045089e+00
4772 1.7792247414442197e+00
4773 6.1029161372350575e+00
4774 -3.0948709149910778e+00
4775 5.1634266287303587e-01
4776 4.1372563459049045e+00
4777 2.8919114199804925e+00
4778 4.3869748006355760e+00
4779 8.8433673684316041e+00
4780 7.6115239244634914e-01
4781 3.9583852611531134e-01
4782 5.5325292043481458e+00
4783 -2.8662451516681928e+00
4784 2.0671783182568619e+00
4785 -2.2440648122861804e+00
4786 8.0764148027059850e+00
4787 4.4100515317158120e+00
4788 -8.2259101956428726e-01
4789 -1.5666165467598050e+00
4790 -5.2743449792590880e-01
4791 5.1478940521438963e+00
4792 -1.6872587609141321e+00
4793 -1.6454156388541348e+00
4794 -7.3744095065737592e-01
4795 -1.6739874293244998e+00
4796 7.9107395433898891e+00
4797 -2.0924650271970280e+00
4798 1.4025769543579278e+00
4799 2.4022189088290631e+00
4800 5.7281802710621559e+00
4801 2.2113310197378553e+00
4802 6.9598006438413240e-01
4803 4.7843755037432656e+00
4804 4.0974597398214785e+00
4805 1.2118050969939154e+00
4806 2.5003394645578956e+00
4807 3.2362318326220108e-01
4808 -8.2897150102307127e-01
4809 2.4829052053152547e+00
4810 3.5372213391390943e+00
4811 -1.7634279376643767e+00
4812 -2.7033080512052376e+00
4813 -2.4933824796445077e+00
4814 2.2147397881438469e+00
4815 -1.4612222480635848e+00
4816 3.8309119179920801e+00
4817 4.0988282407220922e+00
4818 -6.7948983488758741e-03
4819 2.7584198884182722e+00
4820 3.1429919862625559e+00
4821 -1.9749646010927704e+00
4822 1.5434342504087271e+00
4823 -1.3535519270615388e+00
4824 1.0253717331736811e+00
4825 2.6241174557076179e+00
4826 2.5765591130602488e+00
4827 3.2599481855017709e+00
4828 -1.1323714098298818e+00
4829 -1.8365116005224489e+00
4830 1.4767738930911338e+00
4831 2.0493332880039050e+00
4832 4.6738610239532123e+00
4833 6.8335138318122217e+00
4834 3.0000891253045876e+00
4835 3.4893801615156432e+00
4836 2.7464499626242249e+00
4837 3.3131062717287043e+00
4838 4.9810875255568705e+00
4839 5.2541422972639964e+00
4840 1.0692363529750926e+01
4841 1.0705759053393553e+01
4842 2.3647551452553182e+00
4843 7.7587613043950130e+00
4844 3.2424045689274235e+00
4845 -2.5295883115256507e-01
4846 3.1873510359262571e+00
4847 -1.9025310363828816e+00
4848 -2.0425126521768115e+00
4849 -3.0791829161064083e-01
4850 -1.5512076491125748e-01
4851 2.7364104444689756e+00
4852 -7.1849504133815223e-01
4853 4.2555450994468185e+00
4854 1.1444730242345904e+00
4855 -1.8143447183514372e+00
4856 2.5048989891734661e+00
4857 -2.0668180961812883e+00
4858 4.4369374627300147e+00
4859 -1.1899558379639523e+00
4860 -1.9370501342389361e+00
4861 2.7977430728882728e+00
4862 2.5498964358623750e+00
4863 -2.2535383320203306e+00
4864 3.7227110793210456e+00
4865 4.2332105935604867e+00
4866 4.2705766811690289e+00
4867 5.9682386675822832e+00
4868 2.5900838780846946e+00
4869 3.6864581716868222e-01
4870 -2.1825005611561950e+00
4871 2.5445343423865769e+00
4872 4.4117249979021871e+00
4873 3.9195980017207797e+00
4874 2.0573132345868035e+00
4875 2.6190933199438904e+00
4876 -2.5493017479917230e+00
4877 2.6141360695300797e+00
4878 4.6076068892962851e+00
4879 -6.5534035317624795e-01
4880 2.0107525512075921e+00
4881 -5.3678930797572499e-01
4882 -2.2863718671809226e+00
4883 3.7317786946260552e+00
4884 -1.9064956551479642e+00
4885 4.3276312100044265e+00
4886 2.3422395438377097e+00
4887 1.3732689172829355e+01
4888 -1.7840645680345821e+00
4889 3.7961093917201127e+00
4890 2.7030381820436729e+00
4891 -2.0248873129537426e+00
4892 -2.3767211205689880e+00
4893 3.7013129170521761e+00
4894 -1.3161430223660890e+00
4895 4.6558176444352067e-01
4896 3.7061322791424058e+00
4897 -6.7891315071151800e-02
4898 2.4448720503951513e+00
4899 6.9907784206877466e+00
4900 -2.6681451995023520e-01
4901 -1.7803521506499240e+00
4902 2.7166937871087216e+00
4903 6.0762338605136401e-01
4904 5.8956111880382363e+00
4905 3.4962903448736351e+00
4906 3.2760260879659127e+00
4907 3.3427156151480091e+00
4908 3.6000203352520949e-01
4909 -9.3349505755181150e-01
4910 3.2952957918425101e+00
4911 2.5032010527078280e-01
4912 3.2534463815214449e+00
4913 -2.2741054756535499e+00
4914 2.8453642965194010e+00
4915 -2.1017001289282833e+00
4916 4.8597468812819562e+00
4917 3.2346590791747452e+00
4918 3.5483750527273221e+00
4919 3.3934706320827146e-01
4920 -1.8283619662586195e+00
4921 2.4922970374257303e+00
4922 2.6324082587422994e+00
4923 3.8785192565975306e+00
4924 4.1278421461564632e+00
4925 -1.6006694427688148e+00
4926 -1.8152081309633279e+00
4927 -9.3678979093926418e-01
4928 2.5163118104631530e+00
4929 5.6760570051699766e+00
4930 -1.1528704435000985e+00
4931 -4.0472618196357907e-01
4932 -1.4207326558042994e+00
4933 2.5200830743503686e+00
4934 3.1241139833685416e+00
4935 3.7402277039468492e+00
4936 3.3483704480527048e+00
4937 -2.3190630966478132e+00
4938 2.1585576607997909e+00
4939 4.0705661876701509e+00
4940 -2.0645893196420015e+00
4941 7.7927051750051612e+00
4942 -9.4091806728130689e-01
4943 2.5770611628184628e+00
4944 2.4601863607211021e+00
4945 6.6035487252843061e-01
4946 -1.6679536025954911e+00
4947 2.2417788348835703e+00
4948 4.4919072192481444e+00
4949 2.5669653244092792e+00
4950 -2.4489189194218752e-01
4951 1.0410634806878938e+00
4952 3.7824842111820316e+00
4953 3.5929405211478644e+00
4954 -1.7012027957249700e+00
4955 -1.1936350183450393e+00
4956 3.6874498272684000e+00
4957 -7.1268103622960183e-02
4958 4.3885061436189314e+00
4959 -2.0163705742789828e+00
4960 -4.8445598122253575e-01
4961 1.5230315299062784e+00
4962 1.3278834511269433e+00
4963 6.1516662657711130e-01
4964 -2.7119873120742133e-01
4965 5.3511349685076013e+00
4966 5.1201559772222938e+00
4967 3.8773060848015644e+00
4968 2.4779043372347993e+00
4969 1.3859661729977604e+00
4970 -1.4121387541638113e+00
4971 -1.0779344113975811e+00
4972 1.6626754489417195e+00
4973 -1.8239476429233272e+00
4974 7.0160638490776561e+00
4975 -1.5150334027716337e+00
4976 -1.9380067752803292e+00
4977 -2.2297595379248794e+00
4978 -2.4695673872883774e+00
4979 -2.0682147160988409e+00
4980 -3.4418663897150217e+00
4981 -1.8953987504404757e+00
4982 2.1157071836922721e+00
4983 3.3515525612958843e+00
4984 -3.1098436582154465e-01
4985 -1.3547403665542075e+00
4986 1.2425087528563463e+00
4987 -2.1161599358361247e+00
4988 -2.4046446824897276e+00
4989 -1.1908822422158192e+00
4990 1.3721128793325099e+00
4991 4.8016543302601642e+00
4992 3.8109131362161004e+00
4993 -1.4739854064610118e+00
4994 6.5715443403502114e+00
4995 4.9202239314372127e+00
4996 4.2297572496646527e+00
4997 4.3320776573287763e+00
4998 -2.3665625551166629e+00
4999 2.5276151764065959e+00
5000 2.5762622136299562e+00
5001 5.2957704918762296e+00
5002 -4.8368304067873247e-01
5003 -7.0433462826463034e-01
5004 4.9368447267477116e+00
5005 5.1741519843834922e+00
5006 4.7305468098510923e+00
5007 6.9926366395674640e+00
5008 2.4838706392267857e+00
5009 2.5273462954179653e+00
5010 2.4896488116248507e+00
5011 1.4181761098277934e-01
5012 -3.8053279644864384e+00
5013 4.1305893610337030e+00
5014 -1.1076086373258673e+00
5015 -2.7645468040929768e+00
5016 -3.1682593084432487e+00
5017 -3.3759083043038420e+00
5018 -3.3850235150329677e+00
5019 -1.2742300652524916e+00
5020 -3.4155581425878658e+00
5021 -3.0220885305040297e+00
5022 2.8991007334511805e+00
5023 -3.4218422154653392e+00
5024 -3.8254304976413711e+00
5025 -3.7096573421746473e+00
5026 -3.5877152371260461e+00
5027 -3.4308867743871940e+00
5028 2.4997200794357224e+00
5029 -3.3194438376547897e+00
5030 -3.3707747533513683e+00
5031 -3.6959046027190152e+00
5032 -3.1209513086309970e+00
5033 -3.6440419690762136e+00
5034 -3.4048586737576572e+00
5035 -3.8965586757456325e+00
5036 -3.4035303047389225e+00
5037 -3.5174520633187911e+00
5038 -3.3561695319068257e+00
5039 -3.5912726437320854e+00
5040 -3.2591514514973099e+00
5041 -3.1828475204773086e+00
5042 -3.4339752648024491e+00
5043 -3.3291171985376629e+00
5044 -3.7049337078455040e+00
5045 -3.6242050595308708e+00
5046 -3.4345606416249361e+00
5047 -3.4258901660180352e+00
5048 -3.8903747765098151e+00
5049 -3.3530470075407948e+00
5050 -3.9815607763217424e+00
5051 -3.3573794173831839e+00
5052 -3.6671727312722866e+00
5053 -3.4865871681548768e+00
5054 -3.3509497931936951e+00
5055 -3.8185598760010540e+00
5056 -3.6723799429010215e+00
5057 -3.4118933634635833e+00
5058 -4.3161336924809950e+00
5059 -3.4084125895498047e+00
5060 -2.3388784200582751e+00
5061 -3.3759801394358360e+00
5062 -3.9465390823408137e+00
5063 -3.6734297503377742e+00
5064 -3.5528102255479084e+00
5065 -4.0287566758195705e+00
5066 -3.8272445575504670e+00
5067 -3.4356456727096361e+00
5068 -3.6272866015660750e+00
5069 -3.8543923670557723e+00
5070 -3.5765948365960920e+00
5071 -3.8293120625907417e+00
5072 -3.7678444211866289e+00
5073 -3.1868779533737031e+00
5074 -3.0249343406865945e+00
5075 -3.7433245556184191e+00
5076 -3.4891935903454945e+00
5077 -3.4119089939067173e+00
5078 -3.3530306390581193e+00
5079 -3.2743235451893731e+00
5080 -3.9255557849199660e+00
5081 -3.5702831956024057e+00
5082 -3.3785420106946593e+00
5083 -3.7591595023391462e+00
5084 -3.4259119702533130e+00
5085 -3.8416317493115488e+00
5086 -3.1703744619924108e+00
5087 -3.6620375467944806e+00
5088 -3.3344224057215919e+00
5089 -3.9557399527519315e+00
5090 -3.3356553734800016e+00
5091 -3.7372597333394530e+00
5092 -3.4854919709140098e+00
5093 -3.6208212528300079e+00
5094 -3.5739915835818206e+00
5095 -3.7342658184186601e+00
5096 -3.5995622469864994e+00
5097 -3.2087308720456620e+00
5098 -3.5299136652154668e+00
5099 -3.6689622173633065e+00
5100 -3.5396779631304760e+00
5101 -3.6792329964807204e+00
5102 -3.3499516813556238e+00
5103 -3.5409376531014813e+00
5104 -1.9128253264707522e+00
5105 -3.6283475303427410e+00
5106 -3.1449340517200852e+00
5107 -3.7138746319673892e+00
5108 -3.9361383342490051e+00
5109 -3.6007720227296205e+00
5110 -3.6393929009296451e+00
5111 -3.4012223148991496e+00
5112 -3.6108644167720914e+00
5113 -3.7341126870624999e+00
5114 -4.0582878456058520e+00
5115 -3.8627743059142561e+00
5116 -3.9613655479212966e+00
5117 -3.7673628872909952e+00
5118 -3.5915260525504236e+00
5119 -3.8520417923860619e+00
5120 -3.2814133846647398e+00
5121 -3.5663173404376787e+00
5122 -3.3376039916308256e+00
5123 -3.6692944893631769e+00
5124 -4.0368558182866883e+00
5125 -3.7934747620844069e+00
5126 -4.0280856453991083e+00
5127 -3.5238990707338131e+00
5128 -3.4874755940928863e+00
5129 -3.6579137109958362e+00
5130 -3.9278065806977147e+00
5131 -3.2774673973679245e+00
5132 -3.0124104837435342e+00
5133 -3.2826247067826682e+00
5134 -3.9310972202817003e+00
5135 -3.4687637578082611e+00
5136 -3.2413668544640322e+00
5137 -3.2832823905003914e+00
5138 -3.5333113306655290e+00
5139 -3.4854032225852229e+00
5140 -3.3479145454368013e+00
5141 -3.2177284466403546e+00
5142 -3.5800253381144431e+00
5143 -3.7196565066840153e+00
5144 -3.9151209710466826e+00
5145 1.0667250152165913e+01
5146 -3.7218515904617306e+00
5147 -3.5658774733999854e+00
5148 -3.2692601330014384e+00
5149 -3.1827955500299909e+00
5150 -3.7436373174003754e+00
5151 -4.0419607530049513e+00
5152 -3.3621962433601191e+00
5153 -4.3049137329576803e+00
5154 -3.5300344322324899e+00
5155 -3.2767421830170496e+00
5156 -3.9704429731869322e+00
5157 6.7076487624152623e+00
5158 -3.3604899219726687e+00
5159 -3.7391861481444413e+00
5160 -3.7766054400840949e+00
5161 -3.5838045314791525e+00
5162 -3.4885210287972912e+00
5163 -3.7186940720428989e+00
5164 -3.6570354591730121e+00
5165 -3.9186955716672718e+00
5166 -3.9127465908608152e+00
5167 -3.4863883518494161e+00
5168 -3.6159649232196820e+00
5169 -4.6834471937003102e+00
5170 -4.8754226673758305e+00
5171 7.3853586886134801e+00
5172 -3.7145264974859931e+00
5173 -3.6880599348051426e+00
5174 -3.6685339434754538e+00
5175 -3.6328600315011905e+00
5176 -3.4234688632299286e+00
5177 -4.0127149073425343e+00
5178 -3.6099430721325403e+00
5179 -3.4452963246379240e+00
5180 1.3586681815989033e+01
5181 -4.1797819182954523e+00
5182 -3.5218297538163976e+00
5183 -3.4692807314756084e+00
5184 -3.7191961379415832e+00
5185 5.8561079316972400e+00
5186 -3.5348509451937948e+00
5187 -3.3742337193482008e+00
5188 -3.9167488805606459e+00
5189 8.1284764682901969e+00
5190 -3.2804892078963568e+00
5191 7.2906338110903901e+00
5192 -3.1649921272137957e+00
5193 -3.8581447003238667e+00
5194 -3.2977471082275174e+00
5195 -3.6027884034643383e+00
5196 -3.8191639281701972e+00
5197 -3.7896612793532380e+00
5198 -3.4671826140529305e+00
5199 -3.9421742299132152e+00
5200 -3.2736108310307861e+00
5201 -3.7147450459979297e+00
5202 -3.4426800069937764e+00
5203 -3.3797725730132488e+00
5204 -4.0202285830257924e+00
5205 -3.6229793723772121e+00
5206 7.3974202523518446e+00
5207 -3.9161343284729151e+00
5208 6.6374889306528733e+00
5209 -4.2886719056510767e+00
5210 -4.0312983734377337e+00
5211 -3.4094487561803999e+00
5212 -3.4336521292624793e+00
5213 -3.5409009912427791e+00
5214 4.9032201396082611e+00
5215 -3.9291723446098872e+00
5216 -3.6684903811568206e+00
5217 -3.9073287910757322e+00
5218 -3.5039853222160171e+00
5219 -3.4517891308482862e+00
5220 -3.3032010695160388e+00
5221 -4.1854386518287665e+00
5222 4.3640794077708565e+00
5223 -3.7200165445434514e+00
5224 -3.5329256485162528e+00
5225 -3.8092492317047295e+00
5226 -3.4297620096137469e+00
5227 -3.6998279674429639e+00
5228 -3.5719573576878352e+00
5229 -4.1731365443457360e+00
5230 -4.0269225900907921e+00
5231 8.7923727372379687e+00
5232 6.0535991716001680e+00
5233 -4.3626920498353137e+00
5234 -3.2688419224214087e+00
5235 -4.4531661198442247e+00
5236 3.6376185094195250e+00
5237 -3.4656499243790737e+00
5238 -3.5049137726387598e+00
5239 -3.8006508780465684e+00
5240 -3.8344122327869519e+00
5241 -4.3653764333354799e+00
5242 -2.6463261205523891e+00
5243 1.0115249613674028e+01
5244 -4.6157974350003874e+00
5245 -3.8922801334817647e+00
5246 -4.1969507129681709e+00
5247 -3.8629776971586098e+00
5248 4.3690943582149613e+00
5249 -2.8891365052924529e+00
5250 -3.6866693341823717e+00
5251 -4.0544790465735661e+00
5252 -3.9674110650872567e+00
5253 -3.8433455443386544e+00
5254 1.0779813990616931e+01
5255 -3.4189767791146899e+00
5256 -4.2581554835416062e+00
5257 9.3568447598200652e+00
5258 -3.3911237649327810e+00
5259 7.3269778491214836e+00
5260 -4.1937670480247533e+00
5261 -3.7243293873007941e+00
5262 -3.2806864247052743e+00
5263 -4.1950634282433077e+00
5264 7.3118280279820507e+00
5265 7.9304894503296701e+00
5266 -3.6883484760631613e+00
5267 7.4123288425289351e+00
5268 5.8991801738754290e+00
5269 -3.5416291803966278e+00
5270 -3.9120815477209225e+00
5271 -3.5648997556242370e+00
5272 -3.9501193902756513e+00
5273 -4.1572762123699656e+00
5274 7.7267405309423101e+00
5275 -3.4370899824966550e+00
5276 -4.1391166345680812e+00
5277 -4.3353748404289938e+00
5278 -3.9447589655900126e+00
5279 1.2155326150773533e+01
5280 5.3464952804050236e+00
5281 -3.4504557244140139e+00
5282 6.8317333512253331e+00
5283 -4.2761091640958675e+00
5284 -3.4231384041607535e+00
5285 -3.8491433285532812e+00
5286 -4.1803132718137226e+00
5287 -4.4779977100127368e+00
5288 -3.7608938106675005e+00
5289 -4.3408038687360495e+00
5290 -4.0654430741137118e+00
5291 -4.1839077299892455e+00
5292 -3.7056770189485957e+00
5293 -3.2441270543451370e+00
5294 8.1743699346266538e+00
5295 -3.9959250576500343e+00
5296 -3.7291121651360113e+00
5297 -4.0179106496691244e+00
5298 -3.4322394742770594e+00
5299 -3.9508608762834161e+00
5300 -3.7838338444018076e+00
5301 5.5539678183518966e+00
5302 1.1053346732816481e+01
5303 9.9626971261912232e+00
5304 -3.7363627864939422e+00
5305 6.1013703478138535e+00
5306 -3.6436955945885212e+00
5307 5.8374096556040804e+00
5308 -4.2503484294345784e+00
5309 7.8994764839121761e+00
5310 -4.0714102335909708e+00
5311 -3.5110476071664189e+00
5312 -4.1534439847273861e+00
5313 -3.7351856136632651e+00
5314 6.5151564721266872e+00
5315 5.6941752022619223e+00
5316 -4.2036774546080631e+00
5317 -4.2450501418600606e+00
5318 1.1414287403209103e+01
5319 -3.9456976454271175e+00
5320 -4.5745209008688272e+00
5321 -3.6889545702829540e+00
5322 -3.6583000057483108e+00
5323 -4.1644098853431597e+00
5324 -3.9068490838269883e+00
5325 -3.9580356882988927e+00
5326 -3.6160704471670968e+00
5327 -3.3324429419779746e+00
5328 -3.7977520184040761e+00
5329 -4.3184962417292621e+00
5330 -4.2570797162530987e+00
5331 6.4700977477009820e+00
5332 6.6311073656400348e+00
5333 -3.9429270170735826e+00
5334 -3.7942027705373786e+00
5335 6.0646801898096863e+00
5336 -3.8000428284125776e+00
5337 8.5716809835129730e+00
5338 -4.3750156363942541e+00
5339 -4.0266793731354635e+00
5340 -3.9693371583611481e+00
5341 -4.1580646150961638e+00
5342 -3.5715459567662675e+00
5343 -3.7883291117522253e+00
5344 -4.6848814771636667e+00
5345 -3.8049488788857451e+00
5346 4.4080022124145222e+00
5347 -3.4328858579585662e+00
5348 -3.7695491886769550e+00
5349 -4.2599333953723324e+00
5350 -3.4658693505669937e+00
5351 4.7412029719625215e+00
5352 4.2511214139963425e+00
5353 7.5743843956546844e+00
5354 -3.8994359313798688e+00
5355 4.9114108220757542e+00
5356 -3.9845663709628951e+00
5357 5.8647815513189645e+00
5358 5.6442696416250557e+00
5359 7.0005771203723697e+00
5360 -3.7659288402589142e+00
5361 -3.5248577441668489e+00
5362 -3.8233720167407728e+00
5363 -4.0296903149654106e+00
5364 1.3784001524206035e+01
5365 5.0707792745090110e+00
5366 -4.1829493462113616e+00
5367 6.3854272737159858e+00
5368 -3.8043204339549415e+00
5369 -4.1030331270389802e+00
5370 -4.0955379482076992e+00
5371 4.8516150804039784e+00
5372 -2.8876175790159562e+00
5373 5.1631866180950734e+00
5374 6.7558748497296435e+00
5375 -3.9053568611990754e+00
5376 7.4049512797768307e+00
5377 -4.0603817718551607e+00
5378 -3.9138082423799010e+00
5379 -3.9585102146038382e+00
5380 4.1218516851262006e+00
5381 7.8905359509355941e+00
5382 5.1141307874551059e+00
5383 -3.9758945303486368e+00
5384 9.1330730321655462e+00
5385 -3.3267030904176198e+00
5386 7.5462821327040936e+00
5387 6.7674635227028741e+00
5388 -3.8885824409076757e+00
5389 5.7155326168832712e+00
5390 -4.0876491465076130e+00
5391 -4.3551184645442822e+00
5392 -4.0455144866938300e+00
5393 4.6801777899438441e+00
5394 6.8253170359363287e+00
5395 -3.2678886586497211e+00
5396 -3.8308656055782628e+00
5397 -3.6681214982853545e+00
5398 1.1351590894423015e+01
5399 -3.9920619735843479e+00
5400 6.8005481116912447e+00
5401 -3.5978884145439305e+00
5402 7.2049790523836146e+00
5403 -4.4428476634018992e+00
5404 -4.0141887738747499e+00
5405 -3.9148313643724055e+00
5406 4.3582750299196853e+00
5407 -3.4867561997633891e+00
5408 -4.1272011866290388e+00
5409 -3.7562530314869935e+00
5410 -3.9817784670194993e+00
5411 7.6059099111218300e+00
5412 5.2950100154936637e+00
5413 1.0847093523716440e+01
5414 1.3029903843349397e+01
5415 -4.1135136719347658e+00
5416 -3.8283636035567215e+00
5417 2.8265243813523062e+00
5418 9.9853946143211907e+00
5419 -3.7563642806170989e+00
5420 -3.5321793848675229e+00
5421 -4.5300524742989650e+00
5422 7.8227266089162564e+00
5423 8.9877411006764962e+00
5424 -3.8538289218420401e+00
5425 7.3337226162610838e+00
5426 8.7984945459325434e+00
5427 6.4222726351179169e+00
5428 5.2321356835508475e+00
5429 5.0469529288808532e+00
5430 -3.2483158540464174e+00
5431 9.5233313216699802e+00
5432 -3.9076792039402233e+00
5433 4.4314528656191063e+00
5434 1.0519281883058746e+01
5435 -4.2128882910544743e+00
5436 8.2580768794213419e+00
5437 7.8501388988312604e+00
5438 -4.4951904039069728e+00
5439 -4.0540217939075545e+00
5440 8.0042855039105145e+00
5441 -3.8328559744310704e+00
5442 -4.1949342269756746e+00
5443 -4.1881723691286163e+00
5444 7.3192994250096923e+00
5445 6.7482112560903582e+00
5446 3.3769992938925788e+00
5447 7.6878326030642645e+00
5448 7.6172284672019686e+00
5449 5.9508520261513338e+00
5450 2.6164591863386675e+00
5451 -4.3081366951110880e+00
5452 7.3460668579672683e+00
5453 -4.3825801114830387e+00
5454 7.3709270235471607e+00
5455 -4.8087427285377595e+00
5456 8.9180674138978322e+00
5457 -4.0915662331758771e+00
5458 7.5993759875105891e+00
5459 -3.9662549821502249e+00
5460 9.7760432089920730e+00
5461 -1.2610562319089356e+00
5462 -3.4307449933676160e+00
5463 -4.1648410806154299e+00
5464 7.8219701656795966e+00
5465 -4.1176362122690024e+00
5466 -4.1817525128778819e+00
5467 7.0522757642845191e+00
5468 7.5879043197983975e+00
5469 -3.4635238958891073e+00
5470 7.9086072912291545e+00
5471 -4.0380759204455501e+00
5472 -3.8872914313058864e+00
5473 -4.1441225104357873e+00
5474 -3.0354152246488542e+00
5475 1.0973087850790680e+01
5476 -3.7265888021315052e+00
5477 -4.2636187089286395e+00
5478 3.7772187415039338e+00
5479 1.2078245631896445e+01
5480 3.7226442995133682e+00
5481 7.8705569576611403e+00
5482 4.3221301950065643e+00
5483 -3.9225923625960117e+00
5484 7.5221105299244337e+00
5485 -4.1936427206352054e+00
5486 -4.1282759308075221e+00
5487 -4.1929007117648895e+00
5488 4.0048086581620375e+00
5489 6.0277402640044908e+00
5490 5.3670301913943028e+00
5491 8.3739479747279901e+00
5492 1.0689800664348958e+01
5493 -4.3616933631719075e+00
5494 -4.0641033260074177e+00
5495 2.7203404661890138e+00
5496 2.9991428058950689e+00
5497 6.3435377768834087e+00
5498 7.3640216723952614e+00
5499 -4.4183759143703352e+00
5500 7.5309193691664182e+00
5501 -3.8551762062317958e+00
5502 4.2614083187196217e+00
5503 -4.6147734318276656e+00
5504 1.2126856172740741e+01
5505 8.2755224878357989e+00
5506 -4.0070429366921925e+00
5507 8.4243733982591062e-01
5508 7.1196489764006756e+00
5509 1.9696459564147859e+00
5510 6.9803473397430205e+00
5511 -3.7378349196239475e+00
5512 7.7873127464401168e+00
5513 5.3308503881342162e+00
5514 8.3817481067334310e+00
5515 -3.8474884257078523e+00
5516 -4.2914260190040663e+00
5517 9.2919667789939364e+00
5518 -3.9570628903138720e+00
5519 2.9158133017367280e+00
5520 6.3453485261661555e+00
5521 1.1820150607214124e+00
5522 -4.0281925262059772e+00
5523 8.0397838934636532e+00
5524 1.1383117235579126e+01
5525 6.6001059851006110e+00
5526 8.7912474743241500e+00
5527 7.9589677876884597e+00
5528 3.5259405322590394e+00
5529 -4.3521741865289592e+00
5530 -2.2596498011982948e+00
5531 -1.9309880387227554e-01
5532 4.3979298012622090e+00
5533 -3.4981750486429153e+00
5534 4.7047184437923129e+00
5535 6.2060556218281278e+00
5536 3.9184559768844007e+00
5537 -3.3003283095307920e+00
5538 6.0661768764533583e+00
5539 -4.0924766409711433e+00
5540 4.5532926748914910e+00
5541 8.4137330189434802e+00
5542 1.0391471123010215e+01
5543 -4.4689685325802975e+00
5544 6.1445696199440043e+00
5545 8.8907914257309208e+00
5546 6.8493225348772171e+00
5547 5.4629901921888990e+00
5548 7.6063065458413490e+00
5549 6.5378437637398026e+00
5550 -3.8771093525251414e+00
5551 6.9889410731375907e+00
5552 1.0153404859019878e+01
5553 3.7614149266512333e+00
5554 7.3340949399289350e+00
5555 1.4008881085905221e+01
5556 8.0760253657355126e+00
5557 -3.4014105719792083e+00
5558 2.6768052604197292e+00
5559 3.2203131382558743e+00
5560 8.1166175093970470e+00
5561 6.5494947343165109e+00
5562 7.6635334543057025e+00
5563 6.3706605731180574e-02
5564 5.2486194612239370e+00
5565 7.0229790033322086e+00
5566 8.9956923619494429e+00
