0 8.4350470951601099e-05
1 1.7254875587773373e-03
2 5.1582275539370008e-10
3 1.5571389402157093e-01
4 6.4248700512675516e-07
5 4.8168979468086250e-11
6 3.2359737974170562e-05
7 1.5714320043487151e-07
8 2.7694170636831246e-05
9 1.1176437720833710e-03
10 4.5175956371254931e-03
11 8.0194459493520244e-05
12 6.7554711053370273e-06
13 1.7392397111458192e-06
14 3.6692594110723382e-11
15 6.8601177249356363e-11
16 1.6979289214558868e-04
17 3.9235061762287548e-11
18 4.5963327280374366e-04
19 4.3153641096467149e-07
20 6.6339350203287326e-11
21 1.6183760643332940e-01
22 3.8846898264303253e-06
23 4.8546611560020377e-05
24 6.9203046262328161e-11
25 1.0135976583792554e-03
26 5.9598997608809899e-06
27 2.4912747245259406e-04
28 1.1041179624204156e-10
29 3.2597644137125664e-05
30 6.6081937087396355e-11
31 1.2287804497066691e-07
32 1.0033961646591985e-03
33 2.1241957102864266e-06
34 1.9802061936883134e-05
35 9.7992918814336843e-06
36 4.8735523849873334e-03
37 6.3392332274172267e-04
38 9.3909362529093827e-10
39 5.1083379373383918e-11
40 9.8915115394156955e-06
41 9.1575285688636546e-06
42 5.4592950968767838e-11
43 7.0053110777745592e-02
44 6.0642672885415755e-06
45 4.1486364185633325e-11
46 1.0902323634330409e-09
47 3.6900539195911289e-11
48 2.7044154719977818e-02
49 6.0637338754556906e-11
50 1.9470095052034648e-04
51 6.4079484556329086e-02
52 5.7143762312191106e-05
53 6.0093693335579512e-11
54 3.1708414821489605e-11
55 1.4345633317694060e-07
56 1.3065937503923515e-03
57 3.9019147104111829e-06
58 3.3146385163261268e-05
59 4.0949730606200903e-07
60 5.1643851020802376e-04
61 2.4427971981185460e-06
62 1.1065805619765600e-06
63 1.6403635832838568e-10
64 6.6267106022492984e-11
65 3.7794092765678116e-08
66 1.5652065446933052e-05
67 5.5756920287063562e-06
68 7.9363737217763623e-11
69 1.1532095139005643e-10
70 4.7005600896520204e-11
71 6.7121628152856637e-11
72 8.8775395600670114e-11
73 4.5803804857438348e-05
74 9.6499022679977096e-11
75 1.6335083301564040e-06
76 5.9751659242996281e-11
77 5.2521211963610249e-11
78 8.0368021896815317e-11
79 5.8730065283923586e-11
80 5.8927857259397540e-11
81 2.0277112764313555e-05
82 2.5055956514723447e-11
83 4.3161710783560181e-11
84 4.9881958329507991e-11
85 4.2926990947245789e-11
86 5.3850687904330064e-11
87 5.8848539867757905e-11
88 1.1743496020251824e-10
89 1.3680692442372299e-05
90 4.8290392755659309e-11
91 2.2701847146207931e-06
92 6.7022861654688441e-11
93 8.7345202211382500e-11
94 7.0642181869121022e-11
95 6.7249750796138125e-11
96 8.9867773158159178e-11
97 2.4696111743689481e-09
98 9.0165420199646948e-02
99 5.8253384253647873e-11
100 2.2827776216606645e-03
101 1.8464386776898156e-06
102 7.7717131419690940e-11
103 2.3886877585411609e-10
104 6.0524597098328561e-11
105 9.5018284423502337e-11
106 4.0740394640457315e-11
107 5.1386773711235231e-11
108 4.5894576553573934e-11
109 5.4558857557539478e-11
110 5.4352715519720941e-11
111 2.5271494065912682e-05
112 1.1214840824090333e-10
113 1.3205431762715436e-04
114 6.4900948830949152e-11
115 5.3006020911347252e-10
116 4.7052961127131516e-03
117 6.5196617394720543e-11
118 4.0298055890364723e-05
119 7.8403408739337558e-11
120 1.5257303508517937e-07
121 5.6938377628951890e-11
122 3.9865099299923801e-11
123 3.8437869609644522e-10
124 5.0405231556368967e-11
125 5.2769485950413420e-11
126 5.9600329578318177e-11
127 5.5163599558480015e-11
128 1.2390091222442652e-10
129 5.2747513313658634e-11
130 5.3450471008161986e-11
131 1.5555356249571445e-10
132 6.0793554622437256e-11
133 9.6208637521884034e-11
134 1.0395702865094699e-10
135 8.9932825628968520e-11
136 8.9814607459951054e-11
137 7.2123205375141806e-07
138 6.5159293741411011e-07
139 6.1177954965199262e-11
140 1.3210858030108566e-10
141 5.7872799826372635e-11
142 2.9103810379688058e-10
143 4.0354482565538464e-11
144 6.5915886647761732e-11
145 7.0301853279741222e-11
146 5.8001372498439628e-11
147 7.8266941957648130e-11
148 6.0183762335529304e-11
149 5.9658723382921626e-11
150 7.2305664628237159e-11
151 8.8300753643631571e-11
152 6.4343128083316440e-11
153 4.4226439632815119e-11
154 6.9180406447943804e-11
155 8.2710931129578469e-11
156 6.2919198361667110e-11
157 8.2655830280901940e-11
158 5.6384188157216492e-04
159 3.4908693955828337e-11
160 2.9040902486975441e-05
161 7.9267446275349337e-11
162 6.2340607858302284e-11
163 5.0654818188569660e-11
164 5.4009506486760140e-11
165 5.6022137498321205e-11
166 4.8980096379899917e-11
167 1.2762017752476668e-10
168 7.4779119674606361e-11
169 6.5872766918643390e-11
170 1.4014078207172692e-07
171 3.8346210803998132e-07
172 3.1306406510598432e-05
173 5.1772162654401957e-11
174 5.5638083680516617e-11
175 2.3465311211627264e-10
176 5.3600567510275634e-11
177 5.8166649487104098e-11
178 5.5930363340471570e-11
179 3.2444563272336654e-05
180 9.2250701044354719e-11
181 6.2860542427689644e-11
182 5.3693312095773643e-11
183 5.1239210658073526e-11
184 6.9707510132795674e-11
185 7.3533881237501632e-10
186 9.7902711797144444e-11
187 6.1468234595055273e-11
188 8.8656075814833931e-11
189 6.8699094671446026e-11
190 6.7567826250022518e-11
191 5.7335610282320955e-11
192 7.7717706755569414e-11
193 8.1369087671298086e-11
194 9.9402546753088827e-11
195 4.2852727018443242e-11
196 5.5912472130031128e-11
197 1.9121189088483856e-05
198 5.8263904630017247e-11
199 3.7076372902662610e-11
200 6.8195697722875850e-11
201 7.0123947513757157e-11
202 2.4496245372789865e-09
203 5.8752308164019594e-11
204 5.5338777961038215e-11
205 1.2267966996943825e-10
206 7.9004612059462200e-11
207 7.7747418011673042e-11
208 5.1192246725972051e-11
209 5.1600077517531044e-11
210 4.9970170029400065e-11
211 1.0179455066113693e-10
212 7.8086346389961552e-11
213 9.6908342723384507e-11
214 1.6116959279581322e-10
215 1.2199612574695066e-10
216 6.4845543367349262e-11
217 5.3173542878296891e-06
218 6.1497391650345793e-11
219 8.0825280505014103e-07
220 6.9732627107156646e-11
221 6.9709247099016431e-09
222 4.5953739816490512e-11
223 6.0699758136907158e-05
224 4.8609733097181342e-11
225 5.2174377781474650e-11
226 1.1433973830460884e-10
227 9.2916470799832553e-11
228 4.3529106285877670e-11
229 4.2542471384501402e-11
230 6.2892202787608014e-11
231 8.4593256483511581e-11
232 1.6340385046032238e-10
233 5.5803501322742231e-11
234 6.0765895799198530e-11
235 6.5226638125429922e-11
236 5.5482202954850683e-11
237 5.6148831400651617e-11
238 4.2963252514965752e-11
239 1.3650008375506017e-03
240 4.9900808171997770e-11
241 7.2151789070014373e-11
242 8.8728584763549650e-11
243 4.8430973791715432e-11
244 6.8935574453884963e-11
245 2.0136787057724121e-07
246 5.1786692015647029e-07
247 3.4062838946845529e-11
248 3.1194775630366032e-06
249 6.4702704458985646e-11
250 4.9395529744841823e-11
251 6.5268474296558682e-11
252 8.9994154375457459e-11
253 6.3323944922294967e-11
254 1.1128549614158278e-07
255 2.1437190968098142e-10
256 4.5427526097845267e-11
257 7.3378123571203257e-11
258 7.4357974786793567e-11
259 8.0256365747512758e-11
260 6.8226784094047823e-11
261 8.1200516118749534e-11
262 1.0301222697124896e-10
263 8.2606055584694041e-11
264 6.5563104739554113e-11
265 6.8241004864460221e-11
266 6.0974488320745011e-11
267 2.4940276490475101e-06
268 6.8036854071292563e-11
269 4.2267663600119497e-11
270 6.4747744396473767e-11
271 9.3014864655342686e-03
272 1.0290997346671072e-10
273 9.2271331401446268e-11
274 4.9853033332920073e-11
275 6.4727855439744634e-11
276 4.6612674956816552e-11
277 2.2533377497406704e-10
278 5.7663569327155087e-06
279 5.6279576037077481e-10
280 6.0103719291033132e-11
281 7.5822813822986001e-06
282 3.2199717790225932e-11
283 2.6689855395653840e-05
284 1.9414532909096640e-10
285 4.0368583376144649e-11
286 5.5395132400825021e-11
287 5.6420441185308962e-11
288 4.6597164720067480e-11
289 6.9331047616553057e-10
290 6.1941940559368111e-08
291 8.5879934489080340e-11
292 5.4794443480294414e-11
293 6.2224661784281916e-11
294 6.5817294004148104e-11
295 9.0360600630298043e-05
296 7.0919750092734608e-11
297 5.8800459591929264e-11
298 7.5287261727249965e-11
299 8.6983535005790883e-11
300 1.0841247648769743e-10
301 2.9117400841483096e-05
302 6.9287763581305681e-11
303 3.1047508397240152e-08
304 4.9051503007038102e-07
305 5.1187266419032074e-11
306 3.9198459268851122e-11
307 1.9696740683604818e-04
308 1.3009872691545208e-10
309 5.5657623272683058e-11
310 7.0194919928723257e-11
311 2.4169125115421524e-05
312 8.4220193909574596e-11
313 6.1718062948810013e-11
314 5.6953135692606697e-11
315 1.8851558576178768e-10
316 2.3063914262408638e-07
317 6.0774402203872926e-11
318 2.0274088255243776e-10
319 4.2008768896412333e-11
320 1.9437689247101214e-09
321 7.2637060885184097e-11
322 2.9708531931048671e-06
323 4.3043645778010927e-11
324 4.3720675036893639e-11
325 2.2965606783593621e-05
326 7.2972922468692737e-11
327 9.5098874105409246e-06
328 2.7194142085637907e-06
329 3.1123358213867748e-10
330 8.0143870021750719e-11
331 8.0614273311461700e-11
332 5.7640914914161651e-11
333 5.7018816748931901e-11
334 9.1193187132972368e-11
335 1.1312683812764509e-05
336 1.9106584133133843e-10
337 1.1659811015695052e-07
338 7.1011267122610937e-11
339 7.1567267979186607e-06
340 4.9830268356323146e-08
341 6.8266285108739284e-11
342 6.7444795604595161e-11
343 3.3095938824773201e-10
344 4.6557284635527493e-11
345 5.1083577434821573e-11
346 4.3285155633610272e-10
347 1.7705565502271986e-08
348 2.2846974247550755e-05
349 2.1526728499995913e-08
350 1.1467700219484432e-10
351 5.2612745045357578e-11
352 6.6381406863945345e-11
353 5.5318272479980630e-11
354 3.8797764523323045e-11
355 6.6202498725663762e-07
356 5.0295894330174051e-11
357 3.7254558182254405e-05
358 7.0146589082186688e-11
359 1.0995239373282186e-07
360 5.2716975282867033e-10
361 8.9362058706183710e-04
362 1.1856473758945474e-06
363 4.9085393292757877e-10
364 1.5209902490990206e-07
365 1.8665669254164391e-05
366 1.1089536543011722e-07
367 2.7424640161330561e-11
368 7.8328584955252779e-11
369 5.9833144285489699e-11
370 7.1347026813884219e-08
371 1.0319949924165929e-05
372 3.4023586734016822e-06
373 1.4005759390052099e-06
374 3.6721405747083714e-05
375 5.1279539676924476e-04
376 4.9147800329615114e-11
377 1.0075454657999200e-02
378 4.5921499710044805e-06
379 2.4007625470692754e-07
380 1.5469487294622747e-10
381 5.6278401786802085e-04
382 7.9961749908783113e-11
383 1.1248474925654502e-07
384 5.3378338908998415e-11
385 6.1182751886099144e-11
386 4.6599349591720903e-11
387 1.1988392982878386e-06
388 3.5801144628831537e-09
389 4.0950280932384634e-11
390 8.2895778928429087e-08
391 5.5680875663015083e-05
392 8.0360428480559969e-11
393 9.5137493007468485e-11
394 9.2594231905824118e-11
395 2.4250333842261930e-07
396 6.0707752469061617e-11
397 4.2759751277200787e-11
398 5.4290338319529597e-11
399 6.3298359648744022e-11
400 9.5246290695089571e-05
401 5.7015688949226988e-11
402 8.5628387942407134e-10
403 1.6425384249979977e-04
404 5.6798331158093624e-05
405 5.9292729019298405e-08
406 9.2563282309817962e-07
407 6.5135350055526849e-11
408 2.7774695678330624e-07
409 9.9489945473573707e-11
410 1.2076898524682171e-09
411 6.2398338322223787e-05
412 2.1499549073980431e-11
413 1.6910675398259809e-07
414 8.1119038783703947e-07
415 7.8255577088698092e-05
416 5.4469081057411679e-11
417 4.8532596187773294e-11
418 2.1605020738568081e-02
419 3.4471027922697907e-11
420 1.0537695331552964e-07
421 1.6277762572768472e-10
422 4.1440100546494549e-07
423 5.9243138185845960e-11
424 5.6052460759715498e-11
425 1.9323687697480462e-03
426 8.0443710949077339e-11
427 1.8634016987262753e-06
428 9.4880730971870488e-07
429 5.6392469532801459e-11
430 1.4943432809056310e-08
431 6.0417372409405333e-03
432 4.2448289815744861e-06
433 3.5585749368814683e-08
434 6.8923515290529005e-11
435 1.3093711042019714e-10
436 4.5018842609784241e-04
437 3.7776868561004365e-06
438 2.1229008943524416e-07
439 3.4831926054344623e-07
440 4.8864021832091016e-11
441 1.6757383398853199e-03
442 1.5948106938934625e-10
443 7.1728559785582161e-11
444 5.7160215855198830e-11
445 7.3605938795881300e-11
446 4.9032457510221029e-11
447 3.1364551719678034e-05
448 3.2214649561197259e-10
449 2.1113276775865307e-10
450 1.8224648917312417e-07
451 3.0448044187688015e-11
452 7.3347950112390069e-08
453 1.7968726333835883e-11
454 2.5186668953572045e-10
455 9.4244578851402563e-11
456 8.5439325699285086e-08
457 1.1183885763127292e-10
458 4.7360888816929319e-11
459 3.3948309707868262e-04
460 6.4923929573652934e-07
461 1.1019446103160782e-06
462 5.9579698366223756e-11
463 4.7807191405770071e-11
464 4.4938895229743678e-03
465 5.1313468456688584e-07
466 3.4007095910169985e-05
467 1.5782985753418808e-08
468 6.0054293644935965e-11
469 8.8062385264883942e-11
470 2.0850659544214157e-04
471 1.3898552180900966e-06
472 4.3073413873237219e-10
473 2.1114412413511462e-04
474 4.1169694850535129e-11
475 6.3906076740365639e-03
476 1.3142406143453872e-10
477 4.0968244710182392e-08
478 1.4476599511374305e-11
479 6.6740249424725750e-08
480 5.2088532108101931e-11
481 9.0302901980080747e-06
482 1.7982035894793775e-11
483 4.6001170101703006e-11
484 7.0796533860739756e-11
485 7.0113919337797274e-04
486 1.8927001115262217e-06
487 1.5386488674919075e-08
488 3.8961622709853220e-05
489 2.3434157300046522e-10
490 1.0337992650231918e-10
491 1.9285458246143733e-10
492 5.7035159098656721e-11
493 5.5101128987342369e-06
494 5.8945154951900509e-11
495 7.6724262310598022e-11
496 1.1419290115155158e-09
497 1.2808978228728142e-03
498 2.1869769520632754e-10
499 4.7697645728299359e-06
500 2.2494473920033386e-11
501 4.7089747833029411e-11
502 1.1097755738714871e-02
503 6.3524218951862667e-11
504 2.8839233984502882e-11
505 1.2019064711324294e-11
506 4.5151867427478290e-07
507 7.4041500419811502e-06
508 5.2842169267946949e-11
509 6.9213558942756340e-05
510 2.0061056355612962e-05
511 1.1793312663549007e-10
512 1.7374481440141569e-11
513 3.9657598263526862e-11
514 1.8361594297822805e-03
515 9.2803037511459687e-11
516 2.5947311271008192e-06
517 4.4128301472605774e-11
518 1.3171227584466233e-10
519 2.6513187493772631e-11
520 4.8163303398740804e-11
521 1.5046137925181193e-11
522 8.7584449448250285e-11
523 5.4895275897366242e-03
524 4.8249095691003648e-11
525 2.8698760002182994e-11
526 9.9637751840044105e-06
527 3.5340697228856746e-05
528 4.1169340562482927e-06
529 1.7158352847222610e-04
530 1.6775481152942680e-10
531 3.4455482710004144e-10
532 6.0211075909288058e-11
533 8.5952928598632893e-06
534 1.3545416138098722e-11
535 5.3060604960618929e-11
536 4.8904955385314511e-11
537 4.3009852016536730e-11
538 7.7895951065664886e-11
539 6.1901155847143019e-07
540 5.7070059224061041e-11
541 1.1951340396353888e-11
542 7.4805489662866789e-06
543 4.9503463506718609e-11
544 4.9110396994964107e-11
545 3.9867674780317426e-10
546 1.8573211549269114e-06
547 1.2326221751003522e-04
548 8.8674351375438320e-11
549 1.2010390134109710e-10
550 3.9148024173050577e-11
551 8.3473681637867176e-07
552 5.4899239303606122e-11
553 4.4105976892038320e-11
554 8.2285515994497254e-05
555 3.7982375896458370e-07
556 5.6250953052345793e-11
557 7.8200134104108741e-10
558 2.2037653000836918e-06
559 6.5026930919452525e-11
560 3.0168226216330522e-05
561 8.8933159817015278e-11
562 1.1172028178479628e-03
563 8.5708918504721081e-11
564 3.9536469590480958e-11
565 2.4961792444073312e-11
566 8.4473995281948121e-07
567 6.7557031375135774e-11
568 6.4997849108864853e-11
569 3.4580359819656531e-11
570 3.7685686916024640e-05
571 4.9708939267208338e-11
572 4.3812374653926427e-11
573 5.3820717104390111e-11
574 2.9251324930538527e-11
575 5.5723848546813985e-07
576 5.1631816033231563e-11
577 3.5494098481667864e-11
578 3.9026479570872749e-03
579 5.5264574904994031e-11
580 5.5698625708455580e-11
581 1.1700193462526820e-07
582 4.1587191176274698e-11
583 4.8108956076916521e-11
584 3.5424265072229875e-11
585 1.6811607327744108e-06
586 3.4279897350896015e-11
587 5.4385917974241920e-11
588 3.9498606012608070e-11
589 4.1809558211123756e-08
590 4.6648177488366002e-11
591 2.5168189890859228e-11
592 2.1334738405663714e-10
593 4.6694100363514224e-11
594 2.9478887531692380e-06
595 3.7939424290909163e-11
596 3.0698339292579313e-11
597 6.3091848943501444e-11
598 1.2525591316415671e-11
599 6.4759775988245626e-07
600 2.6039054188217617e-10
601 1.2714575981993228e-07
602 6.1697901852021028e-11
603 1.6916270018420417e-10
604 4.0255752544711509e-11
605 3.3536974483436810e-11
606 8.2220937689086272e-05
607 1.1338326823337411e-10
608 5.3160529375257770e-11
609 6.2366221873929639e-11
610 6.3108834212922818e-11
611 1.1629382906458008e-11
612 5.6342110476610411e-11
613 2.4634150118685664e-10
614 3.3857342611446251e-11
615 5.3034334935728452e-11
616 5.0670779526453435e-11
617 6.6338502894151457e-11
618 5.7784745526696653e-04
619 3.9657280552888819e-07
620 5.8747149769958112e-11
621 4.1760559961868958e-11
622 2.7002147886504797e-11
623 1.5268071574886653e-06
624 2.1005222259612930e-09
625 7.4523011776441488e-11
626 8.8883573472801780e-06
627 3.9521100237263819e-11
628 8.8838593645697323e-06
629 4.2607785973091566e-11
630 4.6971311763614543e-11
631 3.4515597214853750e-07
632 1.5787653117337700e-04
633 4.1988461831885492e-11
634 6.5442200220980912e-11
635 5.5690665976851047e-11
636 3.4465637107765082e-06
637 2.2453121980994197e-05
638 4.2645876876274092e-11
639 2.5159803674812767e-11
640 1.7523593430785013e-05
641 4.1075112321709162e-11
642 6.8214948608531705e-11
643 6.3361024170784606e-11
644 4.8366820889929322e-11
645 3.3721921555154124e-11
646 4.6637233177397256e-11
647 6.1107576612310683e-11
648 4.4986076465214352e-11
649 2.3810730861449020e-11
650 4.5814989219895205e-05
651 3.1342608157650354e-11
652 1.9176145272248772e-11
653 1.9590179950326748e-11
654 2.4171709767534835e-11
655 4.8673289462188140e-11
656 5.1091432418283058e-11
657 9.3860111729888931e-04
658 3.5137033731285649e-11
659 1.2081888831187669e-07
660 2.0899387098729498e-06
661 5.1405168217735220e-12
662 5.2163051409915900e-11
663 4.5027563273682529e-11
664 1.0476545126566228e-11
665 1.8143970125653810e-11
666 7.7346161568143805e-11
667 4.0239965392845270e-11
668 4.9536527377613516e-11
669 8.1608339802678987e-11
670 6.4381513024139757e-11
671 5.4028294474546238e-11
672 5.8542231168656764e-11
673 1.7206837147402662e-11
674 1.6682529645411137e-11
675 2.3723836875544878e-11
676 1.6801484848282959e-04
677 1.3819881085716838e-06
678 1.8264839248312434e-10
679 4.9424250336380958e-11
680 5.2308751000464327e-11
681 4.5484578895166484e-11
682 1.8771829682149190e-06
683 6.3725730348736322e-11
684 2.0174331509256448e-11
685 5.5062624650212446e-11
686 5.5288324776707479e-11
687 4.3698735895407072e-11
688 3.4827678363922222e-11
689 4.9160981116595443e-11
690 9.7250822010642578e-04
691 3.7709419389904699e-11
692 7.0392376646639840e-11
693 2.2329312638878403e-11
694 5.4450829084966381e-11
695 4.1681771621663053e-11
696 1.3135946025698880e-11
697 3.9630145600182784e-11
698 1.9117088501302622e-02
699 3.4786570784067075e-11
700 2.4761429604411588e-11
701 5.0911418477770267e-11
702 3.6801578118906403e-11
703 3.7868884792096189e-11
704 4.3054760353432178e-11
705 3.9559968100377099e-11
706 1.2038354039867646e-06
707 4.6429117041491324e-11
708 4.9700120798732144e-11
709 3.4362147530279714e-06
710 4.2438381217774328e-11
711 5.4489540308338401e-11
712 1.3840253084121060e-11
713 4.3507437466589436e-11
714 4.0736124979001935e-11
715 2.5123330656774675e-11
716 3.7276609537815677e-11
717 5.7591729066649142e-11
718 5.1434164663307089e-11
719 3.9854243564894943e-11
720 2.3653341421566560e-11
721 4.8725821323546249e-11
722 4.7266233783977453e-11
723 1.4377631603523007e-11
724 5.3771395331069505e-11
725 7.6337031592181664e-02
726 2.4750526115486910e-11
727 4.5830018297760615e-11
728 4.7811379415597449e-11
729 1.3711281881640541e-04
730 3.8224712887293389e-11
731 1.2306113262062303e-11
732 1.5333210674697603e-06
733 5.0670542497263083e-11
734 5.7676705166705301e-11
735 4.4034711244693836e-11
736 2.9580169395881000e-11
737 1.7737493228303751e-11
738 3.9161317162013231e-11
739 5.1174285775366485e-11
740 5.0055147786888764e-07
741 2.7143379482614649e-11
742 4.3223134701075255e-11
743 5.1514917650107732e-11
744 2.8268686669207534e-11
745 4.9477956831512890e-11
746 2.7097013697496884e-11
747 6.5964372196575545e-11
748 7.6860764854612178e-07
749 3.9224310311562012e-11
750 1.8743837065937542e-11
751 3.6137909383688934e-11
752 3.6644022222381696e-11
753 4.4522490767666048e-11
754 4.0602351565221069e-11
755 4.2225308389809502e-11
756 4.6436950450474348e-11
757 5.8194092753782949e-11
758 1.9762164793094519e-11
759 3.1960492858314784e-11
760 3.8703565059124520e-11
761 2.9960411427601897e-11
762 4.5521557185626724e-11
763 3.4981451334489499e-10
764 2.7753845475459840e-11
765 4.0703449928822692e-11
766 4.7619197282525620e-11
767 5.3461432233898031e-11
768 2.7559016439596044e-11
769 2.3407897469752051e-11
770 4.5922752998583280e-11
771 2.5034582245563155e-11
772 1.9428127193385213e-11
773 4.4783935531947331e-11
774 2.5418912388910358e-11
775 4.6832750395012242e-11
776 7.3931983294827505e-12
777 3.4866878146688144e-11
778 2.1089373735338502e-11
779 6.0844162789536843e-11
780 1.3438508611347131e-11
781 6.3565435989407226e-04
782 1.4438142270468075e-11
783 9.2263830352423638e-12
784 5.7455865282732316e-11
785 5.6972628310461676e-11
786 7.2083931936740030e-12
787 6.2056169520005640e-11
788 1.9326051003376417e-11
789 5.3021812149830088e-11
790 9.7055598014394594e-12
791 6.5796822477287306e-11
792 4.0978326541046205e-11
793 3.8324032635050032e-11
794 3.7559405217678223e-11
795 4.0612125452097045e-11
796 4.1371317460894115e-11
797 2.2171805920569011e-11
798 1.2305433752062861e-11
799 2.3568609843808898e-11
800 5.3681923446626505e-11
801 3.9366261295551002e-11
802 1.5166676742963475e-11
803 3.7207502482773314e-11
804 4.0232632055583287e-11
805 3.4692287873886391e-11
806 2.8073530776942685e-11
807 5.2531078851111336e-11
808 2.9578935893862293e-11
809 4.2174286832659088e-11
810 5.9372559391538157e-11
811 3.4658513412627753e-11
812 4.6057143404503158e-11
813 3.3889678263691822e-11
814 2.4511997910778025e-11
815 1.2918969377103518e-11
816 4.9301795533018949e-11
817 3.1569055409125099e-11
818 5.2973750347540030e-11
819 4.9251677438778037e-11
820 2.2461496822119059e-11
821 3.8947126633615374e-11
822 9.6195138592494040e-11
823 9.3547028278112707e-11
824 1.0619592126389335e-11
825 6.8551203777887060e-11
826 2.3311952937872391e-11
827 6.5829186491399240e-12
828 3.8900819794084745e-11
829 2.0207677393030358e-11
830 4.1433989158970473e-11
831 4.4728013346030673e-11
832 1.1428684467571773e-11
833 3.5168319791048257e-11
834 1.6251184012461748e-11
835 2.6214252526846504e-11
836 1.3545951852856381e-11
837 4.2813657557960352e-11
838 5.5411501889659619e-11
839 5.7503651060495508e-11
840 1.0390929252621696e-11
841 2.5382261501989596e-11
842 3.0484906705235284e-11
843 1.7629635221380200e-11
844 2.4818968938885493e-11
845 4.6169709616295162e-11
846 2.4170295937644691e-11
847 4.9505866278988585e-11
848 2.9174235634003227e-11
849 4.4611125105021518e-11
850 2.2186049392173373e-11
851 3.7448853623430577e-11
852 4.4746815669785142e-11
853 5.1057334480250803e-11
854 4.1238736001849393e-11
855 2.6978655169331672e-06
856 4.8071392664864051e-11
857 2.6643949472652297e-11
858 2.1104833710686969e-11
859 3.3469371270670086e-11
860 3.6135169619606967e-11
861 3.1475798980036373e-11
862 4.2293589178044230e-11
863 5.3146699261411743e-11
864 3.3243551667700592e-11
865 3.4986344365248439e-11
866 3.6986172667417327e-11
867 3.0807399529658492e-11
868 1.5747954240688341e-11
869 3.8331843443983574e-11
870 4.4557423881822559e-11
871 3.2499340222141387e-11
872 2.6643279685422232e-11
873 1.1981017698675430e-11
874 5.9456456865797811e-12
875 2.8218170417642755e-11
876 5.7508604944742551e-11
877 2.3579311499478509e-11
878 5.2377552229196219e-11
879 9.0983209252086061e-11
880 4.7361320596739853e-11
881 6.2612173237812977e-11
882 5.1839475371463225e-11
883 1.5690120113733325e-11
884 4.3414310361654345e-11
885 8.2662149631017915e-12
886 4.3331103092188967e-11
887 4.7002280524511895e-11
888 4.5271253506200862e-11
889 3.1875641987878543e-11
890 5.3006278932635539e-11
891 4.6165075040037740e-11
892 3.3758723650653253e-11
893 4.3933569669271145e-11
894 2.8389607136323111e-11
895 3.7049046581563246e-11
896 4.0265169029941544e-11
897 3.6772985139926050e-11
898 2.8381346589451959e-11
899 1.2457718769311473e-11
900 2.9359524129850463e-11
901 5.0299411271115321e-11
902 7.1728983551087334e-12
903 3.7617683660940808e-11
904 9.5122516563184875e-12
905 1.5759587214043869e-11
906 1.7698853317590479e-11
907 3.9847756766977044e-11
908 5.7026325201271364e-11
909 3.3253416024384195e-11
910 5.3470336980499777e-11
911 3.6795892624452789e-11
912 4.6376066591156428e-11
913 4.7371962728336512e-11
914 1.1947598055141164e-11
915 4.8434638528112282e-11
916 7.4056819029941863e-11
917 6.2992635706579123e-11
918 7.5540140290990018e-12
919 2.3799556911948935e-11
920 4.2398950152258442e-11
921 3.8650405340177314e-11
922 2.0603311396150790e-11
923 3.5615666581221554e-11
924 4.6943330549899323e-11
925 4.8463738721513478e-11
926 3.3520006041589343e-11
927 5.1290946924863045e-11
928 4.2951905516622494e-11
929 5.6162702074002239e-11
930 4.1492847357332169e-11
931 3.0861703853343694e-11
932 4.8903284762193351e-11
933 4.2659715713157017e-11
934 3.6456899216744562e-11
935 2.1976352883451434e-11
936 5.9245150270821951e-11
937 5.4329117608414788e-11
938 2.2963399311065223e-11
939 4.5984513343724447e-11
940 4.0375919895092687e-11
941 4.5038192973266089e-11
942 4.7992276243148470e-11
943 1.6776918831452206e-11
944 6.1352018352507117e-11
945 7.2830666103432659e-11
946 3.4878363194349573e-11
947 3.5788596774198612e-11
948 5.7820595221627795e-11
949 3.7443982125414811e-11
950 4.3858928537088933e-11
951 1.7538102967037669e-11
952 4.6904672612927757e-11
953 2.7435978056504891e-10
954 5.9910467577635137e-04
955 2.8599827200445247e-04
956 6.0876481502861500e-03
957 6.9389410501876005e-11
958 2.7894294527248899e-04
959 8.1859236600092417e-08
960 1.0809126187432069e-10
961 4.9782634411374159e-06
962 7.6046998108342739e-08
963 5.4585730794153907e-11
964 5.8872432010374106e-11
965 8.4275260088327066e-11
966 8.4696391997916151e-11
967 1.7096650949701752e-10
968 4.9116064899908500e-11
969 7.2203165979559901e-11
970 6.8271712896163023e-11
971 6.7893258182412238e-11
972 7.2191235254802086e-11
973 5.0007464116120235e-11
974 7.8120386824772535e-11
975 7.6018233353533046e-11
976 8.2077066583546895e-11
977 4.9149429745935191e-11
978 4.8016821144966400e-11
979 5.1641442243553115e-11
980 6.7443168136172988e-11
981 5.7433242757908779e-11
982 5.2487441817265613e-11
983 6.7470054116222217e-11
984 5.7783639723610071e-11
985 1.0176502505781994e-10
986 6.9703446559082265e-11
987 8.4764665248861680e-11
988 4.7325447418799904e-11
989 7.9332172024527572e-11
990 6.4208140946979361e-11
991 4.2527397559725336e-11
992 4.8273920816148724e-11
993 3.9258596110988179e-11
994 5.3853856062327106e-11
995 1.9756331040477323e-10
996 1.2758092904098758e-10
997 5.3641947636528898e-11
998 5.0631262774649786e-11
999 5.0132294807714673e-11
1000 6.9160363735256994e-11
1001 7.7415198031787798e-11
1002 6.1904907187157184e-11
1003 7.4755029827770937e-11
1004 4.4350717404224400e-11
1005 4.1334760338212280e-11
1006 5.2614958688232893e-11
1007 2.9196522169847791e-08
1008 4.9443684062972090e-11
1009 5.4157664133537691e-11
1010 6.0299873387662936e-11
1011 5.9891672603237690e-11
1012 4.9766876931463155e-11
1013 1.6195805732418004e-07
1014 1.2937302340795641e-10
1015 8.4909402692937327e-11
1016 7.5022579920265430e-11
1017 8.6495306623714567e-11
1018 1.0731241111494980e-10
1019 3.6750124613276640e-11
1020 4.9508911422597790e-11
1021 1.5880185867064378e-05
1022 1.0698346192429131e-10
1023 4.9132397190954286e-11
1024 4.8320713940803099e-10
1025 1.0168393788354990e-10
1026 6.2244675942553710e-11
1027 5.5968880174694627e-11
1028 7.0454843315304781e-11
1029 6.9579475840756166e-11
1030 5.1385912765240296e-11
1031 5.9563961709005265e-11
1032 7.8223570280469683e-11
1033 9.8674306682120531e-11
1034 6.8968056323272353e-11
1035 6.4582765228583024e-11
1036 5.2751659838561487e-11
1037 7.3926965266063726e-11
1038 7.7031372112239926e-11
1039 1.4398736661819077e-10
1040 5.3719529275660042e-11
1041 5.5608744178156992e-11
1042 4.4539235909821164e-11
1043 6.1204342845909563e-11
1044 4.6801871593329115e-11
1045 1.2405440351102354e-10
1046 5.5889479222330009e-11
1047 6.0316139287830101e-11
1048 6.1058335221600609e-11
1049 1.1432173327727261e-10
1050 5.1998389300340364e-11
1051 7.5299495728036735e-11
1052 7.1388592840542229e-11
1053 4.7557969957768468e-11
1054 8.5917034401377210e-11
1055 5.2764588236604984e-11
1056 5.3195735650429811e-11
1057 5.6637457119575856e-08
1058 7.0981528118682931e-11
1059 5.6033352030695615e-11
1060 6.5896068002802351e-11
1061 2.2656703341396400e-09
1062 7.0081818330089287e-11
1063 6.9985264319877801e-11
1064 6.2925647110091003e-11
1065 8.5766375290937399e-11
1066 6.9053367259609597e-11
1067 1.4111762630072517e-10
1068 6.3717916512166609e-11
1069 6.9759519200263141e-11
1070 4.6976714842351427e-11
1071 3.6340543561885163e-11
1072 5.4251225071835728e-11
1073 1.2450116158102495e-10
1074 4.2219268433590086e-08
1075 4.7897740274991572e-11
1076 7.6008262163367779e-11
1077 4.4148818501594564e-06
1078 6.8783543584610251e-11
1079 5.1580687222737321e-11
1080 8.6832731238099498e-11
1081 9.6452804171739979e-11
1082 6.4803177948584545e-11
1083 5.5039496898902275e-11
1084 5.6171183641387235e-11
1085 8.3644505480521190e-11
1086 6.7256707522584666e-11
1087 4.2658110726807673e-11
1088 7.6080932604716260e-11
1089 3.9856295564627178e-11
1090 5.9398733614310317e-11
1091 5.8934063502605070e-11
1092 5.8770372664646281e-11
1093 8.0773287430929796e-11
1094 5.9666362491303065e-11
1095 3.9336260670616889e-10
1096 4.6115871110065181e-11
1097 3.4723323384593803e-11
1098 7.2559599632279658e-11
1099 8.6166069278417799e-11
1100 5.3537150202397382e-11
1101 3.4355971410382550e-11
1102 5.0239138274678750e-11
1103 1.7081907437268786e-10
1104 5.8018742688007043e-11
1105 1.1030143269879228e-06
1106 9.2185094407057162e-11
1107 8.6837039489728260e-11
1108 7.8234343715194449e-11
1109 1.0167879587917088e-07
1110 4.9698778298088059e-11
1111 2.9400510729113357e-04
1112 7.4174577700916869e-11
1113 4.8010201972719394e-11
1114 7.6097603125404749e-11
1115 7.1285768907674211e-11
1116 5.2093160379403319e-11
1117 6.6171397833905502e-11
1118 5.9691685702797748e-11
1119 4.5116766286267890e-11
1120 5.5154167224853010e-11
1121 1.6155710274552906e-09
1122 7.5157853749478636e-11
1123 2.7354618986571874e-10
1124 6.1577673706618796e-11
1125 9.1288307764000676e-06
1126 5.9351546171725469e-11
1127 5.4418752963573734e-11
1128 3.0245183925558400e-08
1129 6.0522702578656211e-11
1130 1.1016872441421986e-10
1131 1.9015683411701791e-08
1132 9.8008357148631103e-11
1133 7.3859941429065798e-11
1134 3.7583847863526560e-08
1135 3.7949305496953053e-11
1136 4.6061509687840803e-11
1137 1.8727995475184088e-05
1138 3.2379661142533737e-06
1139 7.0635299440128879e-11
1140 1.4919294216252412e-08
1141 1.5476733650488769e-10
1142 7.6081069112828522e-11
1143 5.9603615214794305e-11
1144 6.2885207954805580e-11
1145 2.0826547238448640e-07
1146 5.7563397647503745e-11
1147 6.4117519699177595e-11
1148 1.1541788554674391e-05
1149 5.7141580547617396e-11
1150 4.9175551977790430e-11
1151 6.0280159191409095e-11
1152 3.2578632235718657e-06
1153 4.0861816083332731e-11
1154 5.7304622115103214e-11
1155 1.4247610337157479e-10
1156 6.6307924970401509e-07
1157 6.8282762901447590e-11
1158 5.0300080338585586e-11
1159 2.1088962653140962e-07
1160 1.8115733508535033e-06
1161 1.0590089786661195e-06
1162 1.3678657946865818e-05
1163 1.1844432009332815e-06
1164 6.6234126081400470e-11
1165 5.8001974068400052e-11
1166 9.4075285417531653e-10
1167 4.1076526864526873e-11
1168 2.5759794084446164e-07
1169 8.3228006067317435e-09
1170 1.2165503507127048e-10
1171 2.9804082417964483e-08
1172 9.4095653549227772e-11
1173 2.1013850798414279e-10
1174 5.3488693762695169e-08
1175 6.2387745428138488e-11
1176 2.4777734616989866e-10
1177 6.4116646920607173e-08
1178 7.7690444361017985e-10
1179 1.1709623116044705e-10
1180 3.7506544673497116e-07
1181 1.0339122037545296e-10
1182 2.8446770396928239e-07
1183 3.7313475480921787e-03
1184 6.4602800426222634e-10
1185 2.3392807638913276e-04
1186 5.3635755986401313e-11
1187 5.4717488419810627e-07
1188 7.5458778571432689e-08
1189 1.2810026643426551e-05
1190 2.9249372943457889e-10
1191 5.2441387562909914e-11
1192 3.8611417226780313e-07
1193 4.7458896923510958e-11
1194 8.8191573159574635e-05
1195 2.1542808958720853e-05
1196 8.3238515951642002e-08
1197 1.6308651799945574e-10
1198 6.0733692752695183e-10
1199 4.4595559725837303e-05
1200 1.3325753650760482e-10
1201 8.1892446758101859e-11
1202 2.5273325491839046e-06
1203 9.4208265326909826e-07
1204 1.0727859873356283e-10
1205 1.4632358136118773e-10
1206 3.1241829368850333e-10
1207 4.4343024048413814e-06
1208 8.1674747207716848e-08
1209 1.9772854626245220e-05
1210 1.0251141263805256e-10
1211 3.4277280888767893e-06
1212 2.6239539827770829e-09
1213 1.2126601598699296e-10
1214 2.3524890761026243e-07
1215 2.4740862053928204e-10
1216 1.9805075113712478e-10
1217 3.1243609420238971e-07
1218 5.1632657514370686e-11
1219 5.2391935225681501e-11
1220 1.8365389507980516e-10
1221 1.1782920932241778e-10
1222 8.2546789788912809e-09
1223 7.7870515550385469e-06
1224 5.8605203164717634e-11
1225 6.9690436636063595e-11
1226 6.0073869922482168e-10
1227 5.4397204996852917e-11
1228 6.3240447518131795e-11
1229 7.1272127498018108e-11
1230 6.8197060592233702e-11
1231 1.4454529225044875e-07
1232 6.5948226688925515e-11
1233 1.6230956149304367e-10
1234 1.4598816536873292e-10
1235 8.0474100621812714e-10
1236 5.3815779688499262e-07
1237 1.4624575861570422e-07
1238 5.1188536205499938e-11
1239 9.2257394427246122e-11
1240 6.4817505946874382e-10
1241 6.4730076232118187e-11
1242 6.2147399266309523e-11
1243 5.8163532416189280e-04
1244 6.6365544467150842e-10
1245 1.1926569150070769e-07
1246 1.1637429407849245e-10
1247 1.4487248169134938e-10
1248 1.0391011523895430e-10
1249 1.9621941649180859e-06
1250 4.6463822951594492e-09
1251 2.7535601674240815e-05
1252 5.2851796633780531e-11
1253 2.2033084979363562e-07
1254 5.0925983475209187e-11
1255 2.6405272983128879e-08
1256 1.1992962880597024e-05
1257 2.4801004597682849e-10
1258 7.0061013526176203e-11
1259 5.8266762527158389e-06
1260 1.4586277311740698e-10
1261 1.0540465684432568e-10
1262 1.3544520734906123e-05
1263 6.1436651380037995e-11
1264 1.5598874290572124e-10
1265 1.8413550875092049e-08
1266 6.5170271517345523e-11
1267 1.3366939985860348e-10
1268 1.2214490619664663e-05
1269 3.2525932855680737e-10
1270 1.8444923391663971e-08
1271 8.0387647640870379e-11
1272 3.1663221035698900e-11
1273 2.2763636681294937e-05
1274 1.2976559801639442e-07
1275 8.9491004414169802e-11
1276 1.9782906417210543e-10
1277 1.1710814587858113e-10
1278 6.1060101969580964e-11
1279 7.3227803386845496e-11
1280 1.2874775275669660e-03
1281 1.0306745039740541e-10
1282 7.4272112539949186e-11
1283 7.3019986576930510e-11
1284 1.9610881267963807e-08
1285 7.6975443147973385e-11
1286 6.2612142035682775e-11
1287 9.4439105253654915e-11
1288 1.7499877651658532e-09
1289 5.9113791832676789e-11
1290 1.1019771454700056e-04
1291 2.8748416054057935e-08
1292 5.2824442813268876e-05
1293 9.1186280356979295e-05
1294 8.6787497518476292e-11
1295 3.3371518381852608e-11
1296 3.6065143939864957e-07
1297 1.9184800278219472e-10
1298 4.2211152980051795e-10
1299 8.6468597745268688e-11
1300 8.1429905501580814e-10
1301 5.1739542393959812e-11
1302 2.1329445210417296e-07
1303 6.4354351375610555e-11
1304 1.5161979548119989e-10
1305 6.0598039654476481e-09
1306 2.5854288869945046e-07
1307 1.6398077150745843e-06
1308 5.4465709140397175e-05
1309 7.3195077440350373e-11
1310 6.4384020353535549e-06
1311 1.1532254724131122e-07
1312 2.7073582815741635e-08
1313 6.8899012314032929e-11
1314 2.6190015398323427e-07
1315 5.4376892388555119e-10
1316 9.0121598198605868e-04
1317 4.1985079232069358e-04
1318 3.6095351016617677e-08
1319 7.8705099971566938e-08
1320 2.6117512371358330e-11
1321 2.5781528247296610e-07
1322 2.3542757569017686e-05
1323 3.1622307021036056e-10
1324 9.9944364440874662e-09
1325 5.9937975536833818e-07
1326 1.1973782721079959e-11
1327 4.3772888204980631e-06
1328 6.7250391332815758e-11
1329 3.5455128433447732e-11
1330 1.7277951061364748e-06
1331 3.1185753629538075e-02
1332 5.8798405811642319e-11
1333 5.7845792796172488e-10
1334 2.4756356285448753e-03
1335 2.7073437838520556e-05
1336 1.0380759439270298e-04
1337 3.5711441658273507e-08
1338 1.3259926350044446e-10
1339 9.3123656655760873e-11
1340 3.9131171921688098e-06
1341 2.3432439536259345e-11
1342 1.6166841202551661e-05
1343 5.9159436719363517e-11
1344 1.6597577520893229e-11
1345 1.8813780122905619e-06
1346 5.0266292396086360e-11
1347 2.6167033334586533e-08
1348 3.7801685660448618e-05
1349 1.9441946389867518e-11
1350 1.6481882535445776e-07
1351 1.5570504647256005e-04
1352 6.8808991381842869e-06
1353 6.0053364097942316e-05
1354 3.8294374095133661e-07
1355 1.5293766747780864e-06
1356 1.3645411267984730e-07
1357 3.0684458293727800e-04
1358 6.5262373866936499e-11
1359 6.6110266948419985e-08
1360 3.3315741981521054e-10
1361 3.2465150124594734e-10
1362 3.4097135324326556e-11
1363 2.5560948264580430e-09
1364 2.5448241803160859e-07
1365 7.3097129911604374e-11
1366 1.9120871422343740e-06
1367 6.7146145975143529e-10
1368 9.9343898075527410e-11
1369 1.7087103647569737e-08
1370 7.1385181023852903e-03
1371 1.0717272483395584e-06
1372 4.5285216152536652e-11
1373 6.6541256436609190e-11
1374 3.3816167675482615e-10
1375 3.5818695324440614e-11
1376 5.9908088881068820e-08
1377 9.8281540603277564e-07
1378 9.5045530212852348e-10
1379 4.9515409690716863e-04
1380 4.5606143042238068e-07
1381 1.8263487532290575e-04
1382 1.1675577295480275e-05
1383 3.9600376227479593e-04
1384 5.3650244668790475e-11
1385 1.3858480886655192e-05
1386 7.0227668213276537e-07
1387 8.4534336612949040e-03
1388 4.2613923491409770e-08
1389 2.4893371491516914e-07
1390 5.2550519255012459e-11
1391 6.8164390476581128e-06
1392 6.7881318299269668e-11
1393 4.9857907720269974e-03
1394 7.9785738814917308e-05
1395 8.2905412082926806e-07
1396 1.8734042237252143e-10
1397 9.6052113071287516e-11
1398 2.9539595667695487e-11
1399 2.3939549033686986e-05
1400 9.7921460242077055e-11
1401 1.1147669044824265e-06
1402 6.5122479530945398e-06
1403 2.7429066283119870e-11
1404 1.9582884256412659e-04
1405 4.6645138219984777e-07
1406 1.9148170720715175e-06
1407 4.4466784470512431e-11
1408 1.9588879802566300e-05
1409 5.1394520432553365e-11
1410 8.8867191834985139e-11
1411 1.0776258702624805e-09
1412 1.4011041103843733e-06
1413 4.4237983501076701e-11
1414 1.7134536136589347e-11
1415 2.2207337750896800e-06
1416 2.2938275054472402e-11
1417 8.3167302476070197e-07
1418 1.6204479235813628e-11
1419 4.7330918995110200e-11
1420 1.9118033288220381e-06
1421 5.6421730702501270e-11
1422 1.6854556883649245e-03
1423 6.3960597513273137e-06
1424 3.9650316456419969e-02
1425 2.5411625199812402e-06
1426 1.3077166274691465e-08
1427 3.6744954411308035e-11
1428 6.3686852994515134e-11
1429 1.7819959858625208e-04
1430 2.5971256893756816e-05
1431 5.5302302390544636e-08
1432 6.0864555719865691e-12
1433 2.6296943959829998e-04
1434 3.9737288588387353e-08
1435 2.1740375659164423e-04
1436 6.1161407897800695e-11
1437 4.8106297925608901e-04
1438 6.0501097432521795e-04
1439 1.3206764301006185e-02
1440 2.8448675130093401e-06
1441 4.0298766606993997e-07
1442 2.1821946532265609e-11
1443 9.3989076534100123e-07
1444 4.7291588483322367e-11
1445 1.7326180579652710e-06
1446 6.6236894903967426e-11
1447 3.2396591209173183e-11
1448 4.4739786148093633e-11
1449 6.7386087048259781e-11
1450 4.4622116160570875e-06
1451 1.8950775283752827e-11
1452 2.2360958356225015e-11
1453 3.4655158941301012e-06
1454 6.1929015570185772e-06
1455 4.7431741203543559e-11
1456 1.5173416940018901e-06
1457 1.6528601603933180e-11
1458 1.9639617843275668e-11
1459 2.7604232428576991e-11
1460 2.6389846488237030e-06
1461 3.0169552425679232e-05
1462 1.8349309495202463e-03
1463 1.3581470461097991e-06
1464 3.1434335431650864e-05
1465 2.5756525135485345e-06
1466 7.2852412904161152e-04
1467 2.1676976979570900e-11
1468 4.1881024130357898e-11
1469 8.6872636855303049e-08
1470 2.8205390558540387e-11
1471 4.4581749823834383e-06
1472 1.6253772426361488e-06
1473 2.0412753685206715e-11
1474 1.5220700657629314e-06
1475 3.3923342752457667e-11
1476 3.6220059544891923e-11
1477 1.0627827904189435e-11
1478 8.1553668561059990e-08
1479 9.6318718047276723e-07
1480 4.8752097000204374e-11
1481 2.8981657243736668e-11
1482 2.6682117884765666e-11
1483 1.3808034887605645e-11
1484 4.1890704192999800e-11
1485 5.7588643380858366e-11
1486 8.1096489065671412e-11
1487 2.5085269390480769e-05
1488 2.7983765415625234e-07
1489 9.1443275490605587e-05
1490 4.9990282024109996e-11
1491 3.6586398249494127e-11
1492 8.0074215715915278e-07
1493 1.6560372668250690e-04
1494 4.8731727402092235e-11
1495 6.6742197778075296e-11
1496 2.5296938295608304e-11
1497 6.9378848938417985e-06
1498 2.5233185065601930e-11
1499 2.0594083972383397e-07
1500 6.6659923691448849e-11
1501 8.9964692993349128e-05
1502 6.3607555509938447e-11
1503 3.9862687968164706e-11
1504 1.7063547890864158e-07
1505 1.9445449430772407e-07
1506 1.0245041201848977e-10
1507 5.8551461307050531e-05
1508 5.8605812076609531e-11
1509 3.5351760498974858e-05
1510 2.1386132511325033e-11
1511 4.5757560949292038e-11
1512 3.7050185025695242e-11
1513 8.5180123840945373e-11
1514 3.1458259987775954e-06
1515 3.2170159112923251e-11
1516 4.4103379154505222e-11
1517 2.1569816901737224e-06
1518 4.2736241625795143e-04
1519 1.2595628962000475e-11
1520 5.9757239751857221e-11
1521 3.3539874014927017e-11
1522 2.0151058202104664e-11
1523 4.8228774703429851e-11
1524 2.4492112828396320e-04
1525 4.5675959167768259e-11
1526 1.4170038439418806e-04
1527 9.8695698805080007e-10
1528 6.9135298618955477e-11
1529 2.5648348279194462e-11
1530 6.9163309483432695e-11
1531 7.4059408592830867e-06
1532 2.3605571327030006e-11
1533 2.1692821807680923e-06
1534 1.3808799180994927e-07
1535 3.8477515822694036e-11
1536 4.0541766096441603e-11
1537 2.5091805100194690e-05
1538 4.0208552989314346e-11
1539 3.8061277242394833e-12
1540 8.2203563714391944e-11
1541 5.5566595505519574e-11
1542 2.1164790919809908e-06
1543 3.5171871221777921e-11
1544 4.7602239622189415e-04
1545 1.6708076450244148e-10
1546 1.0329339412355356e-06
1547 1.6402119431137028e-11
1548 3.6174511717683350e-11
1549 1.9855094862883704e-06
1550 1.3931355951483308e-06
1551 3.9039464186065879e-07
1552 6.1137958414322056e-11
1553 3.4460304319408114e-11
1554 5.3911035475786586e-11
1555 3.2164496513402894e-11
1556 6.3520214932445082e-11
1557 1.0747830057379738e-04
1558 3.8546428723847134e-11
1559 2.0503637740679053e-05
1560 3.4105102087381811e-11
1561 1.3834717062279585e-07
1562 2.0391729438279769e-05
1563 1.0368895285736336e-10
1564 1.0281865264616175e-10
1565 1.2200021142967248e-06
1566 5.7437992996005709e-11
1567 2.1084965778963314e-11
1568 4.7944826022339413e-11
1569 2.1035790834928659e-05
1570 5.4541824435657759e-11
1571 1.5536326974632776e-04
1572 1.4243435405665954e-06
1573 1.7867761143728928e-04
1574 4.1034433907523810e-05
1575 5.5077966524882263e-11
1576 6.3797782974530742e-11
1577 3.1386709007305273e-05
1578 1.3737863018599636e-11
1579 7.0934884922517231e-06
1580 4.3235676157792433e-11
1581 2.3180891014031477e-04
1582 3.2661910066771050e-06
1583 9.6152647967589846e-06
1584 4.1106411375060079e-06
1585 1.1718668939974983e-05
1586 2.1569539240156994e-11
1587 4.8967786322281730e-11
1588 2.2022992201053651e-11
1589 4.7520320586083964e-11
1590 4.1894379121639208e-11
1591 3.2251344082320710e-11
1592 3.4661408512128622e-07
1593 3.7293635606646635e-11
1594 3.0089360580758159e-11
1595 1.2212159099196744e-11
1596 4.5549973375954207e-11
1597 2.0928994961837936e-11
1598 3.3820206238176274e-11
1599 1.8941222150172743e-11
1600 8.1397276310624794e-07
1601 2.5748725773399390e-11
1602 5.8700947273207103e-06
1603 2.9918228301311165e-11
1604 1.1544431418829258e-05
1605 5.6909459970116077e-11
1606 5.8449819209840128e-07
1607 2.2537224272348930e-11
1608 1.1673385239649479e-06
1609 4.4746749003832476e-05
1610 4.3458650694159631e-11
1611 8.4487553023541718e-06
1612 5.1714626846066500e-11
1613 2.2838665197821162e-11
1614 7.7969949693041152e-06
1615 5.2685172217723462e-11
1616 8.1331691899914659e-06
1617 2.7677420787301242e-11
1618 3.8341421164762597e-11
1619 7.9088009408011871e-12
1620 9.8276250717630676e-12
1621 5.0320045184928324e-11
1622 8.8591166113272526e-11
1623 9.7866625377165554e-11
1624 4.8409650104755997e-11
1625 2.4355361119351714e-06
1626 3.4172881140240259e-04
1627 1.0897542298451041e-05
1628 3.1464706991933217e-06
1629 1.1160732784621924e-07
1630 1.9322177925411676e-04
1631 1.5603434124709027e-05
1632 1.9895688182926648e-04
1633 7.2152605978012876e-11
1634 5.9869624772719254e-12
1635 2.3486808337348808e-11
1636 4.8601911487117410e-07
1637 3.9255950445702153e-11
1638 5.0723106997994679e-11
1639 3.9475189460060160e-11
1640 5.7803876881088075e-11
1641 3.4265058757544875e-05
1642 7.5398499995223513e-12
1643 4.1982088500239728e-11
1644 3.6326742448164053e-07
1645 2.2936186538554458e-11
1646 7.5380077559271199e-07
1647 4.5929339736225989e-06
1648 5.2280851638831451e-11
1649 4.9872612860293312e-11
1650 7.2788284838665427e-11
1651 1.0848001589579146e-11
1652 2.2862855044560442e-11
1653 5.8266415271862073e-11
1654 2.4305259776526283e-11
1655 3.8586529317114466e-11
1656 6.4895840778482267e-07
1657 2.5483449941247322e-11
1658 5.2272736713034044e-11
1659 5.2154546317427176e-11
1660 4.3313517080425159e-05
1661 2.3419728942315533e-05
1662 5.7024045850072141e-11
1663 4.8899891267017271e-11
1664 1.1969724868183262e-11
1665 1.2401321220897333e-11
1666 7.5623779217930862e-11
1667 2.3120921153924691e-11
1668 1.9561335473386333e-11
1669 4.7224283671209695e-11
1670 2.4874384782544155e-11
1671 3.6534801532472656e-06
1672 1.5649217452421945e-06
1673 3.0601814386913276e-11
1674 4.5332206565452654e-11
1675 1.5028992746226768e-11
1676 5.6592785379419043e-11
1677 2.9985459971173739e-11
1678 4.6645229955104916e-11
1679 4.7638240024653117e-07
1680 3.6380540437078109e-11
1681 7.7434573783108683e-11
1682 2.8477235348701042e-11
1683 1.5275658271789259e-11
1684 1.6938712118630104e-06
1685 1.2964398881115373e-06
1686 7.8195707486554540e-07
1687 3.1582070849028755e-11
1688 5.5918565482103587e-11
1689 2.9528811312521274e-11
1690 7.2135346066126703e-11
1691 2.7099443626504651e-11
1692 3.9099826956811229e-11
1693 2.3210382998003423e-11
1694 5.5438847631750111e-11
1695 2.7324311746576569e-11
1696 1.6211537210034435e-11
1697 4.9362253402685558e-11
1698 8.7185426744815090e-04
1699 4.1769568881109878e-11
1700 6.0557686530539755e-11
1701 8.9686851383990579e-12
1702 2.7066488335367783e-11
1703 1.7594647609883033e-06
1704 7.5577535239632716e-11
1705 6.1253438004492950e-11
1706 6.8607123013705642e-11
1707 2.0495123281480398e-11
1708 2.1613745363082901e-11
1709 3.7545680159872883e-11
1710 4.0003501888005965e-11
1711 1.3318218159167098e-11
1712 3.6358329069777553e-11
1713 5.0981576189127997e-11
1714 4.9875780633992626e-11
1715 3.6084826591025156e-11
1716 4.7970079180835334e-11
1717 5.0386583742908109e-11
1718 1.6147360713253442e-11
1719 7.9844819403707697e-12
1720 3.6049770794286009e-11
1721 6.0384171572486803e-11
1722 6.4736904446514573e-11
1723 7.6174953322063891e-04
1724 3.1384840143789622e-11
1725 2.1524928213323568e-11
1726 1.2621292153796344e-11
1727 4.6541587534672481e-11
1728 1.7969215806979569e-11
1729 4.6904783157659303e-11
1730 5.4613516747966294e-11
1731 9.1999861086451855e-05
1732 5.0288195154696068e-11
1733 2.8950366099147586e-11
1734 2.2478281753809601e-11
1735 3.4830505455763611e-11
1736 5.3895506447119840e-11
1737 2.1893120637479696e-11
1738 6.4490743372426553e-11
1739 5.1444787377944201e-11
1740 2.6433027205348413e-11
1741 3.9239326093041240e-11
1742 1.6878564219418846e-11
1743 5.0215919938861497e-11
1744 3.9665385187875408e-11
1745 1.8788229866648079e-10
1746 5.4624274353627266e-11
1747 5.1062417979063615e-11
1748 2.2362036208892974e-11
1749 1.0834018346871505e-11
1750 1.5188363772903405e-11
1751 2.4045732438787070e-11
1752 5.4183868829960835e-11
1753 6.4135346294762251e-10
1754 4.4080709618506041e-11
1755 8.8454634454197419e-11
1756 5.0075390710368245e-11
1757 4.1658136547582784e-11
1758 3.3941572030320523e-11
1759 5.7827381250809216e-11
1760 4.6600501232686264e-07
1761 7.9571308912146768e-12
1762 1.0616243539495621e-11
1763 1.3137150039136532e-11
1764 4.8433285576084565e-11
1765 1.5932790074831642e-11
1766 4.9190561133836641e-11
1767 3.6112682217558992e-11
1768 6.0353321306459730e-11
1769 4.4496009098729769e-11
1770 4.9550875563508741e-11
1771 3.0303143630790719e-11
1772 4.2780309361699228e-11
1773 4.5557780100011048e-11
1774 5.3704829359267147e-11
1775 2.0857609984908067e-07
1776 6.7763045323214750e-11
1777 5.4403023936962790e-11
1778 4.0488261695346652e-11
1779 2.4330556107732810e-11
1780 5.1092681122570452e-11
1781 4.9421747935014872e-11
1782 1.8150915582046554e-11
1783 1.4373780053688725e-11
1784 1.0676419067093269e-10
1785 1.8470468883236960e-11
1786 6.5596160122258204e-11
1787 5.1791054871997456e-11
1788 9.0398366632644466e-12
1789 5.3119866574279142e-11
1790 4.3421112581319612e-11
1791 3.0097519994708146e-11
1792 6.2143319047272891e-08
1793 6.0213365620167564e-11
1794 2.0857357943010739e-11
1795 5.9936059385992170e-11
1796 9.8090087639468244e-11
1797 1.7158552402392132e-11
1798 5.2500292786793248e-11
1799 5.2251464033000725e-11
1800 1.4756649678033696e-11
1801 1.8212558547187440e-11
1802 4.4472282482182690e-11
1803 6.5803635335595129e-11
1804 1.9196344772998303e-11
1805 7.2832044714892020e-11
1806 5.2782645623148766e-11
1807 5.0684915226369794e-11
1808 2.0875752626751820e-11
1809 7.0257625702370927e-11
1810 2.8936595888687716e-11
1811 4.8799583165205986e-11
1812 4.2029972677872760e-11
1813 5.1442415044977904e-11
1814 5.0747743768526846e-11
1815 6.4460535457009412e-11
1816 4.2967917659597809e-11
1817 9.1550477789092869e-12
1818 5.5676020878705846e-11
1819 6.4196036813048666e-11
1820 4.2352838693169461e-11
1821 8.8899116165831532e-11
1822 8.0536868673771320e-12
1823 5.0780239582415194e-11
1824 3.7503195606786244e-11
1825 5.7188959428760830e-11
1826 2.5896706602229098e-11
1827 2.5834505424510450e-11
1828 5.9413806032632771e-11
1829 2.6954158410725189e-11
1830 2.1542758809660061e-11
1831 1.8897743715071860e-04
1832 6.1460457104469382e-11
1833 6.0016697540264451e-11
1834 4.1260776660793262e-11
1835 4.7607965628559308e-11
1836 2.5102617165854544e-11
1837 5.0018694565246402e-11
1838 5.8232816540602273e-11
1839 2.5068297539850550e-11
1840 4.2094475313871465e-11
1841 4.7777787765997582e-11
1842 1.8574605627700676e-11
1843 7.1782880723423980e-11
1844 6.0573489366414020e-11
1845 4.9754511652115089e-11
1846 4.9438190508412076e-11
1847 3.8498474481729258e-11
1848 4.3527119009966791e-11
1849 5.9538957089776168e-11
1850 4.2726934004768623e-11
1851 2.7413808259349059e-11
1852 3.9329680188155980e-11
1853 8.3802111177187756e-11
1854 2.9875088343253335e-11
1855 5.8964585769821091e-11
1856 4.5379515525261053e-11
1857 4.6607282338610871e-11
1858 7.6848376214413452e-11
1859 4.2803984886299563e-11
1860 3.2233429643544278e-11
1861 5.6017868088590579e-11
1862 5.3271836921932912e-11
1863 6.0274921454610121e-11
1864 5.2652045105637218e-11
1865 4.2298283942410390e-11
1866 5.8903657888591312e-11
1867 4.1763662167519035e-11
1868 4.6529239000609393e-11
1869 5.1682635365372881e-11
1870 4.9070545043689977e-11
1871 1.0558207791866454e-10
1872 7.1220441811003147e-11
1873 5.3302296207215413e-11
1874 5.3514544444584244e-11
1875 2.3564064305177851e-11
1876 2.9929755480566617e-11
1877 4.7133569825333029e-11
1878 5.8427589020380900e-11
1879 3.1396391566470409e-11
1880 6.9976519131781517e-11
1881 5.7587769497204653e-11
1882 3.6608933933453167e-11
1883 6.1823098223363249e-11
1884 5.1237002271294500e-11
1885 3.0595697752514321e-11
1886 3.5840059410253115e-11
1887 4.9281621019463258e-11
1888 2.7553820487361407e-11
1889 5.4938897112185695e-11
1890 4.9114160447546545e-11
1891 7.4168986220715734e-11
1892 4.2976724304269928e-11
1893 4.7818673684744537e-11
1894 5.5535034172583376e-11
1895 4.7146602209982535e-11
1896 4.3241732934640462e-11
1897 9.8870728330157235e-11
1898 5.7359903866705879e-11
1899 5.2543084594491970e-11
1900 2.5417828487532088e-09
1901 1.0550322602729536e-09
1902 8.7393693044983478e-11
1903 7.4078982947070644e-11
1904 9.3097179283094836e-11
1905 1.4435006905374350e-09
1906 9.6196287500723506e-11
1907 8.9767572861706095e-11
1908 3.6160378137052279e-10
1909 1.3143378791708674e-10
1910 2.2264099241127849e-10
1911 1.0353690439642676e-10
1912 1.0806322223649271e-10
1913 3.9218387436629690e-08
1914 1.0065811029380021e-10
1915 6.2722910861978210e-05
1916 3.7695913765938074e-10
1917 9.9033225280298513e-11
1918 9.8671378189051600e-11
1919 1.8164777292038365e-09
1920 3.5339096200874188e-10
1921 6.0441475818746619e-11
1922 1.3187865855943476e-10
1923 1.5260401903396972e-10
1924 1.0222870440437799e-05
1925 3.8641955119900063e-10
1926 7.2105324079709656e-11
1927 6.9568134959196487e-11
1928 1.4519625075065463e-07
1929 2.4973782356748452e-08
1930 3.5455831018167656e-10
1931 1.1341414599125211e-10
1932 7.5176697521138913e-11
1933 1.3686629723944334e-10
1934 1.6528989587109587e-10
1935 6.6534992335196992e-11
1936 8.4496079204797212e-11
1937 6.6722790620951081e-11
1938 9.2457860788514677e-11
1939 7.9596885410810650e-11
1940 1.1566715297818256e-10
1941 1.1395286535838923e-10
1942 3.8320309005873928e-10
1943 1.4643075108703187e-10
1944 1.2344813455352543e-10
1945 6.9835368553398308e-11
1946 7.7601060017521999e-11
1947 9.4509365783991284e-11
1948 1.1483466748997156e-09
1949 8.6342204883273425e-11
1950 2.9826058065181368e-10
1951 1.1651938878747595e-10
1952 1.0551856315724500e-10
1953 8.3755885154834148e-11
1954 3.8399065278597166e-08
1955 1.5488078601188939e-10
1956 1.5844834860316776e-10
1957 2.1233700588760922e-10
1958 1.2690899707561962e-09
1959 1.9473156390512999e-10
1960 1.7009335311091183e-10
1961 5.8168466875609911e-08
1962 7.1037891232704943e-11
1963 1.3227651389280726e-09
1964 2.4629130501898008e-08
1965 1.4951271616237822e-10
1966 7.2288869759650598e-11
1967 7.2891233563488824e-11
1968 2.9332041274792625e-10
1969 5.2079979062691440e-11
1970 1.0041009077122537e-10
1971 2.8689695548073624e-08
1972 6.3204196390128857e-11
1973 4.8874220031206138e-08
1974 2.8888140702519301e-10
1975 1.4565274817365824e-09
1976 1.8202755497359234e-07
1977 8.0998985190335686e-09
1978 6.5413258938591337e-11
1979 1.7396612806808385e-10
1980 1.3365499443682069e-10
1981 5.2195225887160591e-11
1982 1.9053322173040435e-09
1983 6.2970908187118524e-08
1984 1.4313192239590370e-10
1985 7.0806898043469225e-11
1986 6.0795441759599903e-11
1987 1.9468606698826964e-10
1988 7.3897443426596961e-11
1989 3.6033751363669232e-10
1990 6.8523902999412105e-11
1991 6.6345875772752955e-11
1992 6.3588590781452179e-11
1993 4.5288312732133168e-08
1994 9.0612157468492438e-11
1995 1.1800051549351904e-10
1996 1.7048380932284697e-10
1997 5.6868143577350706e-10
1998 1.8011369853905379e-10
1999 1.3307831591402885e-10
2000 8.0383674452227162e-11
2001 7.2744405185794616e-11
2002 3.2162174401149724e-10
2003 1.0736022824773778e-08
2004 8.7213892944946006e-11
2005 8.2661858609102950e-11
2006 1.9784459040254249e-10
2007 1.2426232630580495e-10
2008 1.1694214243296582e-10
2009 2.2489482202080042e-09
2010 6.4747288352669767e-11
2011 6.6565900928963333e-11
2012 1.3385225830104427e-10
2013 8.5812763809657991e-11
2014 2.7194362409704345e-10
2015 6.3023518595502478e-11
2016 4.6121549777392695e-10
2017 1.1804544380280493e-10
2018 1.0236534758669057e-10
2019 8.2087842584488799e-11
2020 8.1634822108608960e-10
2021 1.6894399977940183e-10
2022 1.1600463957483970e-10
2023 1.2101158339488467e-10
2024 2.4228534600392775e-10
2025 8.7181211818795467e-11
2026 8.4860585701009177e-11
2027 4.9254571728340371e-10
2028 1.5529872266906281e-10
2029 2.6658501079165696e-07
2030 1.0487577870553253e-10
2031 5.6937738915332655e-07
2032 1.8567532845454561e-10
2033 7.8290658283236452e-11
2034 7.0248773696625623e-11
2035 1.0937642192655408e-10
2036 5.9871026392127930e-08
2037 1.5967740164479567e-10
2038 6.5844386181494969e-11
2039 4.5143520685959661e-06
2040 2.0706741949365586e-10
2041 4.6669176810883448e-07
2042 8.4564600737237900e-11
2043 5.0341034781526492e-11
2044 1.5845404275299525e-09
2045 6.4902417590537962e-11
2046 1.0300701121278449e-10
2047 5.5683630910586394e-11
2048 2.3868776431101867e-08
2049 8.4490564177545013e-06
2050 7.0080668702992139e-11
2051 6.7781388381152028e-11
2052 7.6560722802608624e-09
2053 6.9906720848333974e-11
2054 2.6019953496825797e-10
2055 9.6124654437370593e-07
2056 8.9436172199179473e-11
2057 2.3009323254970710e-10
2058 9.0867004276134222e-11
2059 3.9168026444859931e-10
2060 9.0587672353642531e-11
2061 7.8195310430244379e-11
2062 3.3137697841242386e-06
2063 9.2107255266147034e-11
2064 1.3972648530068984e-10
2065 1.1545043741071569e-10
2066 2.8489232935098687e-08
2067 5.9352811985279017e-11
2068 8.9181361183441078e-11
2069 2.9072562384622226e-10
2070 9.5826191157637062e-11
2071 1.8155129118520614e-10
2072 1.9629079568474450e-06
2073 1.8068361328547001e-07
2074 9.5057505261430879e-11
2075 3.8174266600555890e-10
2076 8.0081610076629180e-11
2077 7.3560756850081314e-11
2078 8.3694525785370980e-11
2079 7.7192608885788647e-11
2080 4.2891937048915185e-10
2081 7.5029573997083424e-11
2082 1.1897766412325540e-10
2083 1.0097111039679515e-08
2084 2.6791413625323966e-10
2085 1.9219590453253188e-08
2086 3.9815730898774864e-10
2087 7.1738738034059676e-11
2088 6.3027878538734749e-11
2089 6.8419320733490003e-11
2090 3.2554709337944027e-09
2091 2.0431740701518945e-10
2092 2.5251768659473484e-10
2093 1.7355182278365829e-09
2094 9.9857355229973293e-11
2095 1.4692812922861572e-07
2096 7.3778910254058929e-11
2097 1.0966243972454816e-10
2098 8.7854627539039265e-11
2099 1.2524237328535596e-07
2100 7.5867364522665437e-06
2101 1.0342549010684583e-07
2102 1.7697638040336280e-06
2103 5.4678123120806232e-08
2104 2.5785332050452144e-10
2105 2.6901345375584211e-10
2106 7.3499736159942940e-11
2107 2.9526590911208508e-10
2108 2.8813934506787713e-10
2109 1.0204679068044120e-10
2110 7.3828167096000682e-11
2111 9.0446277498981800e-11
2112 5.3224341262374643e-11
2113 6.2898636296350411e-07
2114 6.0716572833448189e-08
2115 4.8925677114020296e-06
2116 4.6815670816420052e-10
2117 5.5048355234684573e-09
2118 1.3475758784490375e-10
2119 7.4947932390630984e-06
2120 1.1763989970590081e-07
2121 7.4160241487325602e-09
2122 1.2819017310848062e-09
2123 1.4146909127404128e-05
2124 3.3764843275066883e-10
2125 3.1007853961449024e-08
2126 1.2099568916103858e-10
2127 7.2610851985092211e-11
2128 3.6573548332898216e-09
2129 1.8009026661360274e-10
2130 3.5102092073447280e-10
2131 1.1364607559096089e-07
2132 1.6066058520146683e-07
2133 7.7866956762518158e-11
2134 1.7593921559953811e-07
2135 7.3977782850137872e-11
2136 1.1755632089419858e-10
2137 5.0347103249357067e-11
2138 1.1129846574177938e-10
2139 6.5477844196097963e-08
2140 1.7083464419267266e-10
2141 7.8635196457918768e-08
2142 4.9719316304040257e-10
2143 5.1659532301354260e-11
2144 1.4828448546936358e-05
2145 8.0315167690502844e-06
2146 4.6040099868430822e-07
2147 6.2755667184123891e-07
2148 5.1617035025641661e-07
2149 7.2492999570564739e-10
2150 5.8097056166392459e-10
2151 1.1288750795549253e-07
2152 2.6961394038787376e-10
2153 1.9855468673033921e-06
2154 1.0515572589129341e-10
2155 8.5255412055664583e-05
2156 6.1347533357012159e-07
2157 9.1334841304649087e-11
2158 4.4392022472856181e-05
2159 9.6873538029515818e-11
2160 1.6550304352348280e-06
2161 6.9428484510463837e-08
2162 5.9120105533518313e-11
2163 6.5800384637889273e-08
2164 8.1375543713366842e-11
2165 1.4514764207349962e-05
2166 1.1846392440414704e-02
2167 1.5960237118308413e-10
2168 1.1085356130977855e-07
2169 1.8001673930982732e-10
2170 8.9645918187959000e-07
2171 7.2857226310904670e-11
2172 5.7924063834320575e-11
2173 4.9912203639291724e-08
2174 2.3840517375667831e-06
2175 4.2150789609914362e-11
2176 1.9523060911981555e-10
2177 7.3905176708329558e-11
2178 5.0863776041350939e-06
2179 7.6587663414168265e-11
2180 5.2411975880798016e-06
2181 8.8589717926533094e-11
2182 9.1062935745677447e-09
2183 5.1290400514405299e-08
2184 5.5078993031626305e-08
2185 2.8191188584621940e-08
2186 6.1527903187765392e-08
2187 1.8571926909497874e-08
2188 1.0697243712964328e-05
2189 4.3236979692978351e-07
2190 2.3620593321468443e-07
2191 7.5722980093987791e-06
2192 7.8469782702494343e-04
2193 1.8902099403707529e-06
2194 5.0982797280849444e-07
2195 4.1021034425418703e-10
2196 2.2311387957169207e-10
2197 6.9090598311798298e-08
2198 9.4578688307414543e-11
2199 5.4202812235759867e-08
2200 1.0215439355436304e-09
2201 2.1323787010143853e-08
2202 7.5167475852879143e-11
2203 2.5484875845677862e-09
2204 1.5871029602854657e-10
2205 2.5743052626836582e-08
2206 2.5087561843802792e-10
2207 1.4760465764111373e-10
2208 8.3135881404815881e-08
2209 4.4811190918192116e-10
2210 5.5869168442423840e-08
2211 6.2776164706683374e-06
2212 1.0717631528923047e-10
2213 1.5150144647824091e-06
2214 2.7128589511539155e-04
2215 3.1411456966653980e-08
2216 2.1532702212723939e-11
2217 1.5092523541348848e-05
2218 8.5700815185230865e-04
2219 1.9793013689712265e-10
2220 1.4997008337428900e-06
2221 2.0164058542265260e-10
2222 5.2353728704596400e-11
2223 1.1915188837228720e-07
2224 2.9892452883788864e-06
2225 1.1443468318853753e-06
2226 2.3664511170925308e-07
2227 1.4610165979347261e-06
2228 2.9809907043823705e-08
2229 5.5593353787512723e-11
2230 9.4046797325502958e-11
2231 2.9754373298653933e-10
2232 2.6338097513852384e-09
2233 1.0732337655385325e-10
2234 2.3726235811596942e-07
2235 9.1843987127762412e-07
2236 7.2888681742092021e-11
2237 3.1069348792289450e-11
2238 2.5037701186283151e-08
2239 1.7797378181342409e-11
2240 4.5417104298718292e-05
2241 3.5636543631836847e-07
2242 1.1566671294480507e-06
2243 2.3297779869744445e-11
2244 4.4383273645847069e-11
2245 1.5298429410541176e-11
2246 1.4344622591238639e-06
2247 7.4360865924738544e-11
2248 4.9487240157721918e-11
2249 1.8498384443710068e-10
2250 1.3919638010038527e-08
2251 1.0440418140229309e-07
2252 3.1632760743584708e-11
2253 9.9498726712673606e-11
2254 1.4033778706926056e-09
2255 3.1633719672090206e-11
2256 1.3220225543619116e-10
2257 2.3264627929781770e-08
2258 9.2227379208674904e-07
2259 1.9291731838755682e-07
2260 2.7315206702320181e-11
2261 1.3411252100382090e-04
2262 1.5376298818278527e-10
2263 3.4018057023563238e-05
2264 7.4234799488909139e-08
2265 2.5077943401321922e-03
2266 2.5684536021314031e-10
2267 1.3108862331642778e-11
2268 2.5885381909335865e-11
2269 5.4801269552913122e-11
2270 3.0294100536757303e-10
2271 4.7524585144679473e-10
2272 4.1639829539755974e-11
2273 8.8091674123731115e-06
2274 1.0365231291314920e-06
2275 1.9683116381243317e-05
2276 5.6587188076355827e-09
2277 3.4476525785510808e-10
2278 3.8776386514648476e-05
2279 4.0820196564548342e-11
2280 3.6737544806794750e-07
2281 5.0234949391707964e-06
2282 1.0690928825870636e-10
2283 4.6561318197073813e-11
2284 4.9309976010778785e-11
2285 5.0545400517598617e-11
2286 1.0304206871890602e-04
2287 4.2193319491352417e-06
2288 3.5985067803277935e-11
2289 6.5962636518159372e-11
2290 3.5944591911993032e-11
2291 2.3368380409084900e-11
2292 1.2007269647397121e-11
2293 9.7419399937487419e-07
2294 4.2044916505350168e-11
2295 3.0344206337883018e-07
2296 2.8057246679485086e-08
2297 9.7964960824540224e-11
2298 1.5956567106889162e-11
2299 2.1721172674507149e-11
2300 1.0141231724710464e-11
2301 2.3014791249285002e-03
2302 6.0442956894650091e-11
2303 3.9854619101585580e-11
2304 1.4630480519360839e-11
2305 1.3749941870794886e-11
2306 1.1218429038797262e-06
2307 3.3006220549449080e-11
2308 1.8772482737374612e-07
2309 4.0310639977013202e-11
2310 5.0746495265440611e-06
2311 1.8623933944881520e-11
2312 2.0193277085824753e-11
2313 1.3230913892614004e-04
2314 2.9216720985734118e-11
2315 1.4914884411417597e-05
2316 1.3422026142460728e-04
2317 4.0653065384484330e-11
2318 2.7661251398591353e-11
2319 4.0793289022820290e-06
2320 6.0222569173655173e-11
2321 3.2979775253632399e-05
2322 2.1162810546847408e-11
2323 3.3769092413668642e-10
2324 5.5381912331383235e-11
2325 3.9774099593039233e-11
2326 2.2091460636490130e-11
2327 1.3407337917935059e-04
2328 3.8411615908002267e-11
2329 8.4685367897426989e-11
2330 4.5057808988042877e-11
2331 3.2185873793456384e-11
2332 5.3061638478301335e-11
2333 4.2194218747181194e-11
2334 2.6703136473435155e-05
2335 1.6032777670178608e-07
2336 1.8292040435672879e-11
2337 6.6115235149246172e-08
2338 1.9565986289255696e-04
2339 1.1221939733503568e-06
2340 3.9799061146786497e-11
2341 1.1883010908797869e-10
2342 6.8850242334883253e-08
2343 2.7911828978299953e-11
2344 2.6953005969277880e-11
2345 1.7651950700288205e-11
2346 1.1738263741450897e-11
2347 5.1390036328044901e-11
2348 8.8379379339540795e-07
2349 2.2246911138201969e-05
2350 9.2574483647284153e-07
2351 3.2497930600395585e-11
2352 5.6228533135506003e-11
2353 3.3134505363464152e-11
2354 5.1556348947725158e-11
2355 8.8885425877013790e-05
2356 2.7024107091054168e-11
2357 1.7497240991186842e-06
2358 1.3573264939900875e-06
2359 1.2629091605474118e-06
2360 9.6103769771326500e-08
2361 2.5653290615516706e-11
2362 8.2391040203048514e-07
2363 1.8981833624821048e-10
2364 1.6564069350985609e-11
2365 8.2553246684349493e-12
2366 3.2677708124393798e-11
2367 3.0974337383838306e-11
2368 2.0013168463845217e-06
2369 1.8683853771724093e-11
2370 6.6995656567171652e-11
2371 3.8070765001123686e-11
2372 2.9448580317936685e-06
2373 5.8299687379027487e-06
2374 3.2480610373326054e-05
2375 2.4280905607920941e-11
2376 2.1516903566803781e-11
2377 4.5126410848013220e-11
2378 3.4032108627420891e-06
2379 6.0919575217391274e-11
2380 4.8520908622399533e-11
2381 5.9574552865237507e-05
2382 3.5456411771260808e-11
2383 6.8809743118929036e-11
2384 2.7586746043403877e-11
2385 2.6563799515082583e-07
2386 1.9221022261608008e-07
2387 1.6429540177722253e-06
2388 3.9164410777941785e-11
2389 2.7434458336381411e-07
2390 4.0531621319212410e-11
2391 3.2424565045155217e-06
2392 6.6713736877583228e-11
2393 3.9907772381562120e-05
2394 3.8558724125515844e-11
2395 3.7490461669417132e-11
2396 3.4150750918315191e-11
2397 5.1093812051617619e-08
2398 4.3351239510671027e-05
2399 1.0912756576614235e-11
2400 2.1043118783998534e-04
2401 2.1036672282919151e-11
2402 3.6355893256543151e-11
2403 4.8519155706033426e-07
2404 3.6560209594083890e-08
2405 2.2264638014863791e-11
2406 1.3479417803099657e-05
2407 1.5969528525237623e-11
2408 1.0568341704556071e-07
2409 1.1267552362255218e-11
2410 3.7903349267325937e-11
2411 1.1924872822903083e-11
2412 4.3837868211872541e-11
2413 2.6034805899276096e-11
2414 6.2135368357255966e-07
2415 5.3799797943220143e-05
2416 2.1820422197349138e-11
2417 1.6936995462556460e-07
2418 5.7928189596430660e-09
2419 2.0180343932992544e-11
2420 1.4524182571544551e-06
2421 2.7094457326005946e-11
2422 1.4223385242998150e-11
2423 2.1640256710683133e-11
2424 1.5452118319199231e-11
2425 2.9212235020492637e-11
2426 3.1397641890415696e-05
2427 8.8351429049549532e-10
2428 2.3904822644439860e-11
2429 2.7283407509857760e-05
2430 9.7452647137497266e-08
2431 4.4842273950821526e-11
2432 4.5929307480492239e-11
2433 2.9006299516707667e-11
2434 2.4490108599654785e-06
2435 3.0398251289996002e-11
2436 1.1412141151681791e-06
2437 2.2232616180741589e-11
2438 2.1089793299819599e-11
2439 4.7805825666469412e-09
2440 3.6182803909362752e-11
2441 2.9116805251439127e-11
2442 7.5551360003882175e-11
2443 3.0503101174354698e-06
2444 1.0398500843634335e-11
2445 4.2838372190601763e-11
2446 1.3937932897264413e-06
2447 8.7374026239647350e-07
2448 2.1274752456887892e-05
2449 3.3017899219418299e-11
2450 4.2248753795577564e-11
2451 4.5594005604154702e-11
2452 1.6594989954866036e-11
2453 1.0671586653067320e-09
2454 2.7054257197909460e-06
2455 2.3706042088256650e-11
2456 1.5035059749491375e-11
2457 3.2049908434415664e-11
2458 7.5474440028639832e-07
2459 4.2360137078066835e-08
2460 4.2701529310991737e-11
2461 3.5808068346601273e-07
2462 3.1874106800929666e-05
2463 2.0744334976319276e-10
2464 8.3673385388027852e-07
2465 4.4208324489948263e-11
2466 5.1510467578066799e-07
2467 5.1526357496833879e-11
2468 6.5868677851955597e-05
2469 1.9391233395406596e-05
2470 3.5409806908013343e-11
2471 9.2131526041281141e-07
2472 4.4764719816283368e-06
2473 3.3797734960578108e-08
2474 5.7795274164678112e-07
2475 1.8483263132346271e-11
2476 9.7888067448734046e-07
2477 1.0907759852683472e-05
2478 2.9912864277133612e-11
2479 3.2744712773828181e-11
2480 2.6477605767389050e-11
2481 1.2563227113560878e-07
2482 4.8586822549694741e-06
2483 4.2691730470877920e-08
2484 1.3786418747665337e-11
2485 1.8527652981926208e-07
2486 1.0896547178724711e-11
2487 3.7658598194018076e-11
2488 2.7400553248863719e-05
2489 2.6245931881096200e-11
2490 5.8231178525322293e-11
2491 4.1078835311751089e-08
2492 2.1169907219870301e-11
2493 4.2259587031608315e-11
2494 7.5330818849479649e-05
2495 2.7150093078132499e-04
2496 2.2271748965792814e-11
2497 2.6664131790568053e-07
2498 4.9855712197258681e-07
2499 1.9593029397868602e-11
2500 2.1086223895842649e-06
2501 5.3748727665044641e-11
2502 7.2098807540493194e-11
2503 3.6560104134235861e-11
2504 4.7362104586048635e-11
2505 2.2937646588530106e-11
2506 4.9884946772831956e-11
2507 1.7553028985856988e-05
2508 2.6293306729384450e-11
2509 4.6663731381395145e-06
2510 2.2935545019596478e-11
2511 2.0329675741531326e-11
2512 6.0857505348522003e-11
2513 3.3545029320021798e-05
2514 8.0880928301262521e-06
2515 1.8219781972264928e-11
2516 1.2343972731813572e-05
2517 1.4626756260701509e-11
2518 1.7019572741591378e-06
2519 6.9510883689551475e-04
2520 5.0561155780465367e-11
2521 5.3978161831826928e-05
2522 4.1279012875898187e-11
2523 2.8426548033222100e-11
2524 1.5015172679125889e-05
2525 4.3643296308089112e-07
2526 2.7839127872347256e-06
2527 7.1760550482638378e-04
2528 2.2146065659166804e-10
2529 1.4996229357236849e-07
2530 1.3611713532353622e-05
2531 3.2472511831222774e-11
2532 1.6533101591138544e-10
2533 6.3993112343822743e-11
2534 2.7847205391322758e-11
2535 4.1672199808941577e-11
2536 1.7054365470607757e-11
2537 3.2747138529423037e-11
2538 1.0275900723688554e-03
2539 6.5625046408861111e-08
2540 3.1909456713096139e-11
2541 1.6420496209935818e-11
2542 4.8606112423307991e-11
2543 1.4566177245460688e-11
2544 4.3237680447411158e-11
2545 2.1894718656357086e-11
2546 2.1130380960608312e-02
2547 1.0459663429501986e-10
2548 1.3564715411298177e-11
2549 3.9517075338362295e-11
2550 5.1512632315626569e-11
2551 1.2246746690269379e-10
2552 5.8787548926149107e-11
2553 2.6837137008860413e-11
2554 4.8246108504540576e-11
2555 4.5594734025157887e-05
2556 5.3782633580116351e-11
2557 2.4298271684099084e-06
2558 5.2938086663797113e-11
2559 1.2284959229720231e-07
2560 3.0800133052637914e-05
2561 2.1727012118164033e-11
2562 1.7259909966743057e-09
2563 9.6271472673344833e-07
2564 3.1166005226613620e-11
2565 5.8858907813183347e-11
2566 4.1198867611183317e-11
2567 6.3587059148346092e-11
2568 8.0790638071957391e-11
2569 8.1909122116558546e-07
2570 3.8519544227973673e-11
2571 2.4036444969653084e-11
2572 7.0444717801764157e-08
2573 4.3881665979565880e-11
2574 2.0180266601187493e-11
2575 1.5489504189727154e-11
2576 5.4257969241434064e-11
2577 4.4852639146444764e-11
2578 1.7550619091540208e-06
2579 2.8901323958298753e-11
2580 4.7114188813064149e-11
2581 2.9205619233347948e-11
2582 4.7358193917638269e-11
2583 1.4050664220626949e-11
2584 4.3027247026914634e-11
2585 7.0338662563591086e-11
2586 3.3930494412009112e-11
2587 6.2904409024662587e-11
2588 2.0633235129795407e-10
2589 2.1275311423309111e-11
2590 5.6369821724057928e-06
2591 6.8522737731472749e-11
2592 5.1933283191451196e-07
2593 7.1578558089053157e-07
2594 6.5309925277579176e-11
2595 1.3849946325723547e-11
2596 1.3776855088765552e-11
2597 1.1505554060856015e-11
2598 7.8456734018495890e-06
2599 7.0586703519598061e-07
2600 3.0746443621150346e-07
2601 5.8006651370965923e-11
2602 1.6595473736895560e-09
2603 4.3918488136306694e-11
2604 3.4753956034062637e-11
2605 2.2809067541062932e-09
2606 6.9190208469560771e-11
2607 1.7081332537290241e-10
2608 5.4220060562200907e-11
2609 2.7639202224405246e-11
2610 2.4997136004733091e-11
2611 4.2575644831529608e-11
2612 9.1577503075175512e-07
2613 4.9358835133561152e-07
2614 2.7615440726184569e-11
2615 2.6888901560400618e-06
2616 3.7712433027950760e-07
2617 5.1640550729698518e-06
2618 1.4714621294948995e-11
2619 6.4634919881673905e-11
2620 6.0693736854800352e-07
2621 1.3326931762290757e-11
2622 7.2457369287360439e-11
2623 8.8369879092015796e-12
2624 1.4702821307505360e-11
2625 2.2959352800306033e-11
2626 4.7705033129078334e-11
2627 1.6562138050957962e-04
2628 8.2187535518613724e-05
2629 8.7247593288212365e-11
2630 4.2586122518942950e-05
2631 6.4765695180358761e-11
2632 2.8893447095049614e-11
2633 6.6427539770011515e-11
2634 6.6082316308783048e-07
2635 4.7046061766030888e-11
2636 4.7706680747530520e-08
2637 1.6461048978682168e-11
2638 5.8541333081393189e-11
2639 1.4486954742956910e-07
2640 1.3560551311137098e-10
2641 3.8147553763916846e-11
2642 2.1440524276327999e-09
2643 3.4236649708554801e-08
2644 2.1277409266280756e-08
2645 5.0957086816671117e-11
2646 5.0348241719165073e-11
2647 6.0058805008290998e-11
2648 7.0679837316828306e-11
2649 7.1178775854159808e-06
2650 2.2481087005573750e-11
2651 6.2523197424200020e-11
2652 1.4812508470405645e-11
2653 6.6247734034606601e-11
2654 2.0081805159244019e-05
2655 2.3264873012153953e-10
2656 5.6257281208734080e-11
2657 2.8238245090842495e-06
2658 6.4590153488071107e-07
2659 2.8987386100648728e-11
2660 5.3215373342357915e-11
2661 1.9089547357376410e-11
2662 7.4646457721513910e-11
2663 5.2798252801873694e-11
2664 5.2562865138578024e-11
2665 5.0343479641603549e-11
2666 2.7230369516976660e-11
2667 1.8405410642575992e-11
2668 5.1602974222149530e-06
2669 5.4385566562285009e-11
2670 1.0980515103516762e-06
2671 2.0832791627982394e-05
2672 1.9168058709870101e-11
2673 4.8901771059007357e-11
2674 4.5992125087933467e-11
2675 3.6813815090448579e-07
2676 5.8939525543758106e-11
2677 3.3979347147787410e-11
2678 1.7906980579834407e-11
2679 6.4920267421637767e-07
2680 5.3880940896869470e-05
2681 6.6974628987011241e-11
2682 2.3124352872275000e-05
2683 1.0009105054559035e-10
2684 4.6447698175672542e-11
2685 2.6695369970174153e-11
2686 1.5906480498885924e-11
2687 3.6376740060611155e-11
2688 3.5193901629231070e-11
2689 1.3733749318359395e-11
2690 3.4453948849204599e-11
2691 2.4917271052531738e-11
2692 2.2614768087429885e-11
2693 1.7279864021454070e-11
2694 2.9238302237535674e-06
2695 4.8888226054467926e-11
2696 6.5354402236231197e-11
2697 6.4635631816039827e-10
2698 4.6826746498888935e-11
2699 4.8188025611014990e-11
2700 5.5154537474348564e-11
2701 4.0399448823440304e-11
2702 5.6763913528568954e-12
2703 2.9222457328425846e-11
2704 1.7516068327445455e-11
2705 6.7314472299103851e-11
2706 3.0442100918056637e-11
2707 4.6325490941059121e-11
2708 6.5054786511011550e-07
2709 7.1417933243776511e-11
2710 4.3925339813483110e-11
2711 2.2239256218340235e-11
2712 1.7080557742302684e-07
2713 4.7965974278522174e-11
2714 5.8187843005375223e-11
2715 6.4882534804613693e-11
2716 6.8978462410422846e-11
2717 2.2881306717625717e-11
2718 6.9982490165399766e-10
2719 9.2653832827998080e-12
2720 5.3982368477894294e-11
2721 5.1970334055939874e-11
2722 5.9741058769682379e-11
2723 6.9114200885116642e-11
2724 9.4551421524285321e-11
2725 5.7037925027129691e-11
2726 2.9666058852590258e-06
2727 4.9182952554067814e-11
2728 1.7916163703501407e-05
2729 3.5960906726026308e-05
2730 3.9272800005662036e-11
2731 5.7127370557171026e-11
2732 1.0718652257528464e-10
2733 6.1949048570091647e-11
2734 3.8298587938428357e-11
2735 6.6606702198314057e-11
2736 6.3135803583863085e-11
2737 5.2715506652339954e-11
2738 7.2318659010549186e-11
2739 6.2358944729922826e-11
2740 5.1362195277521312e-08
2741 5.3031579349513643e-11
2742 4.0137523102228209e-11
2743 4.4833897867314372e-11
2744 5.0633791599241762e-11
2745 4.8141626690911631e-11
2746 5.5869429815667509e-11
2747 5.9411982270283474e-11
2748 6.4856218932263632e-11
2749 8.6268442079145929e-08
2750 3.3041976595425304e-11
2751 1.8465085436124653e-11
2752 4.8722295581051077e-11
2753 8.1540170145023623e-11
2754 6.1534344379785263e-11
2755 2.1666221246640146e-10
2756 3.3657018777033732e-11
2757 6.2810569005033975e-11
2758 8.2270007858277022e-11
2759 8.0992097214896610e-11
2760 5.6847344334545406e-11
2761 5.2200001182349494e-07
2762 6.4227497555888614e-11
2763 7.0846052421751414e-11
2764 4.2750607700094705e-11
2765 4.9935234745634278e-11
2766 6.7497040255481967e-11
2767 3.9789006277779516e-11
2768 6.9063737740860875e-11
2769 4.3131513306069175e-11
2770 5.8552112641912446e-11
2771 5.7037943809169135e-11
2772 5.4235624365928591e-11
2773 1.2331565417090857e-06
2774 1.3936471108948709e-11
2775 4.6759637928116466e-11
2776 6.9229608034532150e-11
2777 5.7488132628751416e-11
2778 5.6784947932142177e-11
2779 3.8846056494016533e-11
2780 8.3463147766712433e-11
2781 5.6380188968082437e-11
2782 1.3322312604987813e-10
2783 6.1047456120521072e-11
2784 1.3454097734338293e-10
2785 5.6086742585616244e-11
2786 5.2871247166980743e-11
2787 6.7388228558163122e-11
2788 7.8483946311601457e-11
2789 6.9499909808532625e-11
2790 6.0480052376072287e-11
2791 6.4444533903280930e-11
2792 5.1590354889182501e-11
2793 5.2283455347989304e-11
2794 7.5036460079703730e-11
2795 6.1250498246344130e-11
2796 6.5629545003166137e-11
2797 5.8302418441783938e-11
2798 4.2708795830093629e-11
2799 8.4964950489108753e-11
2800 5.7238052453505003e-11
2801 3.9810369298587874e-08
2802 5.6036229919756116e-11
2803 8.0840920249815760e-11
2804 6.7997344243354561e-11
2805 5.8835994925701134e-11
2806 4.8101925138483554e-11
2807 5.3601495817398282e-11
2808 4.4316741176833218e-11
2809 6.4432058828808145e-11
2810 5.5870422160226056e-11
2811 6.3480740842113999e-11
2812 6.6112182873587601e-11
2813 4.3312115424587889e-11
2814 6.0197651439259469e-11
2815 6.5628813295582875e-11
2816 7.2786046586621026e-11
2817 5.7741237615506311e-11
2818 5.0903099570981069e-11
2819 6.5895826817100080e-11
2820 7.1795706964156710e-11
2821 5.1409622338866508e-11
2822 4.4495132514904489e-11
2823 6.5351831215313617e-11
2824 4.5334563249572466e-11
2825 8.4296747853152893e-11
2826 5.1607220820056883e-11
2827 5.1177967176899780e-11
2828 6.8451484916431614e-11
2829 4.8016088309401076e-11
2830 6.2170326616701040e-11
2831 3.2403288586349934e-11
2832 2.9398938812564673e-08
2833 4.1048535846819864e-07
2834 1.3457410863231766e-06
2835 1.4151524480452725e-09
2836 4.2094056435890269e-09
2837 1.0660072290170138e-06
2838 2.4295694107189015e-08
2839 2.7048478785005643e-08
2840 4.9431631030719886e-10
2841 8.5864028646687875e-10
2842 4.7850529021662635e-05
2843 2.8133967754721210e-10
2844 2.4723723001033966e-06
2845 5.9583096023309840e-08
2846 2.5255455343848439e-08
2847 8.4048070447795964e-11
2848 1.7208462219310653e-08
2849 4.9911060969841245e-08
2850 3.1390674240800904e-09
2851 7.0144517662012767e-08
2852 4.5201351070821191e-08
2853 1.7585348763833538e-10
2854 1.5912077379495905e-10
2855 4.6909512488577025e-10
2856 2.2364380112180964e-06
2857 1.1566406078215996e-10
2858 2.3186892616411128e-08
2859 6.1142538824708810e-08
2860 8.2819918703274466e-09
2861 3.2925843776601294e-07
2862 1.6312550257189992e-06
2863 1.2351405891203859e-10
2864 5.8504334030164478e-06
2865 1.3728024170810884e-10
2866 8.0210846253883369e-08
2867 1.6396426408245300e-09
2868 6.4314216045788843e-10
2869 5.1272649273614746e-08
2870 3.3617430983730043e-08
2871 3.1564058513997512e-10
2872 7.3228992353707367e-07
2873 1.0507473100979953e-05
2874 3.2228435148752788e-08
2875 4.6559565671896197e-10
2876 8.2932501582433252e-10
2877 1.3049834161760317e-10
2878 5.1451753051616554e-08
2879 1.3857839779832040e-03
2880 5.3202184594553510e-10
2881 9.6258336647516495e-10
2882 2.5218882439493643e-10
2883 3.3314477047159387e-10
2884 5.1157903186647921e-10
2885 2.2887404028393587e-07
2886 2.4410024246885420e-08
2887 1.1730541417774365e-07
2888 1.0613578218672980e-08
2889 5.1967773281249001e-08
2890 1.9434786109733350e-09
2891 7.4916560532990266e-10
2892 2.8478035803639283e-10
2893 2.6471517042579684e-10
2894 1.5497083550876940e-08
2895 2.0843540127830485e-10
2896 6.0085823291625001e-09
2897 3.4465847841475357e-10
2898 8.8280371114739137e-06
2899 2.7090115288187009e-08
2900 1.8313481415683072e-10
2901 2.1007699732579892e-10
2902 1.6098483809947451e-08
2903 1.6834695020266580e-08
2904 2.3725555417970170e-10
2905 2.5883925135582412e-10
2906 3.4009760601479553e-07
2907 6.1466799329949526e-09
2908 1.9228344460074778e-10
2909 2.4979401818806295e-06
2910 8.0722510098704304e-11
2911 1.6231014434150272e-10
2912 2.8444255710545539e-10
2913 1.5917285364722392e-09
2914 3.8734599295602802e-06
2915 1.6097397628436232e-08
2916 3.5326328961706837e-10
2917 1.0069571458440409e-08
2918 2.6849036446596938e-07
2919 4.5513361195698166e-08
2920 1.9461990296523530e-07
2921 5.5938124748701674e-08
2922 1.5089878443915671e-09
2923 1.4257541566821530e-10
2924 4.2146992096372920e-09
2925 2.5183699133716681e-07
2926 5.0765318859010585e-10
2927 2.4220641577010064e-10
2928 2.1628432438540382e-07
2929 1.1940617768541719e-06
2930 2.2458774654882718e-09
2931 2.1037978151851013e-08
2932 2.6349039769178743e-08
2933 3.5660831366074917e-09
2934 1.8827327321728816e-07
2935 1.8890347174529918e-07
2936 7.9187693931135216e-10
2937 3.4507030311805615e-10
2938 2.6897280052675291e-08
2939 3.2275883369350184e-10
2940 1.3523192980501859e-10
2941 4.0403268264987972e-08
2942 3.1671915222586278e-06
2943 3.1835833176383034e-10
2944 4.2248287952273497e-06
2945 9.7082532575264984e-11
2946 6.7907333324074235e-07
2947 3.3621010324013393e-08
2948 3.9396946609573502e-08
2949 2.1375811800517087e-10
2950 2.4034818856835106e-07
2951 2.4963100072804811e-09
2952 2.7087875661256140e-10
2953 4.2448001802810091e-07
2954 2.9512097645509940e-08
2955 3.6759128655793775e-06
2956 2.1853254730000677e-10
2957 1.3377098636575973e-10
2958 1.3101130405698785e-07
2959 1.8249297648819817e-10
2960 1.0730245496273861e-07
2961 7.3168397558628388e-08
2962 7.1668979787724674e-08
2963 2.6168523879861611e-10
2964 1.6809276345062756e-10
2965 4.8471311385233710e-09
2966 2.7719546657102737e-08
2967 3.7577295074590890e-07
2968 4.1924733394951313e-10
2969 5.2133023326295877e-10
2970 6.1821312203816259e-08
2971 1.6334357191726857e-10
2972 2.8618937102882378e-10
2973 2.4728867184673648e-06
2974 4.2305936626358466e-08
2975 1.7557443923904007e-07
2976 5.8372867724160114e-10
2977 2.8403074047397536e-10
2978 2.3831307539030882e-08
2979 4.0255362517159552e-07
2980 2.3267348631945233e-07
2981 1.5235411007696651e-07
2982 1.4792096736289932e-09
2983 6.3891072115473185e-09
2984 9.8215737337126567e-06
2985 4.0997314684798671e-10
2986 5.6224854894081192e-09
2987 1.9546831292934861e-06
2988 2.8371653662127180e-08
2989 4.4446719141992538e-10
2990 8.7172741315068783e-10
2991 1.7839611348773629e-10
2992 3.1428907447039060e-10
2993 9.5097406791538612e-09
2994 3.1478553562871344e-09
2995 1.3363995878931712e-10
2996 1.6148984785315247e-07
2997 8.7884555017490853e-10
2998 4.0341738263177412e-10
2999 1.8148825927919040e-06
3000 9.3589080322842774e-08
3001 1.0644175941969648e-06
3002 1.6174400289697186e-10
3003 4.6503925979047948e-10
3004 9.0598386930375154e-07
3005 4.7807417333371173e-10
3006 5.4098558362399867e-09
3007 8.1298099885615658e-10
3008 2.0414707501682409e-10
3009 8.1303044085182812e-09
3010 9.4896336823955546e-10
3011 5.9531350906404959e-10
3012 1.5657444633384640e-07
3013 9.6186483039866782e-11
3014 5.0482089044625803e-06
3015 3.2228055604072818e-10
3016 7.6576195956245392e-10
3017 1.7925618018838790e-07
3018 1.4797287880472496e-10
3019 2.4365923359621098e-10
3020 3.6377309011714616e-07
3021 1.3959479319168201e-07
3022 1.0390783016481661e-10
3023 2.1422007121237837e-10
3024 3.9398418833413152e-10
3025 1.4249519726634017e-05
3026 1.0703634000892672e-07
3027 2.4902034086714617e-07
3028 1.6088659675756357e-10
3029 3.3743752754325211e-10
3030 6.4727094988666535e-08
3031 1.1542007254575413e-10
3032 9.8985569047087948e-11
3033 2.0051496667089791e-10
3034 7.3905647319302224e-10
3035 2.3503652560847910e-10
3036 3.8928120838356794e-10
3037 1.9486227535292003e-10
3038 9.9549320761448377e-10
3039 5.8427489833374350e-10
3040 1.4586112458794884e-10
3041 4.7628821087974908e-08
3042 7.7569088409296973e-10
3043 1.7675735959829511e-10
3044 4.5173316268992886e-10
3045 6.0324089715282636e-07
3046 8.6878693430092554e-09
3047 1.5937976470573557e-08
3048 3.5599885514073204e-10
3049 1.7788673551355547e-10
3050 3.6021697212694689e-09
3051 1.5272340169746578e-07
3052 1.6109493393818410e-10
3053 1.5170651535589496e-07
3054 6.1370921806086387e-08
3055 6.2092243753928579e-06
3056 1.2602818852360878e-10
3057 2.7011564040755324e-06
3058 2.2198187026864136e-07
3059 1.7105312438522761e-10
3060 3.3225187996659701e-07
3061 2.0812905747440742e-09
3062 1.8304801884331408e-10
3063 1.6273977454466197e-07
3064 1.1702293851850157e-10
3065 1.1644880820465430e-09
3066 3.0043596016331316e-08
3067 1.3876808424219915e-07
3068 2.3865309936947114e-10
3069 1.6358006377446514e-09
3070 7.8621634828959100e-08
3071 5.0938984860293619e-10
3072 1.6738932680070013e-06
3073 2.5688434566141014e-08
3074 1.0468455564227967e-09
3075 1.2881116242765286e-07
3076 1.7268686068532884e-07
3077 4.9802771991847097e-07
3078 4.2909689199467259e-07
3079 2.6915960339967308e-07
3080 2.3613798287550110e-10
3081 1.3622742093610082e-10
3082 3.7622559082567184e-10
3083 4.3386373356661611e-08
3084 7.5096361355286701e-07
3085 1.6407781249042545e-10
3086 1.1722257091772185e-07
3087 2.4082964628485205e-10
3088 1.1282436017209472e-06
3089 2.8399816807752764e-08
3090 1.3270237768083516e-10
3091 3.6636175728016004e-07
3092 2.0729388134436738e-07
3093 1.1530045670249168e-10
3094 1.5990676698780094e-10
3095 1.2662773500717096e-07
3096 2.8006043644735667e-07
3097 1.3962863811498699e-10
3098 1.6288622914559336e-10
3099 1.1595412899640957e-06
3100 6.0597435319334807e-09
3101 1.0627449558268824e-07
3102 2.8252325160549960e-07
3103 7.6114242350852937e-11
3104 2.7831087108620129e-06
3105 2.2046558652027992e-10
3106 1.4138201107397963e-10
3107 8.1293569202958725e-11
3108 4.4513575039861572e-09
3109 6.5109273130696929e-07
3110 9.7742815300429669e-07
3111 6.4662349068115923e-05
3112 3.7780119058027036e-10
3113 3.5774900432006084e-10
3114 5.0898761201505735e-08
3115 6.1890208445780729e-10
3116 7.8984616921197002e-11
3117 3.7163558549161416e-08
3118 1.5523081265438408e-10
3119 7.1070066324065988e-09
3120 1.5429762229476698e-05
3121 1.3784429960032009e-10
3122 6.4060651370549874e-08
3123 8.0583837999936373e-09
3124 1.0408988813191202e-10
3125 3.1023064120733853e-08
3126 6.6817011406202242e-08
3127 6.4794358023712852e-08
3128 2.6369636546597773e-08
3129 2.0994585379226466e-07
3130 5.9564898842962979e-08
3131 1.5344766184464840e-10
3132 9.5477738887323896e-11
3133 4.7122519943083927e-06
3134 3.5195421577959317e-08
3135 2.7574496717737239e-06
3136 4.1646729819213446e-08
3137 1.6788284977140426e-07
3138 1.4738503447993607e-10
3139 2.1148906435799040e-09
3140 2.9714637419139071e-07
3141 3.6616592873006814e-08
3142 1.1070782468743881e-10
3143 5.5727011986207455e-08
3144 9.9201430505761253e-07
3145 2.7341506944792547e-06
3146 9.6356593617158727e-09
3147 8.1316808855803382e-09
3148 2.5008618678807536e-09
3149 1.0092759250680622e-07
3150 3.9674010901188791e-07
3151 3.3362538067522149e-06
3152 9.3957443587356650e-11
3153 1.1530433803723064e-08
3154 1.6612807025250353e-10
3155 4.6569043591156524e-07
3156 1.4853385547564306e-10
3157 4.3530660374393645e-07
3158 9.6236781776576247e-08
3159 1.3774862265041458e-05
3160 9.9571530140521665e-11
3161 1.7586942464480935e-10
3162 2.2985663986245345e-06
3163 1.0485357916321876e-10
3164 7.8020336830786738e-11
3165 2.5114830135506446e-10
3166 1.2563845497008497e-10
3167 1.5081454271509180e-09
3168 1.8063292863158259e-06
3169 2.1489925214949654e-06
3170 4.8374797688029401e-10
3171 6.2661816316525244e-08
3172 1.7365117860532179e-10
3173 5.4961242681589421e-09
3174 4.8933707738233998e-11
3175 2.9896911920871479e-04
3176 3.9652272490184164e-08
3177 7.4789475411204268e-10
3178 3.5083958842882041e-07
3179 2.4410152724289963e-06
3180 9.4127293285938848e-11
3181 2.3028639946867392e-08
3182 1.0654210462680632e-10
3183 3.0152486854472546e-11
3184 8.2291816081006870e-08
3185 7.6589873914027842e-07
3186 2.9186790410905734e-07
3187 6.7208206421921007e-10
3188 3.1386482284468569e-11
3189 6.4320449971445223e-08
3190 1.0854669976753142e-10
3191 8.7376787850510944e-11
3192 1.5837462906137625e-10
3193 2.5513452253816432e-10
3194 4.7165935626584011e-11
3195 5.4484873992044085e-10
3196 2.6268512797190112e-10
3197 6.6938307254854693e-08
3198 4.8324525315898701e-11
3199 3.7217275465859094e-09
3200 3.7238983651370798e-11
3201 2.2917212194366842e-11
3202 4.7467115352654334e-11
3203 2.0408962445442231e-07
3204 4.4243828653203579e-11
3205 2.2367751886880525e-11
3206 5.0808467469328561e-07
3207 4.9349543627197341e-11
3208 1.4358447274209196e-10
3209 1.8826693137470613e-09
3210 9.2088372859956258e-08
3211 3.0551105076402678e-11
3212 4.9072244439011067e-11
3213 3.1163756433594276e-11
3214 4.8838198603081128e-11
3215 3.6106031742458133e-11
3216 2.9132524537961871e-11
3217 5.4882326664086304e-11
3218 3.7371271191207987e-11
3219 2.6890484820280432e-11
3220 3.4374034871836038e-11
3221 4.1900795172972154e-05
3222 5.0561513659999320e-05
3223 1.8721002130875900e-11
3224 9.6606916457777293e-11
3225 5.6201568301727626e-11
3226 1.3760401376167634e-10
3227 1.4082335046918706e-05
3228 4.7495830358376337e-11
3229 3.6068331333241579e-11
3230 1.9992719693644868e-10
3231 5.9665532903179602e-07
3232 8.7550875792859833e-07
3233 3.2599552147631773e-11
3234 5.3750572500148388e-10
3235 2.8394884312257473e-11
3236 6.6716582935193270e-11
3237 3.2584321451134702e-11
3238 4.2757825857331767e-11
3239 2.8566636894712702e-11
3240 1.9938280503745898e-11
3241 4.1647319310264762e-11
3242 1.5536437220903801e-11
3243 3.4148876337860762e-11
3244 3.0973671531182984e-11
3245 4.5443861949961971e-11
3246 4.5235372966170143e-11
3247 6.7028413754454604e-11
3248 3.3166204967477437e-06
3249 4.3729653739578955e-11
3250 2.9867818399681252e-08
3251 4.1483472342021654e-11
3252 4.5303239675536703e-11
3253 4.7354189811085976e-11
3254 5.9254047068727459e-07
3255 4.3230856633081388e-11
3256 1.1742186071927550e-06
3257 3.0343811364732190e-11
3258 3.8855388760492028e-11
3259 3.8815048942952177e-11
3260 2.8772284956028777e-11
3261 1.6258984740617282e-11
3262 3.8718330088249846e-11
3263 2.2216828463188624e-11
3264 2.9111814968031949e-11
3265 5.3971292322093285e-11
3266 3.2902181669505399e-11
3267 4.1174258420380484e-11
3268 5.3518990582419793e-11
3269 2.1275902650715015e-11
3270 5.6658739206771550e-11
3271 2.2553102512192655e-11
3272 2.8681146131759675e-11
3273 7.1222616279538051e-06
3274 9.6177700360423281e-07
3275 1.0793844874492841e-11
3276 3.1364877683506726e-11
3277 8.0016046074891434e-12
3278 3.5453413482059073e-11
3279 3.9469474501013921e-11
3280 2.4676103543575580e-07
3281 6.0680877088999231e-11
3282 3.8924466716212743e-11
3283 4.8529530829120771e-11
3284 5.3868475701698318e-08
3285 1.7494429816283581e-06
3286 4.0469873003347104e-11
3287 6.4598223061952549e-11
3288 1.9458172248142727e-11
3289 4.9310472056328799e-11
3290 3.5412151384664193e-11
3291 1.9730082420789060e-11
3292 6.0143185747858443e-07
3293 5.3923425886385114e-11
3294 5.3410525613063902e-11
3295 6.3322093628617374e-11
3296 3.8037125032266306e-11
3297 2.4553579959260451e-11
3298 5.6527290584421634e-11
3299 1.8407182407074064e-11
3300 3.0330124953765633e-11
3301 6.0565517279447170e-11
3302 4.0126862301728842e-11
3303 4.4607972520645812e-11
3304 1.3681361277878342e-07
3305 2.8018883376635262e-11
3306 4.5893359909157083e-11
3307 5.8877849834528570e-04
3308 3.9887751426920973e-11
3309 5.3838845269658505e-11
3310 4.4469705374950910e-11
3311 1.7434418127508601e-11
3312 4.7789527437455619e-11
3313 3.7027103240640342e-11
3314 3.4822270006943180e-11
3315 6.0584651228122438e-08
3316 3.4625709448999180e-11
3317 1.5584296311365996e-05
3318 3.6271913440659867e-07
3319 2.0958737320919585e-05
3320 2.1414583636637681e-11
3321 1.3544188625373283e-10
3322 3.8305178473135837e-03
3323 2.6703394549295279e-05
3324 2.1864185923445558e-11
3325 2.9652123984722744e-11
3326 2.2355408686320491e-11
3327 3.7897879727726829e-11
3328 6.2292185847365771e-11
3329 3.5060535834563741e-11
3330 6.0789966176857843e-11
3331 1.0630061610139462e-06
3332 2.1094414107658412e-06
3333 1.3279372341042613e-07
3334 3.3911465855908791e-11
3335 3.1210787148901548e-11
3336 3.9037257718402486e-11
3337 3.7561360424276278e-11
3338 2.5462721507852231e-05
3339 4.8277400542272434e-11
3340 5.1555962571129661e-11
3341 8.9094780912970518e-11
3342 1.3816268296547640e-11
3343 3.1395134248623782e-11
3344 2.1774010788366501e-11
3345 3.3086583000313318e-11
3346 2.0097420371262822e-11
3347 5.2312948717698031e-11
3348 1.1821844870710263e-06
3349 4.9123096394544801e-06
3350 1.3933343258982305e-06
3351 3.4664224036530760e-11
3352 5.4044827454362171e-11
3353 6.5690920146454392e-11
3354 4.8496567450186156e-11
3355 3.2541432850495122e-11
3356 3.4830645564183198e-11
3357 4.2431567818563493e-11
3358 2.0762310663758979e-11
3359 4.5629314184857692e-09
3360 4.7578784447038260e-11
3361 2.0254980477514679e-11
3362 4.3920157503148785e-11
3363 8.5613048832928358e-11
3364 6.6179784812166602e-11
3365 2.6054786672753193e-07
3366 3.7213132283997728e-11
3367 7.7816451350744467e-11
3368 3.6080249093123924e-11
3369 1.1051777686362067e-06
3370 1.7611667175706804e-06
3371 4.3356943994940026e-11
3372 2.0512824399551914e-11
3373 4.1030779414759439e-11
3374 4.3882652871417347e-11
3375 3.4918108210037637e-05
3376 2.2048928596629445e-11
3377 8.3590048227742947e-06
3378 2.0464296207635350e-11
3379 3.6324825111840419e-11
3380 2.0156087419746034e-11
3381 1.3069972336556142e-07
3382 4.4741235011448932e-07
3383 2.5548936223509063e-11
3384 6.4951718937515859e-11
3385 1.1093793059741240e-11
3386 1.9667289080106979e-05
3387 6.8284580628226488e-11
3388 4.2521617766381864e-11
3389 4.1519387850395053e-11
3390 4.2880718022100113e-11
3391 2.7736561443033498e-11
3392 7.3589998570604373e-11
3393 9.7694923039765612e-07
3394 6.0381446035647798e-11
3395 3.7294473580708913e-11
3396 6.2625244270516342e-11
3397 5.3217271987420554e-11
3398 6.5428600284216099e-11
3399 3.1709771629887269e-05
3400 2.1824096569984852e-11
3401 4.9378737633085405e-11
3402 7.6362392080802352e-07
3403 4.4144705563007486e-11
3404 4.9742024750436734e-11
3405 7.1778177126406404e-11
3406 2.9314528420751490e-11
3407 3.1711788335209538e-11
3408 1.7501562509444779e-11
3409 4.9286364771423250e-11
3410 1.7975244898727861e-11
3411 4.7824169367729001e-11
3412 7.9796039459703667e-11
3413 1.4201000802436306e-07
3414 4.7566941527005649e-11
3415 2.5651988424115892e-11
3416 2.3800639842794028e-06
3417 3.4235585937453721e-11
3418 2.5220138971111907e-11
3419 4.6809783663609157e-11
3420 4.0649940575544322e-11
3421 7.1696509563460922e-11
3422 6.1181786673217148e-11
3423 5.5172583542244867e-11
3424 3.5084738493141925e-11
3425 5.0834684654688895e-11
3426 7.1163029838515637e-11
3427 4.1263560761694651e-11
3428 1.1198298940228931e-06
3429 1.4890212238177047e-11
3430 4.1501392839684366e-11
3431 5.9839051042269354e-11
3432 1.2832909257454872e-07
3433 4.3190285335485662e-11
3434 5.3122112410032723e-11
3435 3.7893667262205948e-11
3436 4.3732030076470466e-11
3437 3.0637758424313541e-11
3438 3.4861153738339085e-11
3439 6.1183136411478453e-11
3440 1.4782642188712269e-05
3441 3.6487969893820756e-11
3442 5.3707391551540258e-11
3443 2.7803252697626063e-11
3444 5.5681033830443798e-11
3445 2.1552421283136034e-11
3446 7.1082183092272075e-06
3447 7.5101571653716819e-11
3448 1.7269191695025408e-04
3449 1.4217972350931117e-05
3450 3.6590022379455509e-10
3451 2.8683663771178318e-10
3452 2.4029854129647258e-04
3453 3.7714306767716727e-11
3454 5.3111608039862657e-11
3455 4.0235107668360928e-11
3456 2.7688947667744540e-04
3457 9.2979149527507234e-11
3458 2.9796818847312361e-11
3459 1.0461702601520006e-06
3460 6.1377194133522856e-08
3461 7.0890615697256181e-11
3462 4.4441855909138566e-07
3463 2.8262678005644644e-11
3464 4.1855614393582700e-11
3465 2.5853261515278914e-06
3466 1.0671790080609184e-06
3467 1.7275392909251298e-11
3468 5.9513469436371095e-11
3469 3.7273064446028054e-11
3470 5.3854976262993122e-11
3471 1.9972172035227028e-05
3472 2.4517097664087610e-06
3473 4.1207240755152476e-07
3474 4.1782022610609982e-11
3475 1.0044570300419343e-11
3476 4.4570607292961784e-11
3477 3.0309210373063613e-11
3478 6.2928128648765666e-11
3479 6.2236979117384894e-11
3480 3.6487494145090350e-05
3481 4.4022514951768473e-11
3482 3.2530626019847988e-11
3483 3.4916802967502837e-11
3484 1.7711868687659999e-11
3485 8.8364197590017938e-05
3486 1.2868817358423342e-11
3487 1.6950996150024003e-11
3488 7.1208204405787152e-11
3489 4.8303786738233867e-11
3490 3.5856500574679519e-11
3491 2.8200752182570815e-11
3492 4.7117155011600997e-06
3493 9.1529378996069605e-06
3494 7.7056145686701139e-06
3495 1.6592790125727455e-11
3496 4.5599495374156082e-11
3497 2.4320133060426787e-11
3498 2.7671461960616771e-06
3499 6.6867144932276433e-11
3500 6.7527188055238052e-11
3501 2.7361523474304934e-07
3502 3.8735298186415298e-06
3503 2.1902506862979069e-08
3504 9.0430509132056164e-07
3505 1.5708526274096849e-06
3506 2.2249485575586742e-08
3507 5.7867723014496476e-11
3508 5.1483033758176772e-11
3509 3.4100732423920939e-11
3510 4.8877034067866115e-11
3511 1.3894565497817611e-10
3512 3.0250270746114040e-10
3513 6.4196807549562301e-11
3514 3.3860828404637330e-11
3515 4.7985213021628303e-07
3516 2.2978747004141275e-11
3517 1.6898215988624870e-06
3518 3.5518784847510615e-07
3519 6.7544654948968745e-11
3520 5.9573241096656272e-11
3521 4.2807220938666002e-08
3522 4.0842541745936811e-11
3523 1.5946743348258601e-05
3524 1.1621200444583352e-10
3525 3.3883464353518647e-11
3526 2.6512364392353144e-11
3527 5.6029287868999525e-11
3528 4.8825746678592952e-11
3529 2.8707920879025018e-11
3530 5.6462760309397966e-11
3531 2.2656541606365880e-05
3532 7.7994091560088106e-07
3533 5.9733068850490379e-11
3534 4.9694801184463523e-11
3535 2.4893469399435304e-11
3536 6.1886338821794360e-11
3537 1.9850502668287238e-05
3538 4.2845920199412000e-11
3539 7.4549925364869917e-07
3540 3.2021574599555591e-11
3541 2.6093666512030389e-08
3542 6.2695304825060488e-11
3543 4.8775314757010811e-11
3544 6.6086631106017181e-05
3545 5.0758725056557798e-11
3546 1.6337951110667462e-11
3547 5.6933641097841229e-11
3548 7.9694507233030078e-07
3549 3.8383408459007708e-11
3550 3.1314667378498480e-11
3551 5.2555153283326147e-11
3552 5.1640026535569459e-11
3553 9.2633558592954967e-11
3554 5.5657505722441387e-11
3555 3.3729189052693557e-11
3556 3.1055635573105742e-11
3557 5.0565457371719629e-06
3558 6.2104508642461077e-11
3559 7.8144269631943438e-11
3560 2.6424757803692561e-07
3561 1.5685180620068020e-07
3562 1.7591896894897441e-06
3563 5.6840612699024390e-07
3564 5.7073697851788413e-11
3565 7.1631432198829160e-11
3566 7.1701597774827324e-11
3567 6.0155763772171401e-11
3568 5.4039820352235446e-11
3569 8.5945167704175695e-11
3570 5.3439483695281924e-11
3571 8.9939779952567025e-11
3572 1.9805051320397822e-11
3573 4.5216200180668974e-11
3574 5.8361586278978117e-11
3575 6.3860822858961198e-11
3576 2.9401395457709514e-06
3577 6.0344021141607514e-11
3578 5.1561515405919870e-11
3579 2.1720992472504475e-10
3580 3.3944957805810537e-11
3581 5.6008737603127690e-11
3582 5.7242649415265242e-11
3583 3.5287393944504774e-07
3584 3.5349950493694761e-05
3585 4.8043557219389509e-11
3586 4.0042003116960050e-06
3587 7.9391724479228636e-11
3588 5.7743286555822535e-11
3589 2.5040019553922413e-05
3590 8.6890140097491486e-06
3591 4.4351590815182649e-11
3592 7.2635436643936037e-11
3593 5.6617748894160696e-11
3594 2.3395886384297322e-11
3595 1.7461139218021240e-05
3596 1.4504792431772214e-04
3597 1.4531773090088882e-07
3598 3.4320699015164715e-11
3599 5.8107843851704761e-04
3600 1.9474496196983561e-06
3601 1.5856355933031026e-06
3602 4.3938965994084641e-11
3603 7.9435972076404993e-11
3604 2.7086051197342452e-11
3605 1.9151613065500195e-06
3606 2.3622011994814424e-11
3607 4.8402364869302417e-11
3608 8.7419924440390792e-11
3609 5.6851523499519531e-11
3610 2.1998522100780522e-05
3611 4.4991661685678076e-11
3612 5.6108017704629746e-06
3613 1.7787354439366262e-07
3614 5.0830282444337064e-04
3615 7.2532106585799014e-05
3616 3.9746280495743667e-07
3617 5.5677921593663626e-11
3618 2.0957893366242331e-05
3619 2.7775860033480748e-07
3620 7.1527897642275292e-06
3621 7.1989491784089984e-06
3622 5.8945388819654872e-11
3623 1.2913518310002869e-07
3624 5.2649823368311973e-11
3625 1.0081928487418114e-05
3626 5.1737561006126217e-11
3627 4.2416877901296813e-05
3628 3.9670965218572762e-11
3629 5.0384269821667176e-11
3630 2.9023859430326240e-11
3631 2.4976309335737152e-06
3632 6.0606055115789726e-11
3633 4.6694336410453293e-11
3634 5.5218629890469792e-11
3635 5.7050645617643154e-06
3636 4.9347281642538517e-11
3637 4.1984293909479184e-06
3638 5.5593581012514246e-11
3639 4.1483107935961550e-11
3640 1.7340070886030229e-08
3641 3.3839705494449086e-11
3642 9.0525274119677014e-04
3643 4.0787858600548299e-05
3644 5.5233366863034728e-11
3645 4.9227058635007029e-11
3646 1.9287394319844599e-10
3647 3.3822550706858177e-06
3648 6.2945834124870543e-07
3649 5.1988237556018048e-11
3650 6.6498534162440330e-11
3651 5.4223713031030531e-06
3652 1.9029926916501002e-06
3653 2.0302670070571687e-04
3654 5.9598154828649789e-11
3655 8.4237849259479104e-11
3656 5.3941649049478272e-11
3657 6.9053253841402982e-11
3658 2.5394674800293304e-07
3659 2.9569061665942514e-06
3660 1.0347759135523006e-05
3661 2.8761028455241719e-06
3662 2.5532992609587809e-07
3663 6.0559648803193572e-07
3664 3.0156570252748824e-05
3665 6.9454024181856523e-11
3666 1.1232449351459143e-04
3667 1.5764916333364437e-07
3668 4.0343525495337166e-11
3669 1.8000475349633945e-04
3670 2.7703444185640655e-11
3671 5.5661728901520201e-11
3672 2.8050098957738853e-11
3673 5.9150324560360575e-06
3674 6.3171419099934545e-11
3675 3.1783614468626919e-08
3676 3.7571716658228385e-11
3677 8.5803800271731041e-11
3678 5.2412591026814823e-11
3679 5.6058895285719557e-11
3680 5.6475105880299386e-11
3681 9.9758792404392702e-06
3682 7.0808683060691710e-11
3683 6.2409647297293072e-11
3684 7.2336164585555044e-11
3685 4.7372836264501130e-11
3686 7.5063227325827547e-11
3687 1.2302819194641830e-11
3688 3.5446458936301369e-07
3689 5.5529397500681454e-11
3690 4.3616918043999913e-11
3691 5.0336184513842553e-11
3692 2.5865951376720635e-04
3693 8.0103838590377055e-07
3694 5.1327016927961192e-11
3695 4.3091546446501190e-11
3696 4.8168772405884927e-11
3697 2.4088819342299333e-06
3698 6.7610885231688986e-11
3699 6.1383034416638989e-11
3700 9.7789254096866729e-11
3701 2.6921275948202002e-06
3702 1.6642759059055075e-06
3703 1.5953645131213067e-06
3704 4.8988389474081356e-11
3705 5.6059334956870243e-11
3706 4.8669647207612319e-11
3707 7.1210516672232073e-11
3708 5.6495972039466254e-11
3709 4.7372424531668720e-11
3710 6.5977001066357019e-11
3711 9.1524877963433859e-07
3712 4.7702875992922300e-11
3713 6.2554654783892239e-11
3714 1.4140745729408798e-06
3715 4.9765056543128615e-11
3716 3.5106407609900384e-07
3717 5.8056431368525837e-07
3718 4.9713197702061977e-11
3719 4.9678049688951728e-11
3720 6.0554846827862474e-11
3721 4.5797660360304953e-11
3722 6.9824343603077020e-08
3723 5.7015014111431818e-11
3724 5.8956305305552765e-11
3725 5.0026456154314243e-11
3726 4.6920157307287695e-11
3727 6.7458849065906785e-11
3728 1.0713235773676721e-10
3729 4.7409479824111227e-11
3730 6.3699895561395857e-11
3731 1.1831565207970925e-10
3732 5.4021759653470944e-11
3733 6.1049882323866343e-11
3734 7.9853908016563098e-11
3735 4.8255615383535718e-11
3736 6.6264705672079189e-11
3737 4.8529399154384305e-05
3738 4.5895034848247320e-11
3739 6.9758555537701325e-11
3740 7.0514567830392494e-11
3741 5.9512492626972118e-11
3742 8.1887596490679167e-11
3743 1.0932736895138480e-10
3744 5.1514213397644528e-05
3745 3.9896169115195826e-11
3746 7.4141519887157029e-11
3747 4.7277700035006077e-07
3748 3.8555308484526483e-06
3749 1.9153436549844636e-07
3750 7.2790112522663270e-08
3751 8.6397627988618118e-08
3752 2.5594716883261991e-09
3753 4.7268342946902867e-10
3754 6.1726995014357616e-07
3755 1.0984307506608119e-10
3756 9.6339160196847046e-07
3757 1.6665830181691597e-07
3758 1.7643371565561001e-07
3759 7.8194739182527579e-08
3760 2.2459680313605756e-05
3761 1.7804123830239075e-10
3762 1.4864279948795066e-04
3763 2.4220624438105522e-08
3764 2.0266209271408364e-10
3765 8.3850262789191635e-09
3766 2.9895119412350798e-08
3767 3.9467970207804955e-07
3768 2.5917778320011320e-08
3769 1.7967415457537834e-06
3770 1.1916957801157072e-08
3771 3.5205932520429069e-08
3772 1.3891127872747600e-06
3773 4.9832536443652329e-09
3774 2.0601248761634286e-04
3775 4.4088164377816515e-08
3776 4.9086923424357822e-07
3777 5.4041216895732133e-06
3778 1.8180530835380006e-07
3779 3.0465483158373289e-06
3780 5.1904071905956866e-08
3781 1.0310201483195241e-06
3782 9.3171615339911823e-06
3783 1.1059183301631185e-06
3784 4.7405957828358870e-06
3785 5.0542841244720455e-08
3786 1.3138087075147889e-10
3787 1.6273897052507373e-06
3788 1.1620429072506481e-09
3789 2.3495257103035684e-08
3790 2.6003757959058902e-09
3791 1.1212976278699478e-07
3792 9.5413724331170535e-10
3793 9.3704333271684445e-07
3794 1.6034552289894194e-08
3795 5.0216809518424074e-08
3796 4.5474240950473383e-08
3797 1.0570460191386845e-07
3798 1.5932769404622598e-06
3799 2.4205654558109255e-08
3800 4.4333700629973303e-06
3801 4.0848325271192174e-08
3802 3.9546743281154891e-10
3803 2.6728249226794022e-06
3804 3.9471144291117090e-10
3805 1.9936389278328312e-07
3806 2.2917324311108137e-08
3807 5.3489294358009652e-06
3808 3.4901635183726293e-10
3809 2.7407427512782819e-07
3810 7.5325397455530142e-09
3811 6.3555428972144530e-10
3812 1.0427682034638250e-08
3813 5.9317480593881773e-07
3814 2.9736386254445681e-10
3815 3.6665995561750696e-08
3816 6.1199224354029479e-10
3817 1.4431232010062394e-07
3818 3.2862429157712530e-07
3819 6.9464892266763073e-08
3820 1.9655496750594169e-08
3821 2.3978986624643260e-08
3822 1.8336686169918809e-10
3823 4.2006049209280167e-08
3824 2.6171122583539740e-08
3825 1.7753791166983057e-08
3826 4.7706461973842224e-05
3827 8.7306394370320898e-10
3828 8.4789093785607639e-08
3829 9.8197445437665617e-11
3830 5.5923441228442845e-07
3831 1.6540658716272724e-07
3832 2.4439114033390255e-08
3833 2.9279864586464147e-07
3834 4.9713747991303043e-06
3835 3.6534099622183065e-08
3836 7.9947946398013884e-10
3837 3.6111613343804298e-07
3838 5.9689655236130112e-10
3839 1.7316330262851926e-08
3840 1.8205927415162469e-07
3841 4.0205921190800479e-08
3842 2.3199599237324402e-08
3843 2.0265424227698225e-07
3844 1.4835515346622102e-07
3845 6.3517698186830418e-06
3846 3.3273574208682409e-08
3847 3.5763891058259625e-10
3848 1.4794496292487885e-10
3849 6.2167474392985982e-09
3850 4.3625741715341011e-10
3851 6.1129292057902560e-07
3852 2.5601465184220426e-08
3853 6.6726156744206978e-10
3854 1.9029513362644167e-06
3855 2.5024805589046450e-07
3856 2.5002697826268783e-08
3857 2.2577187449199095e-09
3858 2.5154148333820168e-09
3859 1.1607950452869103e-06
3860 5.7446729850044001e-07
3861 1.7513542972985936e-08
3862 4.6140438774511107e-10
3863 5.3279694608923110e-09
3864 1.6630285670167023e-10
3865 1.6245275541039729e-09
3866 8.2758161290866079e-08
3867 1.5569769687041757e-07
3868 1.1414666527885547e-04
3869 3.8686604100178898e-08
3870 2.9561280954348970e-08
3871 1.3325248717353879e-06
3872 6.5619294844531103e-10
3873 8.1240024310529159e-10
3874 8.9676319186246155e-08
3875 2.8961224168841130e-07
3876 3.4056070764907915e-08
3877 1.3300202898641138e-09
3878 2.5518825755665973e-09
3879 2.1392531673592441e-06
3880 2.8794361964383979e-06
3881 2.3266777634907708e-08
3882 1.6203640944135587e-07
3883 3.0361532341231670e-08
3884 5.4907810100147905e-09
3885 4.3803181617483548e-10
3886 3.7314739097632716e-09
3887 2.8533439621024489e-07
3888 1.1417125016241669e-06
3889 4.7064585774640630e-08
3890 8.4347555579137346e-08
3891 2.6929659651201425e-08
3892 1.4941646070124684e-07
3893 1.9798372560383325e-09
3894 1.7925830889367170e-07
3895 1.4751589976590632e-07
3896 8.9925699611351383e-07
3897 1.2083472051917143e-07
3898 6.7971507273439384e-07
3899 4.9479466576928208e-08
3900 1.6673044076614958e-06
3901 3.7649646824297618e-07
3902 7.9029993070310739e-06
3903 2.8664418974347196e-08
3904 2.7532512011679988e-08
3905 1.1589505099694413e-09
3906 1.0457030667080185e-10
3907 2.7850883234421730e-08
3908 3.8744018085323896e-10
3909 3.6794851687163314e-07
3910 2.5709920446265831e-08
3911 4.5847514010466554e-07
3912 3.3054913883773328e-10
3913 6.0958436375998100e-08
3914 1.6644943808980933e-09
3915 2.4809420166265836e-08
3916 5.9116519843916804e-10
3917 2.1338663735942436e-07
3918 3.1437455301781203e-06
3919 8.5622757658053720e-09
3920 6.6688942723963165e-09
3921 2.9966152734227564e-10
3922 4.0316787571918331e-08
3923 1.1278912946800817e-07
3924 3.9750217546771773e-07
3925 1.4574584869386576e-09
3926 4.3627891360818900e-10
3927 2.6790832727608423e-10
3928 4.8611227162145374e-08
3929 2.5871543048528542e-09
3930 7.4162081338001445e-08
3931 1.7351233259122626e-07
3932 7.7655941991546339e-08
3933 1.6884476882271781e-10
3934 3.8236294898190933e-10
3935 2.8703010053339696e-07
3936 1.6709092334120071e-07
3937 3.7424932677533785e-09
3938 1.7844826358110273e-10
3939 2.2628598135254611e-10
3940 2.8090378151674885e-08
3941 2.5796439155668581e-08
3942 3.5194275558990213e-09
3943 3.8743743692624857e-10
3944 2.1025707127483483e-09
3945 2.6294691949579503e-08
3946 3.0870485760921447e-07
3947 1.6534265632439194e-07
3948 2.5423148184981528e-07
3949 2.8523639721762749e-10
3950 3.0403296745696473e-08
3951 3.8657898643942750e-07
3952 2.0306108213139634e-09
3953 4.5700002429589655e-10
3954 6.9193377705777174e-08
3955 1.9749644968208194e-10
3956 3.4990578096526561e-08
3957 7.7361755093142874e-10
3958 9.3827072797277709e-07
3959 2.3520225764741116e-08
3960 2.0340893554995675e-09
3961 2.4682204773725001e-07
3962 1.1503823932816210e-10
3963 2.0690319373449658e-10
3964 4.8862214238675837e-09
3965 5.4664123273997576e-07
3966 7.1561692950021655e-08
3967 7.5023905669990234e-08
3968 2.2889175677342933e-08
3969 6.8331213153943192e-08
3970 1.6747286702349250e-10
3971 7.3082710255010481e-09
3972 1.7967709933678324e-09
3973 3.7753407658552180e-10
3974 4.8302113098116577e-06
3975 2.6916788572594591e-08
3976 1.2312027473013183e-08
3977 7.1620892078164751e-08
3978 5.4442904546381030e-07
3979 5.8414947238244928e-08
3980 5.7676136634940487e-08
3981 2.4729490065271591e-08
3982 4.0041738995149523e-07
3983 4.6762420564153814e-08
3984 5.2772970254981381e-10
3985 1.0432953224510771e-09
3986 8.8632681140699006e-07
3987 2.5148090650277939e-10
3988 2.4490925431800341e-07
3989 4.4018692071798115e-07
3990 1.6558225141177100e-10
3991 2.6698220326192700e-10
3992 2.5271280076685223e-08
3993 5.7410826543019860e-08
3994 1.7569603392106918e-10
3995 3.3700823383277759e-09
3996 2.2317841240894798e-08
3997 3.5011799540595315e-08
3998 6.0702673406718476e-10
3999 2.7940573393472719e-08
4000 2.7222358645379088e-10
4001 2.6167623577547144e-08
4002 3.0834632157208089e-09
4003 3.3883667836436451e-09
4004 5.3156274575381104e-10
4005 3.0108938597455968e-08
4006 5.6346295557808126e-08
4007 2.4812143088408607e-08
4008 3.5216082296001105e-08
4009 4.4698285243299481e-09
4010 7.8399955928275116e-10
4011 6.2631645253126053e-08
4012 3.3040773991237231e-08
4013 2.6469954949182831e-08
4014 5.2300301429113567e-09
4015 9.4474448135906476e-08
4016 1.4388519073677498e-10
4017 1.5152830371209194e-08
4018 2.6164443665528624e-08
4019 1.0787417641030275e-09
4020 1.7918874341183638e-09
4021 1.5672992707742562e-07
4022 1.4164986754822013e-07
4023 2.5733807371199528e-10
4024 9.9730466737608751e-11
4025 5.0755681103210728e-10
4026 4.1064347006133960e-07
4027 4.1330111829851313e-08
4028 1.2645062817019602e-07
4029 1.2368073195363732e-07
4030 2.7149450387484991e-08
4031 6.4122088803224163e-07
4032 1.2942091082475149e-10
4033 6.8617027881393041e-08
4034 4.1018455159128594e-10
4035 1.5307558983027071e-10
4036 1.9024880379232911e-08
4037 3.2145705622485287e-07
4038 4.9032697570722441e-08
4039 3.3036230880305046e-10
4040 1.5520947079952227e-06
4041 6.8464672728632701e-10
4042 2.0889244971348720e-10
4043 1.2802271088144913e-08
4044 6.7919358930860778e-10
4045 5.2173594876169396e-08
4046 2.1988321342503176e-09
4047 2.4771073136466524e-08
4048 6.5345663444548918e-10
4049 5.5433418570284025e-09
4050 1.4264325348407110e-06
4051 3.0670933751482819e-08
4052 7.6497527647777902e-08
4053 4.6193853037714360e-09
4054 1.4465342429878493e-10
4055 2.5412638213850002e-08
4056 5.5475867060197919e-07
4057 1.1070080132122774e-06
4058 1.2429135562467796e-07
4059 2.1719823121353069e-08
4060 7.4801192359248806e-09
4061 9.2779309254113004e-10
4062 5.5993373930244372e-10
4063 5.6572409907673062e-10
4064 5.1112965483582562e-10
4065 2.5152083258179043e-08
4066 2.2499063861179512e-09
4067 1.3439019602147755e-09
4068 1.4332328029458343e-10
4069 4.6331442449399824e-07
4070 1.4416051234047295e-10
4071 2.4950475518313017e-08
4072 2.5952657015677984e-10
4073 6.2919291840025167e-10
4074 1.2224162825984373e-09
4075 2.0536532566622008e-07
4076 1.7642000541676282e-06
4077 1.4894649899023168e-09
4078 7.5165923712886749e-08
4079 4.7367265975003319e-08
4080 1.4050171838726481e-08
4081 1.9355789939637030e-09
4082 5.4208315493354333e-06
4083 5.1591968476633173e-09
4084 4.6704191797256806e-10
4085 9.7648010802972626e-06
4086 3.0744102094225070e-08
4087 2.4540922861563339e-10
4088 8.6330594122890212e-10
4089 4.2190727418974656e-08
4090 7.1756712547716554e-06
4091 7.4830957169992122e-10
4092 1.8802456824208646e-09
4093 2.6366559321307218e-10
4094 1.4049253939278503e-10
4095 6.7917356490061352e-07
4096 8.9933398023343331e-08
4097 1.2477448628095796e-08
4098 1.0719235601307796e-08
4099 2.7545373415073920e-08
4100 2.6634527320471248e-08
4101 2.4803430776107553e-06
4102 2.4749332354738018e-10
4103 4.8476052112995274e-08
4104 4.1304316069537259e-09
4105 2.6470140132083942e-08
4106 6.4740139181317044e-11
4107 6.0079787132435300e-11
4108 3.6993897235720644e-08
4109 6.2913963643436811e-11
4110 6.9091520054992378e-11
4111 6.4870178045515294e-11
4112 6.8058466274387211e-11
4113 7.5754568297269258e-11
4114 4.9950966979168285e-11
4115 4.2207808424021451e-11
4116 6.8459176749490328e-11
4117 5.8967697164536085e-11
4118 6.8726187084785257e-11
4119 5.6852102108601869e-11
4120 6.8174102909656812e-11
4121 2.7397336664852693e-11
4122 6.3417873791326694e-11
4123 5.4116898765036216e-11
4124 5.8383339426258879e-11
4125 4.7041712833106327e-11
4126 4.5104236321518765e-11
4127 4.5530098036325457e-11
4128 8.9426844012037684e-11
4129 5.4247174160678506e-11
4130 6.3410410052124368e-11
4131 7.1757656616519150e-11
4132 8.0188059245719281e-11
4133 7.8359079954829114e-11
4134 8.4200314716371101e-11
4135 7.4860395800627342e-11
4136 6.0685778441760916e-11
4137 1.1847910977592931e-10
4138 3.2745499873420354e-11
4139 8.5098856627063283e-11
4140 3.9102593607335920e-11
4141 3.1629114904786928e-11
4142 5.2315742673128438e-11
4143 3.6189775952976850e-11
4144 3.6018488859705336e-11
4145 5.4887689067175681e-11
4146 8.6424936681871891e-11
4147 5.1910514522760962e-11
4148 5.9457683443561833e-11
4149 4.3691513311054737e-11
4150 5.1884853679576264e-11
4151 5.9140494293753474e-11
4152 6.3619596933351075e-11
4153 3.6502111238038037e-11
4154 5.7016077563907665e-11
4155 5.1854300479215722e-11
4156 5.4544175142044540e-11
4157 7.7705738917987625e-11
4158 5.1205960443069812e-11
4159 6.2921774364629128e-11
4160 4.6076416723223723e-11
4161 8.0349854514865989e-11
4162 6.2329869435857738e-11
4163 5.0226983374389811e-11
4164 4.2881048867543597e-11
4165 4.9745607862071575e-11
4166 6.0770580417357661e-11
4167 5.0650600603862855e-11
4168 5.3136975419441668e-11
4169 4.9469797812174836e-11
4170 7.0841470377359143e-11
4171 4.8949051993403776e-11
4172 3.9121550828253562e-11
4173 4.3137325490089022e-11
4174 4.0423730361384058e-11
4175 4.8443040097057379e-11
4176 5.5932790045857629e-11
4177 5.9233927715837253e-11
4178 3.2695113926391787e-11
4179 3.8401163767343476e-11
4180 6.3569151446364625e-11
4181 4.2091784216465375e-11
4182 7.1598268186738594e-11
4183 1.6487725379067955e-10
4184 5.6992183870334123e-11
4185 6.7851469509164246e-11
4186 7.1531757561417108e-11
4187 3.1043051709297146e-11
4188 5.0266647503410987e-11
4189 8.0155068901419214e-11
4190 5.3822211927236836e-11
4191 5.1621567966282469e-11
4192 6.7110147917521107e-11
4193 7.3073168646647651e-07
4194 3.0829669820760374e-11
4195 3.9857652913044571e-11
4196 6.0395818512248224e-11
4197 7.6882632173006290e-11
4198 2.1876660568723130e-07
4199 3.7111920772495584e-11
4200 4.7036079982267586e-11
4201 3.9103591699010015e-11
4202 1.5207421673136554e-10
4203 7.0226225582468274e-11
4204 7.9105742441151909e-11
4205 8.4095347345501007e-11
4206 8.8061003621732143e-11
4207 5.8467201213899277e-11
4208 5.3755897181454753e-11
4209 6.3511663307612423e-11
4210 3.4543787021315929e-06
4211 6.2162820749810527e-11
4212 7.4324756409945852e-11
4213 8.5155454356759221e-07
4214 2.0661303978434403e-06
4215 4.4677220924348788e-11
4216 7.5201662069981133e-11
4217 4.4760777560999577e-11
4218 5.0127628894115906e-11
4219 6.1437892426178381e-04
4220 5.5737452517552636e-11
4221 1.1389447288295977e-10
4222 4.3104424868408929e-11
4223 1.6694444898452506e-07
4224 7.1451860889153524e-11
4225 1.0134603264657733e-10
4226 3.1084728419919886e-11
4227 4.7421981537488549e-11
4228 6.6728012412591616e-11
4229 5.3375697267538514e-11
4230 3.9238775792420472e-06
4231 5.5315124987003034e-11
4232 4.5417631144888535e-11
4233 5.7003392465401524e-11
4234 3.8824640098130347e-11
4235 5.1792963875901112e-11
4236 4.8652160976360414e-11
4237 4.6171331307916005e-11
4238 4.5302723251714359e-11
4239 4.9910497692392199e-11
4240 5.9495979161995310e-11
4241 5.8548516268653093e-11
4242 5.4969961888988959e-11
4243 3.9566864690057316e-11
4244 8.5316684005163552e-06
4245 5.4665937872493461e-11
4246 2.1965265323033471e-11
4247 3.4994318976760082e-11
4248 4.5940255306614770e-11
4249 4.8648764850745397e-11
4250 5.6102345853167747e-11
4251 5.3180933624997948e-11
4252 6.3518187593449161e-11
4253 4.7624719967134877e-11
4254 4.2225719375546754e-11
4255 3.6076870657984524e-11
4256 7.0796271175727416e-11
4257 6.8768147464880556e-07
4258 3.8462378397724095e-11
4259 1.7872683269624290e-10
4260 4.9406305900903498e-11
4261 3.2447649170990325e-11
4262 2.2156833163369908e-11
4263 4.1360724209445573e-11
4264 6.4345861797461885e-11
4265 4.4600429500791443e-11
4266 6.6531351170485814e-11
4267 7.2166213950429877e-11
4268 3.0551569045321693e-11
4269 4.2249984674533962e-11
4270 6.8729802779578055e-11
4271 4.7195811760545173e-11
4272 2.0167114569547554e-06
4273 5.6077343761382718e-11
4274 5.8560036906360522e-11
4275 5.5312105272946798e-11
4276 4.3256215942718248e-11
4277 4.6297756303956707e-11
4278 5.5984163181443970e-11
4279 4.5140106578971753e-11
4280 2.9703259163419164e-11
4281 6.0848459533613487e-11
4282 5.7345360156650410e-08
4283 4.2481535136324191e-11
4284 4.8358664286936049e-11
4285 3.5475773862103697e-07
4286 5.5216420789967074e-11
4287 6.5271051242807731e-11
4288 1.8216355644901692e-07
4289 4.5207685328017427e-06
4290 5.0698201022697537e-11
4291 8.2957304668073519e-11
4292 7.6764742186509944e-11
4293 4.5616365006296675e-11
4294 4.2078314822646106e-11
4295 5.9380061321005269e-11
4296 4.6605934565575554e-11
4297 3.9963173347510757e-11
4298 4.7216749285468518e-11
4299 4.9847756157319295e-11
4300 9.9147806982253544e-06
4301 4.8767594702160616e-11
4302 1.0146149929483156e-05
4303 5.7703512640690549e-11
4304 3.1553021688333167e-11
4305 7.3797453177298723e-11
4306 4.0977104059589043e-11
4307 3.4628875970579562e-11
4308 3.9985198522502724e-11
4309 3.7813136494798831e-11
4310 7.7359248494905389e-11
4311 2.6510171750350295e-07
4312 4.9865791181066532e-11
4313 4.9220711292050438e-11
4314 3.6018162311990601e-11
4315 4.8984930768996177e-11
4316 4.3901489928314323e-11
4317 3.5723606590546581e-11
4318 3.4900454415056491e-11
4319 2.7489716827909134e-11
4320 1.0607535095736703e-06
4321 3.9746890531374745e-05
4322 2.9466543635703743e-11
4323 5.5170681446064998e-11
4324 5.5324485905395257e-11
4325 6.6449463967697099e-11
4326 6.4773352631366924e-11
4327 4.1275582055536784e-11
4328 4.2551231925254310e-11
4329 2.9234706556875761e-11
4330 3.5883344915965101e-11
4331 3.4291479930364026e-11
4332 1.5829736975704840e-06
4333 3.4318897336185291e-11
4334 7.5697944625487971e-11
4335 2.7078039004745814e-11
4336 2.7846651729775400e-06
4337 4.7107678180349247e-06
4338 5.8883032819905029e-11
4339 4.0457041516678006e-11
4340 6.5044485101911430e-11
4341 7.1043504918291960e-11
4342 4.6572004952519007e-11
4343 6.9935996516714146e-11
4344 5.5910110103703533e-11
4345 6.0903463021973749e-11
4346 3.5333733099645710e-11
4347 6.3380314325816884e-11
4348 3.4675006036967370e-11
4349 1.6305422395405778e-06
4350 4.3088538676382329e-11
4351 4.0213900215208373e-11
4352 5.9558984217351329e-11
4353 4.9262996245512509e-11
4354 1.0037235025220446e-10
4355 3.0196500335783157e-11
4356 1.8260624180735782e-06
4357 5.5268579275652195e-11
4358 1.1463632897122350e-07
4359 3.2256120234343275e-11
4360 4.6609002089639515e-11
4361 8.2891929001265321e-11
4362 1.8723337377936271e-11
4363 5.2318658061590053e-11
4364 2.7578457180486739e-11
4365 4.3827680069306391e-11
4366 3.8735531521601714e-11
4367 8.2227220769669699e-08
4368 4.5007260074401170e-11
4369 4.7293242726038437e-11
4370 3.7569517020687365e-11
4371 3.5470544942175809e-11
4372 5.7538288143870286e-11
4373 4.5531759166777904e-11
4374 4.2176630639688491e-11
4375 4.4612984210970908e-11
4376 1.8220947215421351e-11
4377 4.8800555229055113e-11
4378 5.2562558808359702e-11
4379 3.1230711467567740e-11
4380 5.6000570159510672e-11
4381 2.7993341578478365e-11
4382 3.9349501142250691e-11
4383 4.1776337162208757e-11
4384 4.6609689243729455e-11
4385 3.6582755593372712e-11
4386 5.9987910277091249e-11
4387 6.3094582051426886e-11
4388 2.1827935840265876e-06
4389 6.4920060686171214e-11
4390 3.0518230244383663e-11
4391 1.1995763915159908e-03
4392 5.6270192512736909e-11
4393 4.4100013114090091e-11
4394 3.4374813267056352e-11
4395 2.3121254751924384e-07
4396 1.7362720734388486e-06
4397 3.2971559080645856e-11
4398 4.8216488734412062e-06
4399 1.5559021133235458e-06
4400 7.0669137853999423e-06
4401 2.8604580406584423e-11
4402 4.9333394255884635e-06
4403 3.8477450351035452e-11
4404 3.9025551944303820e-11
4405 3.5394762859956716e-11
4406 3.6193597484493432e-11
4407 3.2148371377334217e-05
4408 6.1531594265167385e-11
4409 4.1645070253962089e-04
4410 3.6107060381405433e-11
4411 2.5561731478970178e-11
4412 2.7227581918648744e-11
4413 2.0153230844105619e-11
4414 3.7006575774584447e-11
4415 2.8514191749265577e-08
4416 6.7419552842792016e-11
4417 3.7043831407960006e-05
4418 2.6094191752176974e-06
4419 4.5134094615152206e-11
4420 3.9847727358967935e-11
4421 2.6870274281031550e-11
4422 3.2792472766487485e-11
4423 3.0889550074015056e-11
4424 4.1383962758492461e-11
4425 2.7282561069818748e-11
4426 2.3105604805635037e-06
4427 5.1812816816437550e-11
4428 1.9379795592317974e-11
4429 4.2249802719569861e-11
4430 3.9945078239476798e-11
4431 6.0556928414530364e-11
4432 5.7953144316799567e-11
4433 4.6485123127144253e-11
4434 4.5986527211032273e-05
4435 5.1253929211332456e-11
4436 4.5715018261873147e-11
4437 3.7402501933910872e-11
4438 1.1847338935587592e-10
4439 4.3315171527370993e-11
4440 7.3216422777991745e-11
4441 1.2064120592291016e-05
4442 8.8682410864440077e-11
4443 4.2491863822603612e-11
4444 1.9479808468538133e-11
4445 4.3661565010206749e-11
4446 5.5685937896193723e-11
4447 2.4189876673613956e-11
4448 4.6471387844967020e-11
4449 2.7635362078076824e-11
4450 6.0877639511827770e-07
4451 1.0859760113976189e-05
4452 4.1579670227987918e-11
4453 7.7242941635644558e-11
4454 2.2795524247915726e-11
4455 6.2274624832815834e-11
4456 7.9485080932382908e-09
4457 3.8510162060231720e-11
4458 6.7823710808198240e-11
4459 5.1501301215085860e-11
4460 6.7135108932930866e-11
4461 3.8089612585177694e-06
4462 4.7204772806994398e-11
4463 4.2295584011326457e-11
4464 3.4532518527254395e-07
4465 8.6333504796205760e-05
4466 5.0004078405420189e-11
4467 3.7276271583548340e-11
4468 4.1937404057789991e-11
4469 9.7594727069794956e-06
4470 5.6616437485787889e-11
4471 2.4441685491670891e-06
4472 1.8007604622257045e-05
4473 3.8603694722350942e-11
4474 1.1246981412422015e-05
4475 4.4888148458701186e-11
4476 5.3115698049943722e-11
4477 3.0710472425871598e-06
4478 7.7599003223693539e-06
4479 1.3265232764619260e-11
4480 4.1311358820656901e-07
4481 7.8830425202006759e-07
4482 4.8938611029816094e-11
4483 6.2162012622047802e-11
4484 2.5008289715594404e-11
4485 6.0471396356370479e-11
4486 5.8619246212327227e-07
4487 1.9728658937175037e-04
4488 3.7763213442840822e-11
4489 4.1826978242217443e-08
4490 1.3011826200146996e-06
4491 5.1196914474269158e-11
4492 4.6494841171839103e-07
4493 6.6863578402480404e-11
4494 9.9796153150177003e-06
4495 6.1595061493737874e-06
4496 3.2612845924977746e-07
4497 3.1223795235846254e-06
4498 2.4575757437476503e-06
4499 1.6275165531640316e-06
4500 6.4154864265724698e-11
4501 4.3780784914700964e-11
4502 4.2523011939044356e-11
4503 9.2863213373791897e-06
4504 4.0000643075795580e-07
4505 4.9733406931405558e-11
4506 3.0235169003615290e-11
4507 6.2667164790589729e-08
4508 3.6395809985531238e-11
4509 5.2021316774907214e-11
4510 3.2326835534474021e-05
4511 5.2077909498000738e-11
4512 6.7279487256803902e-11
4513 1.0953359398358750e-05
4514 1.4741146950360081e-06
4515 3.2914735952531672e-11
4516 3.0247649230227203e-05
4517 7.1659534299060686e-06
4518 1.1710312020362521e-05
4519 2.2973323266160322e-05
4520 6.9156907871538200e-11
4521 2.4642866315302375e-11
4522 1.1185046723920096e-05
4523 1.9844457146251550e-05
4524 3.7874920368304408e-11
4525 2.5027277778592325e-11
4526 5.9131041396576125e-11
4527 4.0394961936216334e-08
4528 1.1901403334316820e-06
4529 3.6857805033868751e-11
4530 3.5758049366253292e-11
4531 2.3823996622634170e-04
4532 3.3616274142237012e-11
4533 5.6298496995385780e-11
4534 5.2327651351005906e-06
4535 1.1070602673753211e-06
4536 2.5697723831611664e-11
4537 4.2922137484868051e-11
4538 3.5106228204222622e-07
4539 1.6031630275044852e-11
4540 6.9865367214164655e-11
4541 4.9843463642086000e-07
4542 6.3691781044655425e-11
4543 1.3155404518582408e-04
4544 2.1729898604188676e-11
4545 4.1185783818456608e-11
4546 1.0184297265697365e-04
4547 1.2915268744821050e-06
4548 3.1978865546101907e-11
4549 4.0069527194511103e-11
4550 1.1369371903350375e-07
4551 7.7781749154985720e-05
4552 2.0411251130888175e-06
4553 2.9991830111057348e-05
4554 4.8823677292043177e-07
4555 3.6123938053582159e-08
4556 2.3895537077924813e-11
4557 3.9042527949185371e-11
4558 3.0299492004797194e-11
4559 3.9557193794878019e-11
4560 4.0875174915097405e-06
4561 7.9811052754939330e-11
4562 5.9025365958879394e-11
4563 2.6549146341463998e-07
4564 5.6045477880836073e-11
4565 4.1238783750417355e-06
4566 2.6574220209516285e-11
4567 2.9768213700774717e-11
4568 3.2922802556530137e-11
4569 8.9483395636630058e-11
4570 3.6770167252028354e-11
4571 5.7866174556504443e-06
4572 3.9964400396803074e-11
4573 1.1987475148331546e-06
4574 7.6794674651654882e-06
4575 3.7717963839048976e-07
4576 3.6049138577032110e-11
4577 4.8294031350961731e-11
4578 8.5008323744951688e-07
4579 2.1160890331694164e-07
4580 1.0310250442749848e-06
4581 1.4275195350327136e-05
4582 3.1127893948007730e-11
4583 1.0124798512552871e-08
4584 2.5560745690448889e-04
4585 5.7170177258126635e-11
4586 2.5919598812000065e-06
4587 5.0885967267165505e-05
4588 3.6644444670386929e-08
4589 1.9476360625662848e-05
4590 2.1631302247722401e-11
4591 7.7927201228984018e-07
4592 1.5391093193232332e-05
4593 2.0663630211469075e-06
4594 8.0647155839837599e-07
4595 4.8235285715221282e-11
4596 3.9141838679080479e-06
4597 8.4708818962744777e-05
4598 4.3314362030038070e-11
4599 1.0381494594337917e-03
4600 1.5213745241597599e-05
4601 3.3199845085398857e-07
4602 5.4900500372136199e-11
4603 1.2273547902596769e-05
4604 6.1951908840755727e-07
4605 4.3729085860210908e-06
4606 1.2516008203536122e-05
4607 2.0739382270489284e-11
4608 1.9498526957396828e-05
4609 5.4347227833074168e-07
4610 1.7889454451828936e-06
4611 6.7148581137277028e-05
4612 2.1308759218388004e-05
4613 3.3999432810550082e-11
4614 4.9264247397911068e-06
4615 6.5697534277518649e-07
4616 1.5217331577020677e-04
4617 2.6015816471833976e-08
4618 5.4422070474969297e-06
4619 1.6460462923544077e-11
4620 3.2370188081324810e-05
4621 8.4435633294355763e-08
4622 2.0532233534788349e-05
4623 3.0617163072520421e-04
4624 1.5356180187963371e-07
4625 1.1047872968910696e-06
4626 1.0422964263137320e-06
4627 7.5389116393751411e-06
4628 3.2026513110513529e-11
4629 8.7411306575278402e-06
4630 3.3755513557410617e-07
4631 1.6896122598667613e-05
4632 2.1283374589855078e-05
4633 1.5560445165121959e-06
4634 2.6021697817345825e-07
4635 1.7441666733557224e-05
4636 8.0200984493494754e-05
4637 1.2962975262681129e-07
4638 1.3725457862359244e-05
4639 4.8752909873854542e-10
4640 3.9954839947518979e-06
4641 1.5778530097243695e-06
4642 4.9819480383790111e-08
4643 4.3876598902568841e-10
4644 1.3349437701588810e-06
4645 6.4706684474473238e-08
4646 9.4294904380809691e-06
4647 2.7477012607379956e-08
4648 4.9086981411210938e-09
4649 1.7264671528639254e-09
4650 1.5693188574405243e-08
4651 9.8080427776219746e-07
4652 8.3374881867565102e-10
4653 5.3618566571838453e-09
4654 3.3877273784149823e-09
4655 1.4418102717600945e-07
4656 2.2126511371106324e-09
4657 2.7769056139548301e-08
4658 2.6230475768845420e-09
4659 2.2221855409441578e-10
4660 2.6086827186161849e-07
4661 2.0051891992721745e-08
4662 9.8692732177726256e-10
4663 1.0886476092127305e-06
4664 3.0440043954817563e-09
4665 1.0596007773531113e-06
4666 1.9489577979109318e-09
4667 1.6105677261624498e-09
4668 8.7987990766768896e-08
4669 1.3348258814299856e-06
4670 2.2590332272667885e-08
4671 2.1290153621563521e-07
4672 2.6502108736911073e-10
4673 5.2448353519803568e-07
4674 5.3698892278947751e-08
4675 7.0828724664403561e-08
4676 2.5195415511784269e-06
4677 2.4185339043644147e-08
4678 6.5139670338919621e-08
4679 3.9565133097956849e-08
4680 1.0708534601072435e-08
4681 1.3687359222550597e-07
4682 1.6796760045552192e-08
4683 1.3929896597791100e-09
4684 3.5089467927616470e-08
4685 5.5502614250093921e-06
4686 2.1992207117401064e-10
4687 2.6080384164029271e-10
4688 1.4824719647790385e-05
4689 3.6244671258707674e-07
4690 4.5488582844372824e-08
4691 2.9162261173562409e-07
4692 1.2170325514973421e-07
4693 9.4459138604448449e-07
4694 5.5603896580918873e-10
4695 3.4891892620875178e-10
4696 3.1541747370830648e-08
4697 1.8163794077176382e-08
4698 1.5692026201118208e-10
4699 1.0618807388936081e-07
4700 1.6729814731755424e-07
4701 6.3729650829695520e-07
4702 1.0306430418211848e-08
4703 1.3507388672848693e-08
4704 5.6012459798652830e-09
4705 1.3955912682442715e-06
4706 4.3625305683897661e-09
4707 2.5171558491034774e-08
4708 8.8033009977897441e-06
4709 3.2590443451681200e-10
4710 1.4995843366794906e-08
4711 1.9401832241025286e-08
4712 2.5958000849693057e-04
4713 7.1772563858385564e-08
4714 1.0899274361407562e-07
4715 1.7778663234504901e-06
4716 3.4694296804744687e-10
4717 5.1756393054067156e-07
4718 2.1018245827809834e-08
4719 3.9872446126539613e-08
4720 2.1868099708568696e-10
4721 5.8207183648106242e-07
4722 1.4849620586035791e-06
4723 7.1991008263975565e-07
4724 3.4182690246572016e-09
4725 1.9975830758929218e-09
4726 1.9726197656483116e-10
4727 2.5024795805631569e-07
4728 3.0257832804813170e-08
4729 2.0241303277275622e-07
4730 8.7484948689254071e-08
4731 2.5593015811131242e-08
4732 4.1033805133401564e-05
4733 7.7827067935132160e-08
4734 8.2135336233650957e-08
4735 1.9577582597432390e-05
4736 4.6304864091960958e-10
4737 3.6825279684080550e-10
4738 6.1320242099946182e-08
4739 6.7674610277247539e-10
4740 1.0064013870735125e-07
4741 2.3449271284027959e-05
4742 1.6179181706195629e-09
4743 1.9203776433663160e-08
4744 2.3597109191175619e-08
4745 2.7290250740270074e-08
4746 1.0610807464697424e-06
4747 9.9528882482323506e-07
4748 6.2484074140096982e-08
4749 6.0045368765998646e-08
4750 8.7387219535760169e-07
4751 2.3529319430888682e-08
4752 1.3047243385744513e-09
4753 1.6123306414467596e-10
4754 6.9126721471066845e-09
4755 2.5064600980204815e-07
4756 3.9361231114116019e-08
4757 4.0705517236878702e-08
4758 2.5972466676875043e-06
4759 4.3580757520846287e-10
4760 4.3545772474714197e-09
4761 9.2603625545606945e-07
4762 3.5791167778741888e-07
4763 6.5298282722868270e-07
4764 2.7152144286705211e-08
4765 1.1865686518738364e-09
4766 9.5630600799418006e-10
4767 1.6464915832694871e-10
4768 1.6487614462075407e-10
4769 1.2936392576218960e-09
4770 1.9708373167542698e-07
4771 1.1894177784989501e-07
4772 1.1791971179338701e-08
4773 8.8990105923621565e-07
4774 9.0114268400749395e-11
4775 3.3352138918120697e-09
4776 1.2464260671036586e-07
4777 3.5877328212891742e-08
4778 1.5999922165238778e-07
4779 1.3788104661088646e-05
4780 4.2603296604109016e-09
4781 2.9565784658132950e-09
4782 5.0306699609492140e-07
4783 1.1326206322435379e-10
4784 1.5726897580795572e-08
4785 2.1100558801521143e-10
4786 6.4035573612327348e-06
4787 1.6373441290686740e-07
4788 8.7424303521738105e-10
4789 4.1543779094526229e-10
4790 1.1744026695432086e-09
4791 3.4243717220497784e-07
4792 3.6822371254265935e-10
4793 3.8395823745352237e-10
4794 9.5194615968429583e-10
4795 3.7314310275693588e-10
4796 5.4258708631971468e-06
4797 2.4554602438460820e-10
4798 8.0911518811956518e-09
4799 2.1986157675060311e-08
4800 6.1178102792294596e-07
4801 1.8165517782149423e-08
4802 3.9915283964073954e-09
4803 2.3807116787493581e-07
4804 1.1977966017252467e-07
4805 6.6858894071859361e-09
4806 2.4252837345367308e-08
4807 2.7505952235255647e-09
4808 8.6868270140776553e-10
4809 2.3833671630768592e-08
4810 6.8402918308884660e-08
4811 3.4121797339289856e-10
4812 1.3330521886462022e-10
4813 1.6444348406366075e-10
4814 1.8227545484217306e-08
4815 4.6161313992575087e-10
4816 9.1753539872396817e-08
4817 1.1994369095788517e-07
4818 1.9766416169703957e-09
4819 3.1393913556083845e-08
4820 4.6117207093136902e-08
4821 2.7616122060453147e-10
4822 9.3150223212726318e-09
4823 5.1408956530148806e-10
4824 5.5487123014845186e-09
4825 2.7448502304788745e-08
4826 2.6173652184945152e-08
4827 5.1838977900059587e-08
4828 6.4135172479785287e-10
4829 3.1716997482912645e-10
4830 8.7143234288110002e-09
4831 1.5448739865560570e-08
4832 2.1316258275567153e-07
4833 1.8477204733037572e-06
4834 3.9976159951352772e-08
4835 6.5207488160767812e-08
4836 3.1020370839792372e-08
4837 5.4669196834477147e-08
4838 2.8982627028090526e-07
4839 3.8082366526976993e-07
4840 8.7601874900112919e-05
4841 8.8783242741561654e-05
4842 2.1177711730433422e-08
4843 4.6608609082156264e-06
4844 5.0937465761870859e-08
4845 1.5453266605240475e-09
4846 4.8208973977860250e-08
4847 2.9690683196831437e-10
4848 2.5812314486328978e-10
4849 1.4626880284233027e-09
4850 1.7041618137211851e-09
4851 3.0710499346512647e-08
4852 9.7015357873525659e-10
4853 1.4029386372818433e-07
4854 6.2505357129585140e-09
4855 3.2427914728255109e-10
4856 2.4363671237156973e-08
4857 2.5192497696101210e-10
4858 1.6819627695186730e-07
4859 6.0546308254246903e-10
4860 2.8683275039495871e-10
4861 3.2653015924435330e-08
4862 2.5485013812471409e-08
4863 2.0901606120346812e-10
4864 8.2343969945320777e-08
4865 1.3719520195054365e-07
4866 1.4241863171053773e-07
4867 7.7777152975445865e-07
4868 2.6530049341836890e-08
4869 2.8772643581349803e-09
4870 2.2440419499328608e-10
4871 2.5348726505361803e-08
4872 1.6400864630657482e-07
4873 1.0026254060046318e-07
4874 1.5572513179860756e-08
4875 2.7310943149987989e-08
4876 1.5550030311410776e-10
4877 2.7175890986021974e-08
4878 1.9949736719197447e-07
4879 1.0333994418263453e-09
4880 1.4864067171310248e-08
4881 1.1634675832215902e-09
4882 2.0226476595728181e-10
4883 8.3094028871120101e-08
4884 2.9573203991093086e-10
4885 1.5078053363167628e-07
4886 2.0706210796593400e-08
4887 1.8319349624559063e-03
4888 3.3424854430409020e-10
4889 8.8615212510265701e-08
4890 2.9702533106639117e-08
4891 2.6271298275796689e-10
4892 1.8479152695151641e-10
4893 8.0600678449602314e-08
4894 5.3368533582796193e-10
4895 3.1701405180184192e-09
4896 8.0990059835057412e-08
4897 1.8594910752762292e-09
4898 2.2944223381388488e-08
4899 2.1623969199647254e-06
4900 1.5240627484852632e-09
4901 3.3549172057757556e-10
4902 3.0110921215357791e-08
4903 3.6539820150905678e-09
4904 7.2328644844819731e-07
4905 6.5659644301966729e-08
4906 5.2679176144168443e-08
4907 5.6312118748394233e-08
4908 2.8525010859040476e-09
4909 7.8246905189963309e-10
4910 5.3704131849921000e-08
4911 2.5561807633104230e-09
4912 5.1503024362728376e-08
4913 2.0476110399785348e-10
4914 3.4245612230164299e-08
4915 2.4328882066520703e-10
4916 2.5670845668920634e-07
4917 5.0544454141338841e-08
4918 6.9170135575316084e-08
4919 2.7941870709531745e-09
4920 3.1976535546024434e-10
4921 2.4058567914262132e-08
4922 2.7677018413050951e-08
4923 9.6227329379635900e-08
4924 1.2347470238160435e-07
4925 4.0152909082909185e-10
4926 3.2399928141426126e-10
4927 7.7989526728500462e-10
4928 2.4643322230925085e-08
4929 5.8070980387002406e-07
4930 6.2833846946527233e-10
4931 1.3277263498362224e-09
4932 4.8068721268086600e-10
4933 2.4736434166599363e-08
4934 4.5254772458579095e-08
4935 8.3799065331240948e-08
4936 5.6631456420054312e-08
4937 1.9575939571208031e-10
4938 1.7231718953534593e-08
4939 1.1660129003077848e-07
4940 2.5248708761615661e-10
4941 4.8217842983343821e-06
4942 7.7668228071517485e-10
4943 2.6186795959834613e-08
4944 2.3298302658301028e-08
4945 3.8518325514462706e-09
4946 3.7540138978896116e-10
4947 1.8727124572774911e-08
4948 1.7770082346395330e-07
4949 2.5923748376594531e-08
4950 1.5578431336925162e-09
4951 5.6364680135128823e-09
4952 8.7416002519978638e-08
4953 7.2322455665684265e-08
4954 3.6312482045827429e-10
4955 6.0323956751233871e-10
4956 7.9491013471943770e-08
4957 1.8532225567882895e-09
4958 1.6024442303359816e-07
4959 2.6495999560698985e-10
4960 1.2259771122369988e-09
4961 9.1268961926970188e-09
4962 7.5088145294126765e-09
4963 3.6816490988518184e-09
4964 1.5173955612846152e-09
4965 4.1961143085664522e-07
4966 3.3306915035168786e-07
4967 9.6110659882012589e-08
4968 2.3714780111249281e-08
4969 7.9578616187999837e-09
4970 4.8483599287691977e-10
4971 6.7723275508666342e-10
4972 1.0494691929914850e-08
4973 3.2118002323393995e-10
4974 2.2177711831416687e-06
4975 4.3742970829029735e-10
4976 2.8655848562130054e-10
4977 2.1404577434798033e-10
4978 1.6840672599653174e-10
4979 2.5157337910189723e-10
4980 6.3693533287867816e-11
4981 2.9903202612943042e-10
4982 1.6508928134174485e-08
4983 5.6811951152543269e-08
4984 1.4582101865863909e-09
4985 5.1347896386261416e-10
4986 6.8943545997722740e-09
4987 2.3979622329159278e-10
4988 1.7970286670809343e-10
4989 6.0490243869997158e-10
4990 7.8483791223619050e-09
4991 2.4222050286888621e-07
4992 8.9936807617234571e-08
4993 4.5575893683294631e-10
4994 1.4218846518976212e-06
4995 2.7271248762782858e-07
4996 1.3672223686293126e-07
4997 1.5145246407661631e-07
4998 1.8667831105724724e-10
4999 2.4923454958916613e-08
5000 2.6165882396002798e-08
5001 3.9701125951750928e-07
5002 1.2269250859692927e-09
5003 9.8398908118241112e-10
5004 2.7728306415343425e-07
5005 3.5154795597196055e-07
5006 2.2559491055322511e-07
5007 2.1664188624142387e-06
5008 2.3856692576409961e-08
5009 2.4916754416571788e-08
5010 2.3994939682128263e-08
5011 2.2933457119074147e-09
5012 4.4283912601729322e-11
5013 1.2381438029141896e-07
5014 6.5743164164696658e-10
5015 1.2538670787868192e-10
5016 8.3737769184536134e-11
5017 6.8036282196243758e-11
5018 6.7418935045940575e-11
5019 5.5652904612236366e-10
5020 6.5391434981962074e-11
5021 9.6917577267117186e-11
5022 3.6136190979724326e-08
5023 6.4981798878564977e-11
5024 4.3402581949233526e-11
5025 4.8729865011553085e-11
5026 5.5049577691118431e-11
5027 6.4396717061742457e-11
5028 2.4237820149938878e-08
5029 7.1988442927849883e-11
5030 6.8386447945369749e-11
5031 4.9404663678091281e-11
5032 8.7794435379325211e-11
5033 5.2034526001291328e-11
5034 6.6094844948381461e-11
5035 4.0422669472434814e-11
5036 6.6182701632838637e-11
5037 5.9056662570080289e-11
5038 6.9392576642709067e-11
5039 5.4854091877201484e-11
5040 7.6462312883491751e-11
5041 8.2525052046835210e-11
5042 6.4198135235209555e-11
5043 7.1295430025946627e-11
5044 4.8960591579734040e-11
5045 5.3077036090303832e-11
5046 6.4160566131909812e-11
5047 6.4719287444987787e-11
5048 4.0673413676691404e-11
5049 6.9609595300790967e-11
5050 3.7128640487114089e-11
5051 6.9308670340805455e-11
5052 5.0844741117270370e-11
5053 6.0907861846354115e-11
5054 6.9755734732043668e-11
5055 4.3701811437213253e-11
5056 5.0580669924050267e-11
5057 6.5631519808013108e-11
5058 2.6570876203858594e-11
5059 6.5860366340548252e-11
5060 1.9191853955313507e-10
5061 6.8031394976470958e-11
5062 3.8451986016993989e-11
5063 5.0527597823225275e-11
5064 5.7005012544657780e-11
5065 3.5417029120562773e-11
5066 4.3323918437102171e-11
5067 6.4090987677463936e-11
5068 5.2913728720978333e-11
5069 4.2163590397588107e-11
5070 5.5665167502873301e-11
5071 4.3234438549302655e-11
5072 4.5975332732346041e-11
5073 8.2193109747220754e-11
5074 9.6642160316916811e-11
5075 4.7116576099383090e-11
5076 6.0749316950876816e-11
5077 6.5630493966292181e-11
5078 6.9610734713570938e-11
5079 7.5310975692055280e-11
5080 3.9267360178143347e-11
5081 5.6017617153798943e-11
5082 6.7857330361751397e-11
5083 4.6376363706105824e-11
5084 6.4717876305801783e-11
5085 4.2705071325366323e-11
5086 8.3560838128985490e-11
5087 5.1106509782588048e-11
5088 7.0918194539379252e-11
5089 3.8099816892274098e-11
5090 7.0830808575136305e-11
5091 4.7403198036830007e-11
5092 6.0974604510114780e-11
5093 5.3256942733677587e-11
5094 5.5810266801113913e-11
5095 4.7545331840815715e-11
5096 5.4401252740212620e-11
5097 8.0416433884824989e-11
5098 5.8325288462924613e-11
5099 5.0753836520753361e-11
5100 5.7758554353502131e-11
5101 5.0235222918356357e-11
5102 6.9825393514497839e-11
5103 5.7685842288787551e-11
5104 2.9386606503249433e-10
5105 5.2857620792018497e-11
5106 8.5713931802021573e-11
5107 4.8524789784017698e-11
5108 3.8854002448982660e-11
5109 5.4335479217880011e-11
5110 5.2277001263920834e-11
5111 6.6335627043038766e-11
5112 5.3789862073942444e-11
5113 4.7552613079438183e-11
5114 3.4386415333550490e-11
5115 4.1811654772755806e-11
5116 3.7886084496050235e-11
5117 4.5997476744537896e-11
5118 5.4840193127705083e-11
5119 4.2262815637641837e-11
5120 7.4778921282520582e-11
5121 5.6240216015774004e-11
5122 7.0692920764885494e-11
5123 5.0736975243411663e-11
5124 3.5131340035924852e-11
5125 4.4811942018467280e-11
5126 3.5440803000111218e-11
5127 5.8677148508076465e-11
5128 6.0853773752251493e-11
5129 5.1317699794346912e-11
5130 3.9179076760893393e-11
5131 7.5074580906893669e-11
5132 9.7860103662317985e-11
5133 7.4688394760674729e-11
5134 3.9050364429131699e-11
5135 6.2003179816182211e-11
5136 7.7834328516003365e-11
5137 7.4639289569150006e-11
5138 5.8127454921860850e-11
5139 6.0980016144496616e-11
5140 6.9967782315100332e-11
5141 7.9696126391954899e-11
5142 5.5474535230337654e-11
5143 4.8245035061565584e-11
5144 3.9679253048197068e-11
5145 8.5429290586594864e-05
5146 4.8139249314511770e-11
5147 5.6264959674553383e-11
5148 7.5693273252540227e-11
5149 8.2529341022153899e-11
5150 4.7101842139312500e-11
5151 3.4952453828168855e-11
5152 6.8975625291041552e-11
5153 2.6870679102445328e-11
5154 5.8318245117130429e-11
5155 7.5129045817333584e-11
5156 3.7543732583184875e-11
5157 1.6291976157569009e-06
5158 6.9093420345218349e-11
5159 4.7311967716261729e-11
5160 4.5574301260720717e-11
5161 5.5265281888357097e-11
5162 6.0790188348262305e-11
5163 4.8291490105956870e-11
5164 5.1362789454874566e-11
5165 3.9537668770011741e-11
5166 3.9773578618492463e-11
5167 6.0919972526280292e-11
5168 5.3516205023663214e-11
5169 1.8402789110053589e-11
5170 1.5188320761046247e-11
5171 3.2084808175163094e-06
5172 4.8493168454306888e-11
5173 4.9793750993101369e-11
5174 5.0775577718904768e-11
5175 5.2619638069447266e-11
5176 6.4876182304450616e-11
5177 3.5989762447439559e-11
5178 5.3839443912499620e-11
5179 6.3475442845502342e-11
5180 1.5830690631103849e-03
5181 3.0452482276910575e-11
5182 5.8798695840753053e-11
5183 6.1971134089037620e-11
5184 4.8267250680981435e-11
5185 6.9527126697780551e-07
5186 5.8038029905463984e-11
5187 6.8150310178972755e-11
5188 3.9614711362918267e-11
5189 6.7457679590119908e-06
5190 7.4848062168614071e-11
5191 2.9185084530400318e-06
5192 8.4011803067627821e-11
5193 4.2005675015495145e-11
5194 7.3567424118401363e-11
5195 5.4226028588527152e-11
5196 4.3675421234551222e-11
5197 4.4983157842304288e-11
5198 6.2101293302081565e-11
5199 3.8620190087427845e-11
5200 7.5364670022810106e-11
5201 4.8482571502518395e-11
5202 6.3641732204625385e-11
5203 6.7773879044522091e-11
5204 3.5720360411684839e-11
5205 5.3142131816942345e-11
5206 3.2474144415858048e-06
5207 3.9639064148752220e-11
5208 1.5188110146950730e-06
5209 2.7310671499961527e-11
5210 3.5327124046161954e-11
5211 6.5792159369663525e-11
5212 6.4218883286339562e-11
5213 5.7687957197754806e-11
5214 2.6811454328596049e-07
5215 3.9125603915694353e-11
5216 5.0777789668978851e-11
5217 3.9989648687854387e-11
5218 5.9857342529719386e-11
5219 6.3064644157279739e-11
5220 7.3167282405742507e-11
5221 3.0280707000772088e-11
5222 1.5637759411038238e-07
5223 4.8227668148974177e-11
5224 5.8149877967413467e-11
5225 4.4110603564541135e-11
5226 6.4469188969903513e-11
5227 4.9211210904460108e-11
5228 5.5923913042865161e-11
5229 3.0655524307236310e-11
5230 3.5482046593812413e-11
5231 1.3102612111699741e-05
5232 8.4707845858570730e-07
5233 2.5362136657112869e-11
5234 7.5724935600554499e-11
5235 2.3168261634190190e-11
5236 7.5626946838099683e-08
5237 6.2196548292581615e-11
5238 5.9801793745879574e-11
5239 4.4491517403215842e-11
5240 4.3014496901038541e-11
5241 2.5294146252928864e-11
5242 1.4112179450533975e-10
5243 4.9189908201633086e-05
5244 1.9690809300136896e-11
5245 4.0595990087580157e-11
5246 2.9934112486820757e-11
5247 4.1803151513036632e-11
5248 1.5716378971369309e-07
5249 1.1069879159310076e-10
5250 4.9863042381400147e-11
5251 3.4517636016968389e-11
5252 3.7657734464379376e-11
5253 4.2631946265076895e-11
5254 9.5607652272812024e-05
5255 6.5168267116048588e-11
5256 2.8156942386067211e-11
5257 2.3041193385956200e-05
5258 6.7008914579344496e-11
5259 3.0265299131767221e-06
5260 3.0029564534403258e-11
5261 4.8020117687659945e-11
5262 7.4833302328131416e-11
5263 2.9990660023936614e-11
5264 2.9810240991507361e-06
5265 5.5340965132295989e-06
5266 4.9779385514164679e-11
5267 3.2961915078220015e-06
5268 7.2587245951239707e-07
5269 5.7645964744095832e-11
5270 3.9800038561628433e-11
5271 5.6319997827284628e-11
5272 3.8314562222895912e-11
5273 3.1145607265521003e-11
5274 4.5139806958239990e-06
5275 6.3998487252416191e-11
5276 3.1716365018935751e-11
5277 2.6064509207106635e-11
5278 3.8520496001198367e-11
5279 3.7832931562788429e-04
5280 4.1766907414224027e-07
5281 6.3148791048109254e-11
5282 1.8444335698732370e-06
5283 2.7655932579754056e-11
5284 6.4897624769999842e-11
5285 4.2385490578795667e-11
5286 3.0436305541475951e-11
5287 2.2600040964910170e-11
5288 4.6296002497990604e-11
5289 2.5923387671838530e-11
5290 3.4141250824294627e-11
5291 3.0327099899325392e-11
5292 4.8924212150690574e-11
5293 7.7619786437408201e-11
5294 7.0625685707513378e-06
5295 3.6599126399119765e-11
5296 4.7790996487798453e-11
5297 3.5803253860225863e-11
5298 6.4309666519568580e-11
5299 3.8286163041212929e-11
5300 4.5246059545838655e-11
5301 5.1396849421025277e-07
5302 1.2568585805628740e-04
5303 4.2230216563473203e-05
5304 4.7445735259738423e-11
5305 8.8852652223900539e-07
5306 5.2052552555366443e-11
5307 6.8239168114463153e-07
5308 2.8377625480305462e-11
5309 5.3651018220201659e-06
5310 3.3938131162287396e-11
5311 5.9436102131073931e-11
5312 3.1265193316761535e-11
5313 4.7501619976749448e-11
5314 1.3439262177120988e-06
5315 5.9132711134156587e-07
5316 2.9733429175024231e-11
5317 2.8528377311402130e-11
5318 1.8031877812865315e-04
5319 3.8484354553564716e-11
5320 2.0520584986846671e-11
5321 4.9749223657726396e-11
5322 5.1297879864621221e-11
5323 3.0924215296562646e-11
5324 4.0008836614130358e-11
5325 3.8012450112184599e-11
5326 5.3510558080407568e-11
5327 7.1058713564507753e-11
5328 4.4620679187942125e-11
5329 2.6508175296412703e-11
5330 2.8187249002140798e-11
5331 1.2847146335579493e-06
5332 1.5091494840936994e-06
5333 3.8591128244262762e-11
5334 4.4779330418084366e-11
5335 8.5651714897986320e-07
5336 4.4518578680554763e-11
5337 1.0507821182907011e-05
5338 2.5051502167558046e-11
5339 3.5490677478700169e-11
5340 3.7585271962488445e-11
5341 3.1121061661026074e-11
5342 5.5946924925458755e-11
5343 4.5043122880645541e-11
5344 1.8376413213730988e-11
5345 4.4300703177670935e-11
5346 1.6339921239796056e-07
5347 6.4268111232343883e-11
5348 4.5897022249295478e-11
5349 2.8106926300352078e-11
5350 6.2182902238293694e-11
5351 2.2801174068847714e-07
5352 1.3967461848733350e-07
5353 3.8760758639767258e-06
5354 4.0306530280139734e-11
5355 2.7031960251732086e-07
5356 3.7017214378971065e-11
5357 7.0132801447188114e-07
5358 5.6254087130621558e-07
5359 2.1836897486310696e-06
5360 4.6063486608859411e-11
5361 5.8620923239817311e-11
5362 4.3492017354168382e-11
5363 3.5383977827137929e-11
5364 1.9283893410033948e-03
5365 3.1702271403667326e-07
5366 3.0356178832062157e-11
5367 1.1804150862706620e-06
5368 4.4328552479973697e-11
5369 3.2881700981274292e-11
5370 3.3129081131535384e-11
5371 2.5462941925150220e-07
5372 1.1086706265974824e-10
5373 3.4771416175999130e-07
5374 1.7096928263436711e-06
5375 4.0068583272013090e-11
5376 3.2719631312071330e-06
5377 3.4314488047360822e-11
5378 3.9731375344881460e-11
5379 3.7994416483744883e-11
5380 1.2273724305479097e-07
5381 5.3173487393501979e-06
5382 3.3106837908133074e-07
5383 3.7339617656554348e-11
5384 1.8421379198846296e-05
5385 7.1467752821734217e-11
5386 3.7686656643929462e-06
5387 1.7296211457549343e-06
5388 4.0746379454131532e-11
5389 6.0409215862291745e-07
5390 3.3391463463441734e-11
5391 2.5554948177871915e-11
5392 3.4828462561951464e-11
5393 2.1451334263448388e-07
5394 1.8326369883237794e-06
5395 7.5797155855283187e-11
5396 4.3167324136535922e-11
5397 5.0796524181046357e-11
5398 1.6936053154195495e-04
5399 3.6740785345169352e-11
5400 1.7878020898524187e-06
5401 5.4492387572907443e-11
5402 2.6789312383273426e-06
5403 2.3408559954528785e-11
5404 3.5936757411835051e-11
5405 3.9690746088860406e-11
5406 1.5547254862068039e-07
5407 6.0897567362566344e-11
5408 3.2096540195869891e-11
5409 4.6511351329215991e-11
5410 3.7120558807144911e-11
5411 4.0002176896579645e-06
5412 3.9670945660257262e-07
5413 1.0226141170866510e-04
5414 9.0718165778769580e-04
5415 3.2538882438433628e-11
5416 4.3275464095575094e-11
5417 3.3606467422732905e-08
5418 4.3199697169183722e-05
5419 4.6506177269650817e-11
5420 5.8193289303654992e-11
5421 2.1453696351281639e-11
5422 4.9687359902686694e-06
5423 1.5929615258288086e-05
5424 4.2187353964896693e-11
5425 3.0470121489897659e-06
5426 1.3183069818518463e-05
5427 1.2247190932273636e-06
5428 3.7253456798164476e-07
5429 3.0955849690177173e-07
5430 7.7295332709411795e-11
5431 2.7215051728022086e-05
5432 3.9975638255368895e-11
5433 1.6727631325844219e-07
5434 7.3679216199526662e-05
5435 2.9460816843059049e-11
5436 7.6792028818956915e-06
5437 5.1068244350695191e-06
5438 2.2214806477117172e-11
5439 3.4533422907085239e-11
5440 5.9579375637707747e-06
5441 4.3081490687563390e-11
5442 2.9994535105556194e-11
5443 3.0198041152204027e-11
5444 3.0033799243724611e-06
5445 1.6966405129683117e-06
5446 5.8276180598458856e-08
5447 4.3417238686088372e-06
5448 4.0457515807509578e-06
5449 7.6436557502675300e-07
5450 2.7239097144378114e-08
5451 2.6784215330239669e-11
5452 3.0848583139596423e-06
5453 2.4862715639186828e-11
5454 3.1625096153593978e-06
5455 1.6235605492424114e-11
5456 1.4857522235318170e-05
5457 3.3260922045014283e-11
5458 3.9741657761361406e-06
5459 3.7701295103645189e-11
5460 3.5039713158673847e-05
5461 5.6390917257006773e-10
5462 6.4405847941222414e-11
5463 3.0910883795574758e-11
5464 4.9649788447469025e-06
5465 3.2405015708240001e-11
5466 3.0392531868689103e-11
5467 2.2995527217430519e-06
5468 3.9288359682783744e-06
5469 6.2328920590006931e-11
5470 5.4143138639222232e-06
5471 3.5088502350593581e-11
5472 4.0799017391975571e-11
5473 3.1557993557331223e-11
5474 9.5634554571903824e-11
5475 1.1599263778509848e-04
5476 4.7911742799602731e-11
5477 2.8003534097193946e-11
5478 8.6956925897012492e-08
5479 3.5026307073714744e-04
5480 8.2338471214448500e-08
5481 5.2121676692461344e-06
5482 1.4995336487457538e-07
5483 3.9383898540805520e-11
5484 3.6786631100201783e-06
5485 3.0033298263868640e-11
5486 3.2062063156462310e-11
5487 3.0055591507454754e-11
5488 1.0918053626315420e-07
5489 8.2545472302747262e-07
5490 4.2633453917513521e-07
5491 8.6226015721896350e-06
5492 8.7377650536945873e-05
5493 2.5387478136740481e-11
5494 3.4187022154613292e-11
5495 3.0220926536988110e-08
5496 3.9938347629361724e-08
5497 1.1319894362639168e-06
5498 3.1407466030438217e-06
5499 2.3988475188261081e-11
5500 3.7112110061096091e-06
5501 4.2130553872985128e-11
5502 1.4111885359869388e-07
5503 1.9710983078577332e-11
5504 3.6771016901840457e-04
5505 7.8143466534090454e-06
5506 3.6194475337684696e-11
5507 4.6210940745899230e-09
5508 2.4598191902198255e-06
5509 1.4265443957433324e-08
5510 2.1399580171234829e-06
5511 4.7375940207394424e-11
5512 4.7958531497189068e-06
5513 4.1118553584499845e-07
5514 8.6901219944465879e-06
5515 4.2455692520433823e-11
5516 2.7235558297519892e-11
5517 2.1593787334712565e-05
5518 3.8049446539166531e-11
5519 3.6745194369428501e-08
5520 1.1340410422351599e-06
5521 6.4896539619014377e-09
5522 3.5437015260912306e-11
5523 6.1732334733468263e-06
5524 1.7478490549875159e-04
5525 1.4630815411059887e-06
5526 1.3087876520478320e-05
5527 5.6939639557521160e-06
5528 6.7635614238950774e-08
5529 2.5630299923785208e-11
5530 2.0774256142880513e-10
5531 1.6406546615273439e-09
5532 1.6176164929782109e-07
5533 6.0206142395227492e-11
5534 2.1984276663173847e-07
5535 9.8658528294067263e-07
5536 1.0014810364629860e-07
5537 7.3377776651827427e-11
5538 8.5780004656517704e-07
5539 3.3230654822155110e-11
5540 1.8895083043893322e-07
5541 8.9725677052650082e-06
5542 6.4839176347538372e-05
5543 2.2805024769710281e-11
5544 9.2775136371662831e-07
5545 1.4457745571576707e-05
5546 1.8771626457263192e-06
5547 4.6927283737470523e-07
5548 4.0018046295762434e-06
5549 1.3747647625100610e-06
5550 4.1216558311140295e-11
5551 2.1584274930064934e-06
5552 5.1103026882756697e-05
5553 8.5593476965079969e-08
5554 3.0481468349511739e-06
5555 2.4146749405403573e-03
5556 6.4010640647761504e-06
5557 6.6323140067005274e-11
5558 2.8933480237943191e-08
5559 4.9824522781965919e-08
5560 6.6662426497706499e-06
5561 1.3908757785459601e-06
5562 4.2374951376022228e-06
5563 2.1210277429939537e-09
5564 3.7872623581706106e-07
5565 2.2331605616115921e-06
5566 1.6056780683970266e-05
